﻿--
-- Script was generated by Devart dbForge Studio for MySQL, Version 8.0.40.0
-- Product Home Page: http://www.devart.com/dbforge/mysql/studio
-- Script date 29/01/2019 17:08:19
-- Target server version: 5.5.5-10.1.30-MariaDB
-- Target connection string: User Id=root;Host=localhost;Character Set=utf8
--



SET NAMES 'utf8';
USE practica10;
--
-- Delete data from the table 'listareserva'
--
TRUNCATE TABLE listareserva;
--
-- Delete data from the table 'reserva'
--
DELETE FROM reserva;
--
-- Delete data from the table 'coche'
--
DELETE FROM coche;
--
-- Delete data from the table 'garage'
--
DELETE FROM garage;
--
-- Delete data from the table 'cliente'
--
DELETE FROM cliente;
--
-- Delete data from the table 'agencia'
--
DELETE FROM agencia;

--
-- Inserting data into table agencia
--
INSERT INTO agencia(codigo, nombre) VALUES
(1, 'Sales'),
(2, 'Finance'),
(3, 'Research and Development'),
(4, 'Finance'),
(5, 'Manufacturing'),
(6, 'Research and Development'),
(7, 'Human Resources'),
(8, 'Customer Support'),
(9, 'Sales'),
(10, 'Sales');

--
-- Inserting data into table cliente
--
INSERT INTO cliente(codigo, nif, nombre, direccion, ciudad, telefono) VALUES
(1, '946-3857', 'Filiberta Block', 'Erhardtstraße 98, 74718, ', 'Middlesbrough', '33170-78092'),
(2, '900-2418', 'Aleyah  Angst', 'Rupertigaustraße 171, 310', 'Southampton', '73742-49126'),
(3, '433-0446', 'Haike Schwarzmann', 'Emanuelstraße 1, 92578, F', 'Oxford', '19073-99558'),
(4, '703-1427', 'Kathrina Baumann', 'Herzogstraße 5, 98530, Ka', 'Swindon', '58069-06728'),
(5, '343-6827', 'Mercina Honigmann', 'Herrnstraße 23, 96043, Le', 'Milton Keynes', '02141-22551'),
(6, '553-3709', 'Cery Treviranus', 'Augsburgerstraße 12-16, 9', 'Southend-on-Sea', '39495-87153'),
(7, '461-8534', 'Zerres Wohlzogen', 'Nockherstraße 11-15, 0114', 'West Bromwich', '14414-94184'),
(8, '473-8949', 'Odovacar Grasse', 'Unertlstraße 4, 66809, Si', 'Blackburn', '61787-42637'),
(9, '771-7952', 'Börries chulmann', 'Zündappbogen 90, 29371, I', 'Peterborough', '94820-96182'),
(10, '087-1498', 'Ferdinande Homeyer', 'Goetheplatz 7b, 67763, Ah', 'Cambridge', '14252-16045'),
(11, '034-2943', 'Gutta Makensen', 'Zenettistraße 8, 49291, L', 'Ipswich', '34621-84258'),
(12, '611-3893', 'Borchard Buchholz', 'Adi-Maislinger-Straße 2, ', 'Blackpool', '22148-42285'),
(13, '604-5008', 'Thoran Krüger', 'Versailler Straße 92, 233', 'Manchester', '61704-99895'),
(14, '434-4989', 'Zilly Heckler', NULL, 'Newcastle upon Tyne', '38388-07107'),
(15, '443-6522', 'Gelia Abich', 'Fendstraße 1, 98115, aura', 'Walsall', '02832-98572'),
(16, '125-6911', 'Helgunda Lungershausen', 'Altenhofstraße 1b, 66055,', 'Plymouth', '31576-76671'),
(17, '371-3166', 'Galatea Felder', 'Adamstraße 9, 68780, Hels', 'Wolverhampton', '43709-64913'),
(18, '610-7966', 'Eligius Timroth', 'Lamontstraße 5, 19672, Tr', 'Kingston upon Hull', '13132-38907'),
(19, '002-1546', 'Thede Lungershausen', 'Max-Friedlaender-Bogen 9,', 'Northampton', '53925-48191'),
(20, '933-6521', 'Marlyse Angst', 'Aßlinger Straße 10, 61662', 'Telford', '38403-76408'),
(21, '481-2489', 'Baldur  Kleiber', 'Grafinger Straße 2, 46169', 'Colchester', NULL),
(22, '280-4400', 'Friedlinde Bauer', 'Adams-Lehmann-Straße 13f,', 'Bolton', '07964-02187'),
(23, '545-3945', 'Pares Lipsius', 'Pirkheimerstraße 2d, 1433', 'Coventry', '06971-94717'),
(24, '434-8855', 'Hugobald John', 'Heiterwanger Straße 6, 54', 'St Helens', '27454-02082'),
(25, '653-4399', 'Diemo otmann', 'Jensenstraße 2, 02072, Kl', 'Dudley', '71364-39974'),
(26, '034-4371', 'Charitas Baur', 'Adelheidstraße 3e, 31092,', 'Poole', '93417-33449'),
(27, '250-5912', 'Neidhard Schwabe', 'Adlzreiterstraße 1d, 3419', 'Norwich', '67216-07443'),
(28, '055-6330', 'Luitwin odersohn', 'Felix-Fechenbach-Bogen 24', 'Watford', '35915-91051'),
(29, '812-5446', 'Euphrosine Klenze', 'Ampfingstraße 1c, 64186, ', 'Reading', '72201-86373'),
(30, '825-2597', 'Gotfrit Krenz', 'Pappenheimstraße 1, 21612', 'Bournemouth', '53767-17915'),
(31, '048-4479', 'Lenea Lenz', 'Adams-Lehmann-Straße 186a', 'Portsmouth', '32195-02672'),
(32, '566-4391', 'Gonzales stermann', 'Osserstraße 22c, 91648, S', 'Nottingham', '21477-51332'),
(33, '387-9991', 'Castiel Klug', 'Andréestraße 21-26, 67108', 'Preston', '66610-07417'),
(34, '980-4025', 'Widorna artorius', NULL, 'Crawley', '39170-73088'),
(35, '789-8379', 'Ellowhin Zöller', 'Kufsteiner Platz 2, 95570', 'Stockport', '47186-36575'),
(36, '328-9051', 'Veronika Heitsch', 'Plinganserstraße 9b, 3509', 'Bradford', '39128-13576'),
(37, '409-4312', 'Magnusson Buchloh', 'Türkenstraße 6, 63644, üt', 'Rotherham', '21097-73609'),
(38, '252-1427', 'Conni Assmann', 'Alfonsstraße 19, 96120, T', 'Stoke-on-Trent', '47334-37142'),
(39, '092-1269', 'Aurion  Brockhaus', 'Habsburgerplatz 1, 57217,', 'York', '46171-57639'),
(40, '680-8098', 'Minza Katzmann', 'Sammtstraße 2, 45352, Duc', 'Oldham', '87251-07126'),
(41, '974-1688', 'Bernger Mielke', 'Wolfgangstraße 11c, 99694', 'Derby', '26756-99861'),
(42, '846-9229', 'Elwine bermann', 'Rochusberg 24-27, 23605, ', 'Leeds', '44857-35082'),
(43, '706-3153', 'Zazou Forster', 'Riedlstraße 1e, 75814, We', 'Brighton', '85140-64742'),
(44, '337-9508', 'Friedensreich Baumann', 'Karlsplatz 13, 35138, Ake', 'Sheffield', NULL),
(45, '547-3273', 'Odilie ailer', 'Elvirastraße 4, 75265, De', 'Birmingham', '68835-36612'),
(46, '264-8267', 'Xanthos Kopp', 'Führichstraße 9f, 35556, ', 'Eastbourne', '86827-16003'),
(47, '355-2923', 'Eckhard bermann', 'Sankt-Bonifatius-Straße 1', 'Leicester', '63826-59696'),
(48, '062-2801', 'Ska Marschner', 'Mannlichstraße 1e, 99905,', 'Exeter', '14076-35719'),
(49, '989-8707', 'Ablona  Hoyer', 'Gohrenstraße 17c, 32368, ', 'Liverpool', NULL),
(50, '126-1372', 'Wolfram Abicht', 'Rupprechtstraße 2, 43966,', 'Sunderland', '24616-83538'),
(51, '647-7496', 'Abeline  Mehring', 'Zaubzerstraße 70, 04321, ', 'Gloucester', '52628-09951'),
(52, '502-8401', 'Diebald Tischler', 'Marschallstraße 6f, 93041', 'Slough', '74789-29841'),
(53, '588-1045', 'Johann Anger', 'Orffstraße 1, 44974, Wüst', 'Bristol', '93435-24253'),
(54, '288-8279', 'Etta Stackelberg', 'Theresienhöhe 18, 23459, ', 'Sutton Coldfield', NULL),
(55, '878-7878', 'Balte  chefer', NULL, 'London', '79021-63900'),
(56, '699-1975', 'Sendrik oser', 'Braganzastraße 6, 28999, ', 'Huddersfield', '35103-46178'),
(57, '709-5281', 'Merula Menzel', 'Asamstraße 16a, 28655, Be', 'Luton', '26560-72826'),
(58, '460-8977', 'Tanaja Lengefeld', 'Konrad-Peutinger-Straße 1', 'Ipswich', '78835-65846'),
(59, '770-8015', 'Hugbert Kolbe', 'Adalbertstraße 3, 93111, ', 'Blackburn', '33546-27968'),
(60, '076-9719', 'Berendina Mielke', 'Orlandostraße 1d, 95542, ', 'Cambridge', '92076-55697'),
(61, '263-1746', 'Adlin  Adler', 'Prinz-Ludwig-Straße 2, 23', 'Blackpool', '94585-99305'),
(62, '058-7057', 'Radegunde Abel', 'Zenettiplatz 6, 55315, Be', 'Middlesbrough', '97177-15433'),
(63, '516-9505', 'Abeline  Weber', 'Am Eisbach 1, 32318, Annw', 'Manchester', '85660-98012'),
(64, '561-4372', 'Felian Gruber', 'Brucknerstraße 16, 07217,', 'Oxford', '05336-86305'),
(65, '574-2095', 'Gotelinde otschield', 'Perfallstraße 15, 43336, ', 'Southampton', '55395-51836'),
(66, '663-9701', 'Friedelotte Adler', 'Heßstraße 74, 35447, Amst', 'Milton Keynes', '94563-18371'),
(67, '957-4394', 'Zowie Köler', 'Balanstraße 11d, 68028, H', 'Swindon', '12384-72065'),
(68, '212-5922', 'Radegunde Gardenberg', 'Barnabasstraße 2, 44004, ', 'West Bromwich', '91596-88684'),
(69, '798-8744', 'Devid Feuermann', 'Max-Planck-Straße 2e, 046', 'Colchester', '25124-81464'),
(70, '318-4931', 'Lenette Bartels', 'Fritz-Endres-Straße 25, 6', 'Bolton', '15788-74767'),
(71, '333-2498', 'Bringfred Abich', 'Am Bavariapark 24e, 66918', 'Peterborough', '69678-83756'),
(72, '790-1260', 'Farald ulver', 'Bayerstraße 11-16, 31815,', 'Southend-on-Sea', NULL),
(73, '785-1827', 'Heman Büchner', 'Petersplatz 5, 83637, Alp', 'Newcastle upon Tyne', '83925-99463'),
(74, '886-5938', 'Ferdinande Abert', 'Beethovenstraße 3b, 92135', 'Coventry', '06752-99754'),
(75, '689-2387', 'Silko Sprenger', 'Johann-Schmaus-Straße 19,', 'Bournemouth', '59220-83226'),
(76, '678-6717', 'Dietwald Assmann', 'Funkerstraße 7, 12561, Se', 'Kingston upon Hull', '08888-13721'),
(77, '864-0287', 'Josine Hochstetter', NULL, 'Plymouth', '23438-13437'),
(78, '036-2667', 'Alraune Hornberger', 'Jensenstraße 13-19, 36838', 'Walsall', '57995-95678'),
(79, '658-6156', 'Annalies Franke', 'Lilienstraße 1, 37781, Ab', 'Crawley', '35074-38512'),
(80, '074-5355', 'Armella Siegel', 'Etschweg 24-28, 58801, Ba', 'Bradford', '75532-65216'),
(81, '562-9819', 'Catena Hesse', 'Habsburgerplatz 25, 22299', 'Derby', '64631-67880'),
(82, '791-0368', 'Ablona  ritzel', 'Agnesstraße 19f, 11497, B', 'Dudley', '43873-12480'),
(83, '370-4115', 'Eligius Lengefeld', 'Weiglstraße 2, 94579, Agl', 'Telford', '49590-63505'),
(84, '498-8995', 'Alexandrina  Kalkbrenner', NULL, 'Northampton', '83422-97616'),
(85, '299-2571', 'Svenson Kleiner', 'Soldnerweg 1, 72593, Rheu', 'Wolverhampton', '28518-26960'),
(86, '494-1212', 'Perez Heinemann', 'Prinz-Ludwig-Straße 9f, 5', 'St Helens', '85895-04298'),
(87, '018-2497', 'Holle Heinz', 'Baldeplatz 7f, 67044, Pop', 'Brighton', NULL),
(88, '876-0318', 'Bernfried Stackelberg', NULL, 'Poole', '35257-23458'),
(89, '915-5097', 'Lovelyn Klotz', 'Zenettistraße 3, 36487, B', 'Norwich', '94385-88568'),
(90, '087-2380', 'Riko Heitsch', 'Bonner Straße 18d, 24571,', 'Reading', '22380-68330'),
(91, '231-8486', 'Ephräm Berens', 'Fellstraße 9f, 47639, Bes', 'Leeds', '97725-92033'),
(92, '050-9706', 'Dagita Melzer', 'Kolosseumstraße 29, 83163', 'Portsmouth', '76862-07468'),
(93, '186-9212', 'Philina Hochstetter', 'Mariannenstraße 2, 32754,', 'Stockport', '77589-33348'),
(94, '218-5885', 'Ablona  Appel', 'Nußbaumstraße 1e, 42481, ', 'Rotherham', '99347-52585'),
(95, '094-9430', 'Alejna  Dippel', 'Adams-Lehmann-Straße 16a,', 'Eastbourne', '09617-56280'),
(96, '986-2404', 'Merina Bebel', 'Grete-Mosheim-Straße 71d,', 'Nottingham', NULL),
(97, '028-0093', 'Eberhart umpf', NULL, 'Stoke-on-Trent', '31839-81608'),
(98, '212-9279', 'Inola Baumbach', NULL, 'Leicester', NULL),
(99, '384-9185', 'Wignand Gering', NULL, 'Watford', NULL),
(100, '634-1675', 'Jaleena Feigl', NULL, 'Preston', NULL);

--
-- Inserting data into table garage
--
INSERT INTO garage(codigo, nombre, direccion) VALUES
(1, 'Zulma', 'Railway Arch 2'),
(2, 'Anamaria', 'Railway Arch 5'),
(3, 'Ryann', 'Railway Arch 4'),
(4, 'Cassi', 'Unit 4-6, 1st Floor'),
(5, 'Essie', 'Railway Arch 7'),
(6, 'Anastacia', 'Railway Arch 7'),
(7, 'Tenisha', 'Railway Arch 6'),
(8, 'Leslee', 'Railway Arch 55A'),
(9, 'Sabina', 'Railway Arch 4'),
(10, 'Tennie', 'Railway Arch 66C');

--
-- Inserting data into table coche
--
INSERT INTO coche(codigo, matricula, marca, modelo, color, garage, precioAlquiler) VALUES
(1, '48757-pY', 'GrayAsparagus', 'GrayAsparagus', 'plateado', 6, NULL),
(2, '32148-eu', 'ZinnwalditeBrown', 'ZinnwalditeBrown', 'azul', 4, NULL),
(3, '24193-MC', 'WildWatermelon', 'WildWatermelon', 'blanco', 6, NULL),
(4, '12986-HN', 'NapierGreen', 'NapierGreen', 'verde', 3, NULL),
(5, '33741-Md', 'Peach', 'Peach', 'plateado', 8, NULL),
(6, '45240-pf', 'LightGreen', 'LightGreen', 'blanco', 5, NULL),
(7, '28718-In', 'Glaucous', 'Glaucous', 'rojo', 3, NULL),
(8, '09265-Gk', 'DeepCoffee', 'DeepCoffee', 'azul', 5, NULL),
(9, '55835-HC', 'NaplesYellow', 'NaplesYellow', 'azul', 6, NULL),
(10, '89433-gu', 'Carnelian', 'Carnelian', 'azul', 2, NULL),
(11, '92724-Pe', 'Sunglow', 'Sunglow', 'plateado', 9, NULL),
(12, '05229-kQ', 'PeachPuff', 'PeachPuff', 'azul', 3, NULL),
(13, '22395-Mu', 'Green', 'Green', 'plateado', 8, NULL),
(14, '12460-lF', 'NavajoWhite', 'NavajoWhite', 'verde', 8, NULL),
(15, '34496-Xw', 'Glitter', 'Glitter', 'azul', 7, NULL),
(16, '01654-LI', 'LightKhaki', 'LightKhaki', 'plateado', 3, NULL),
(17, '77962-Rb', 'WildBlueYonder', 'WildBlueYonder', 'azul', 7, NULL),
(18, '82089-RS', 'BeauBlue', 'BeauBlue', 'plateado', 6, NULL),
(19, '98411-Oi', 'CarolinaBlue', 'CarolinaBlue', 'azul', 2, NULL),
(20, '53921-lR', 'Beaver', 'Beaver', 'rojo', 8, NULL);

--
-- Inserting data into table reserva
--
INSERT INTO reserva(numero, fechaIni, fechaFin, cliente, agencia, precioTotal, devuelta) VALUES
(1, '2013-01-14', '2014-01-13', 33, 4, NULL, 1),
(2, '2013-01-06', '2014-01-18', 18, 9, NULL, 0),
(3, '2013-01-16', NULL, 40, 4, NULL, 1),
(4, '2013-01-02', NULL, 65, 8, NULL, 1),
(5, '2013-01-20', '2014-01-21', 28, 3, NULL, 1),
(6, '2013-01-01', '2014-01-25', 6, 10, NULL, 1),
(7, '2013-01-15', '2014-01-03', 89, 4, NULL, 1),
(8, '2013-01-01', '2014-01-09', 27, 6, NULL, 1),
(9, '2013-01-23', '2014-01-10', 99, 2, NULL, 1),
(10, '2013-01-26', '2014-01-18', 87, 6, NULL, 1),
(11, '2013-01-15', '2014-01-12', 70, 7, NULL, 1),
(12, '2013-01-06', NULL, 3, 6, NULL, 1),
(13, '2013-01-11', '2014-01-19', 57, 8, NULL, 1),
(14, '2013-01-21', '2014-01-06', 88, 9, NULL, 1),
(15, '2013-01-03', '2014-01-14', 91, 5, NULL, 1),
(16, '2013-01-03', '2014-01-14', 13, 3, NULL, 1),
(17, '2013-01-15', '2014-01-09', 65, 10, NULL, 1),
(18, '2013-01-20', '2014-01-15', 74, 4, NULL, 1),
(19, '2013-01-11', '2014-01-21', 28, 2, NULL, 1),
(20, '2013-01-04', '2014-01-09', 18, 3, NULL, 1),
(21, '2013-01-26', '2014-01-04', 56, 5, NULL, 1),
(22, '2013-01-20', '2014-01-05', 16, 4, NULL, 1),
(23, '2013-01-05', '2014-01-22', 81, 1, NULL, 1),
(24, '2013-01-17', '2014-01-10', 70, 1, NULL, 0),
(25, '2013-01-26', '2014-01-09', 79, 7, NULL, 1),
(26, '2013-01-22', '2014-01-28', 47, 3, NULL, 1),
(27, '2013-01-10', NULL, 17, 6, NULL, 0),
(28, '2013-01-19', '2014-01-18', 42, 9, NULL, 1),
(29, '2013-01-29', '2014-01-19', 51, 4, NULL, 1),
(30, '2013-01-17', '2014-01-15', 87, 3, NULL, 1),
(31, '2013-01-13', '2014-01-08', 19, 7, NULL, 1),
(32, '2013-01-24', '2014-01-28', 56, 2, NULL, 1),
(33, '2013-01-07', NULL, 27, 10, NULL, 0),
(34, '2013-01-08', '2014-01-14', 36, 9, NULL, 1),
(35, '2013-01-06', '2014-01-14', 71, 6, NULL, 1),
(36, '2013-01-18', '2014-01-08', 96, 5, NULL, 1),
(37, '2013-01-08', '2014-01-17', 71, 5, NULL, 1),
(38, '2013-01-17', '2014-01-11', 35, 6, NULL, 0),
(39, '2013-01-03', '2014-01-19', 90, 1, NULL, 1),
(40, '2013-01-21', '2014-01-03', 1, 6, NULL, 0),
(41, '2013-01-20', '2014-01-28', 24, 1, NULL, 1),
(42, '2013-01-23', '2014-01-06', 67, 2, NULL, 1),
(43, '2013-01-29', '2014-01-20', 36, 4, NULL, 1),
(44, '2013-01-14', '2014-01-23', 75, 10, NULL, 0),
(45, '2013-01-28', '2014-01-01', 11, 3, NULL, 1),
(46, '2013-01-07', '2014-01-07', 35, 5, NULL, 1),
(47, '2013-01-02', '2014-01-16', 44, 7, NULL, 1),
(48, '2013-01-04', '2014-01-12', 100, 9, NULL, 1),
(49, '2013-01-22', '2014-01-10', 43, 7, NULL, 1),
(50, '2013-01-05', '2014-01-07', 36, 5, NULL, 1),
(51, '2013-01-10', '2014-01-22', 14, 5, NULL, 1),
(52, '2013-01-28', '2014-01-23', 16, 9, NULL, 1),
(53, '2013-01-08', '2014-01-26', 7, 5, NULL, 1),
(54, '2013-01-26', '2014-01-16', 91, 8, NULL, 1),
(55, '2013-01-28', '2014-01-09', 67, 5, NULL, 0),
(56, '2013-01-20', '2014-01-14', 55, 4, NULL, 1),
(57, '2013-01-20', '2014-01-18', 44, 6, NULL, 1),
(58, '2013-01-17', '2014-01-25', 9, 2, NULL, 1),
(59, '2013-01-06', '2014-01-06', 55, 7, NULL, 1),
(60, '2013-01-26', '2014-01-10', 70, 7, NULL, 0),
(61, '2013-01-16', '2014-01-18', 49, 1, NULL, 1),
(62, '2013-01-11', '2014-01-14', 60, 3, NULL, 1),
(63, '2013-01-26', '2014-01-05', 18, 2, NULL, 1),
(64, '2013-01-14', '2014-01-19', 95, 1, NULL, 1),
(65, '2013-01-18', '2014-01-19', 5, 3, NULL, 1),
(66, '2013-01-26', '2014-01-07', 83, 9, NULL, 1),
(67, '2013-01-06', NULL, 47, 10, NULL, 1),
(68, '2013-01-10', '2014-01-06', 30, 7, NULL, 0),
(69, '2013-01-03', '2014-01-11', 29, 5, NULL, 1),
(70, '2013-01-06', '2014-01-22', 54, 7, NULL, 1),
(71, '2013-01-04', '2014-01-27', 64, 8, NULL, 1),
(72, '2013-01-14', '2014-01-06', 34, 6, NULL, 1),
(73, '2013-01-10', '2014-01-12', 60, 1, NULL, 0),
(74, '2013-01-02', '2014-01-10', 92, 2, NULL, 1),
(75, '2013-01-01', '2014-01-10', 84, 5, NULL, 1),
(76, '2013-01-24', '2014-01-10', 35, 3, NULL, 1),
(77, '2013-01-11', '2014-01-24', 88, 9, NULL, 1),
(78, '2013-01-12', '2014-01-17', 82, 3, NULL, 1),
(79, '2013-01-18', '2014-01-09', 26, 9, NULL, 1),
(80, '2013-01-02', '2014-01-06', 75, 7, NULL, 0),
(81, '2013-01-16', '2014-01-12', 27, 8, NULL, 1),
(82, '2013-01-02', '2014-01-07', 57, 10, NULL, 1),
(83, '2013-01-11', '2014-01-04', 52, 8, NULL, 0),
(84, '2013-01-06', NULL, 39, 2, NULL, 1),
(85, '2013-01-04', '2014-01-01', 8, 10, NULL, 1),
(86, '2013-01-24', '2014-01-07', 94, 8, NULL, 1),
(87, '2013-01-27', '2014-01-23', 42, 5, NULL, 1),
(88, '2013-01-27', '2014-01-05', 24, 8, NULL, 1),
(89, '2013-01-07', '2014-01-05', 3, 1, NULL, 1),
(90, '2013-01-05', '2014-01-04', 1, 6, NULL, 1),
(91, '2013-01-28', '2014-01-07', 43, 6, NULL, 1),
(92, '2013-01-03', '2014-01-17', 62, 8, NULL, 0),
(93, '2013-01-16', '2014-01-16', 52, 1, NULL, 1),
(94, '2013-01-04', '2014-01-17', 65, 8, NULL, 1),
(95, '2013-01-12', NULL, 81, 7, NULL, 1),
(96, '2013-01-18', '2014-01-27', 75, 3, NULL, 1),
(97, '2013-01-08', '2014-01-18', 35, 1, NULL, 1),
(98, '2013-01-08', '2014-01-05', 75, 9, NULL, 1),
(99, '2013-01-11', NULL, 57, 5, NULL, 1),
(100, '2013-01-23', NULL, 60, 6, NULL, 1);

--
-- Inserting data into table listareserva
--
INSERT INTO listareserva(reserva, coche, litrosInicio, precioFinal) VALUES
(21, 17, 65, NULL),
(17, 17, 50, NULL),
(3, 1, 83, NULL),
(7, 7, 62, NULL),
(17, 15, 73, NULL),
(24, 20, 57, NULL),
(14, 10, 54, NULL),
(22, 18, 69, NULL),
(15, 11, 79, NULL),
(7, 5, 62, NULL),
(12, 11, 71, NULL),
(4, 2, 55, NULL),
(6, 2, 87, NULL),
(13, 12, 90, NULL),
(3, 2, 81, NULL),
(23, 19, 67, NULL),
(14, 13, 53, NULL),
(15, 12, 75, NULL),
(7, 3, 75, NULL),
(16, 12, 65, NULL),
(18, 16, 66, NULL),
(8, 6, 74, NULL),
(9, 5, 86, NULL),
(18, 18, 80, NULL),
(19, 17, 52, NULL),
(4, 3, 71, NULL),
(15, 14, 72, NULL),
(9, 7, 84, NULL),
(16, 13, 74, NULL),
(8, 4, 72, NULL),
(5, 4, 64, NULL),
(17, 13, 71, NULL),
(8, 8, 79, NULL),
(17, 14, 83, NULL),
(7, 4, 64, NULL),
(20, 18, 81, NULL),
(18, 15, 61, NULL),
(16, 15, 62, NULL),
(6, 5, 61, NULL),
(19, 19, 55, NULL),
(10, 6, 68, NULL),
(18, 14, 54, NULL),
(8, 5, 67, NULL),
(19, 16, 70, NULL),
(9, 9, 69, NULL),
(10, 8, 89, NULL),
(11, 7, 52, NULL),
(19, 15, 53, NULL),
(12, 8, 55, NULL),
(9, 6, 68, NULL),
(20, 16, 57, NULL),
(21, 19, 73, NULL),
(11, 9, 89, NULL),
(20, 20, 53, NULL),
(17, 16, 64, NULL),
(20, 17, 70, NULL),
(7, 6, 50, NULL),
(10, 10, 65, NULL),
(13, 9, 55, NULL),
(10, 7, 74, NULL),
(22, 20, 90, NULL),
(2, 1, 80, NULL),
(12, 10, 88, NULL),
(21, 18, 70, NULL),
(11, 11, 84, NULL),
(1, 1, 76, NULL),
(12, 12, 77, NULL),
(4, 1, 56, NULL),
(11, 8, 79, NULL),
(2, 2, 58, NULL),
(13, 13, 59, NULL),
(18, 17, 53, NULL),
(13, 11, 72, NULL),
(22, 19, 86, NULL),
(5, 2, 59, NULL),
(12, 9, 77, NULL),
(8, 7, 54, NULL),
(23, 20, 59, NULL),
(13, 10, 58, NULL),
(3, 3, 52, NULL),
(19, 18, 76, NULL),
(14, 12, 57, NULL),
(14, 14, 70, NULL),
(5, 1, 82, NULL),
(6, 3, 88, NULL),
(9, 8, 68, NULL),
(14, 11, 82, NULL),
(20, 19, 64, NULL),
(4, 4, 84, NULL),
(15, 15, 69, NULL),
(15, 13, 81, NULL),
(10, 9, 66, NULL),
(5, 3, 87, NULL),
(21, 20, 64, NULL),
(16, 14, 51, NULL),
(5, 5, 75, NULL),
(6, 4, 88, NULL),
(16, 16, 89, NULL),
(6, 6, 56, NULL),
(11, 10, 68, NULL);