﻿--
-- Script was generated by Devart dbForge Studio for MySQL, Version 8.0.40.0
-- Product home page: http://www.devart.com/dbforge/mysql/studio
-- Script date 24/01/2019 17:59:58
-- Server version: 5.5.5-10.1.30-MariaDB
-- Client version: 4.1
--

-- 
-- Disable foreign keys
-- 
/*!40014 SET @OLD_FOREIGN_KEY_CHECKS=@@FOREIGN_KEY_CHECKS, FOREIGN_KEY_CHECKS=0 */;

-- 
-- Set SQL mode
-- 
/*!40101 SET @OLD_SQL_MODE=@@SQL_MODE, SQL_MODE='NO_AUTO_VALUE_ON_ZERO' */;

-- 
-- Set character set the client will use to send SQL statements to the server
--
SET NAMES 'utf8';

--
-- Set default database
--
USE practica6;

--
-- Drop view `consulta1c2`
--
DROP VIEW IF EXISTS consulta1c2 CASCADE;

--
-- Drop view `consulta2c4join`
--
DROP VIEW IF EXISTS consulta2c4join CASCADE;

--
-- Drop view `consulta2c3division`
--
DROP VIEW IF EXISTS consulta2c3division CASCADE;

--
-- Drop view `consulta2c1`
--
DROP VIEW IF EXISTS consulta2c1 CASCADE;

--
-- Drop view `consulta3c3`
--
DROP VIEW IF EXISTS consulta3c3 CASCADE;

--
-- Drop view `consulta3c2`
--
DROP VIEW IF EXISTS consulta3c2 CASCADE;

--
-- Drop view `consulta3c1`
--
DROP VIEW IF EXISTS consulta3c1 CASCADE;

--
-- Drop view `consulta4c2`
--
DROP VIEW IF EXISTS consulta4c2 CASCADE;

--
-- Drop view `consulta5c1`
--
DROP VIEW IF EXISTS consulta5c1 CASCADE;

--
-- Drop table `articulo`
--
DROP TABLE IF EXISTS articulo;

--
-- Drop view `consulta4c1`
--
DROP VIEW IF EXISTS consulta4c1 CASCADE;

--
-- Drop view `consulta5c2`
--
DROP VIEW IF EXISTS consulta5c2 CASCADE;

--
-- Drop table `autor`
--
DROP TABLE IF EXISTS autor;

--
-- Drop table `revista`
--
DROP TABLE IF EXISTS revista;

--
-- Drop view `consulta1c1`
--
DROP VIEW IF EXISTS consulta1c1 CASCADE;

--
-- Drop view `consulta2c2`
--
DROP VIEW IF EXISTS consulta2c2 CASCADE;

--
-- Drop view `consulta4c3`
--
DROP VIEW IF EXISTS consulta4c3 CASCADE;

--
-- Drop table `tema`
--
DROP TABLE IF EXISTS tema;

--
-- Set default database
--
USE practica6;

--
-- Create table `tema`
--
CREATE TABLE tema (
  codTema varchar(255) NOT NULL,
  descripcion varchar(255) DEFAULT NULL,
  PRIMARY KEY (codTema)
)
ENGINE = INNODB,
AVG_ROW_LENGTH = 1638,
CHARACTER SET utf8,
COLLATE utf8_general_ci;

--
-- Create view `consulta4c3`
--
CREATE
DEFINER = 'root'@'localhost'
VIEW consulta4c3
AS
SELECT
  `t`.`codTema` AS `codTema`,
  `t`.`descripcion` AS `descripcion`
FROM `tema` `t`
WHERE (`t`.`descripcion` = 'Ea inventore iure ut quisquam a voluptatem.');

--
-- Create view `consulta2c2`
--
CREATE
DEFINER = 'root'@'localhost'
VIEW consulta2c2
AS
SELECT
  `t`.`codTema` AS `codTema`
FROM `tema` `t`;

--
-- Create view `consulta1c1`
--
CREATE
DEFINER = 'root'@'localhost'
VIEW consulta1c1
AS
SELECT
  `t`.`codTema` AS `codTema`,
  `t`.`descripcion` AS `descripcion`
FROM `tema` `t`
WHERE (`t`.`descripcion` = 'Ea inventore iure ut quisquam a voluptatem.');

--
-- Create table `revista`
--
CREATE TABLE revista (
  referencia varchar(255) NOT NULL,
  tituloRev varchar(255) DEFAULT NULL,
  editorial varchar(255) DEFAULT NULL,
  PRIMARY KEY (referencia)
)
ENGINE = INNODB,
AVG_ROW_LENGTH = 4096,
CHARACTER SET utf8,
COLLATE utf8_general_ci;

--
-- Create table `autor`
--
CREATE TABLE autor (
  dni varchar(255) NOT NULL,
  nombre varchar(255) DEFAULT NULL,
  universidad varchar(255) DEFAULT NULL,
  PRIMARY KEY (dni)
)
ENGINE = INNODB,
AVG_ROW_LENGTH = 1638,
CHARACTER SET utf8,
COLLATE utf8_general_ci;

--
-- Create view `consulta5c2`
--
CREATE
DEFINER = 'root'@'localhost'
VIEW consulta5c2
AS
SELECT
  `a`.`dni` AS `dni`,
  `a`.`nombre` AS `nombre`,
  `a`.`universidad` AS `universidad`
FROM `autor` `a`
WHERE (`a`.`universidad` = 'Politécnica de Madrid');

--
-- Create view `consulta4c1`
--
CREATE
DEFINER = 'root'@'localhost'
VIEW consulta4c1
AS
SELECT
  `a`.`dni` AS `dni`,
  `a`.`nombre` AS `nombre`,
  `a`.`universidad` AS `universidad`
FROM `autor` `a`;

--
-- Create table `articulo`
--
CREATE TABLE articulo (
  referencia varchar(255) NOT NULL,
  dni varchar(255) NOT NULL,
  codTema varchar(255) NOT NULL,
  tituloArt varchar(255) DEFAULT NULL,
  año int(11) DEFAULT NULL,
  volumen varchar(255) DEFAULT NULL,
  numero varchar(255) DEFAULT NULL,
  paginas int(11) DEFAULT NULL,
  PRIMARY KEY (referencia, dni, codTema)
)
ENGINE = INNODB,
AVG_ROW_LENGTH = 16384,
CHARACTER SET utf8,
COLLATE utf8_general_ci;

--
-- Create foreign key
--
ALTER TABLE articulo
ADD CONSTRAINT FK_articulo_codTema FOREIGN KEY (codTema)
REFERENCES tema (codTema) ON DELETE CASCADE ON UPDATE CASCADE;

--
-- Create foreign key
--
ALTER TABLE articulo
ADD CONSTRAINT FK_articulo_dni FOREIGN KEY (dni)
REFERENCES autor (dni) ON DELETE CASCADE ON UPDATE CASCADE;

--
-- Create foreign key
--
ALTER TABLE articulo
ADD CONSTRAINT FK_articulo_referencia FOREIGN KEY (referencia)
REFERENCES revista (referencia) ON DELETE CASCADE ON UPDATE CASCADE;

--
-- Create view `consulta5c1`
--
CREATE
DEFINER = 'root'@'localhost'
VIEW consulta5c1
AS
SELECT
  `a`.`referencia` AS `referencia`,
  `a`.`dni` AS `dni`,
  `a`.`codTema` AS `codTema`,
  `a`.`tituloArt` AS `tituloArt`,
  `a`.`año` AS `año`,
  `a`.`volumen` AS `volumen`,
  `a`.`numero` AS `numero`,
  `a`.`paginas` AS `paginas`
FROM `articulo` `a`
WHERE (`a`.`año` = 1993);

--
-- Create view `consulta4c2`
--
CREATE
DEFINER = 'root'@'localhost'
VIEW consulta4c2
AS
SELECT
  `a`.`dni` AS `dni`
FROM `articulo` `a`
WHERE (`a`.`año` = 1991);

--
-- Create view `consulta3c1`
--
CREATE
DEFINER = 'root'@'localhost'
VIEW consulta3c1
AS
SELECT
  `a`.`referencia` AS `referencia`,
  `a`.`dni` AS `dni`,
  `a`.`codTema` AS `codTema`,
  `a`.`tituloArt` AS `tituloArt`,
  `a`.`año` AS `año`,
  `a`.`volumen` AS `volumen`,
  `a`.`numero` AS `numero`,
  `a`.`paginas` AS `paginas`
FROM `articulo` `a`;

--
-- Create view `consulta3c2`
--
CREATE
DEFINER = 'root'@'localhost'
VIEW consulta3c2
AS
SELECT
  `t`.`codTema` AS `codTema`,
  `t`.`descripcion` AS `descripcion`,
  `consulta3c1`.`referencia` AS `referencia`,
  `consulta3c1`.`dni` AS `dni`,
  `consulta3c1`.`tituloArt` AS `tituloArt`,
  `consulta3c1`.`año` AS `año`,
  `consulta3c1`.`volumen` AS `volumen`,
  `consulta3c1`.`numero` AS `numero`,
  `consulta3c1`.`paginas` AS `paginas`
FROM (`tema` `t`
  JOIN `consulta3c1`
    ON ((`t`.`codTema` = `consulta3c1`.`codTema`)))
WHERE (`t`.`descripcion` <> 'Ea inventore iure ut quisquam a voluptatem.');

--
-- Create view `consulta3c3`
--
CREATE
DEFINER = 'root'@'localhost'
VIEW consulta3c3
AS
SELECT
  `r`.`referencia` AS `referencia`
FROM (`revista` `r`
  LEFT JOIN `consulta3c2` `c2`
    ON ((`r`.`referencia` = `c2`.`referencia`)));

--
-- Create view `consulta2c1`
--
CREATE
DEFINER = 'root'@'localhost'
VIEW consulta2c1
AS
SELECT
  `a`.`referencia` AS `referencia`,
  `a`.`codTema` AS `codTema`
FROM `articulo` `a`;

--
-- Create view `consulta2c3division`
--
CREATE
DEFINER = 'root'@'localhost'
VIEW consulta2c3division
AS
SELECT DISTINCT
  `c1`.`referencia` AS `referencia`
FROM `consulta2c1` `c1`
WHERE (NOT (`c1`.`codTema` IN (SELECT
    `c2`.`codTema`
  FROM `consulta2c2` `c2`)));

--
-- Create view `consulta2c4join`
--
CREATE
DEFINER = 'root'@'localhost'
VIEW consulta2c4join
AS
SELECT
  `r`.`tituloRev` AS `tituloRev`,
  `r`.`referencia` AS `referencia`
FROM (`revista` `r`
  JOIN `consulta2c3division` `d`
    ON ((`r`.`referencia` = `d`.`referencia`)));

--
-- Create view `consulta1c2`
--
CREATE
DEFINER = 'root'@'localhost'
VIEW consulta1c2
AS
SELECT
  `a`.`referencia` AS `referencia`,
  `a`.`dni` AS `dni`,
  `a`.`codTema` AS `codTema`,
  `a`.`tituloArt` AS `tituloArt`,
  `a`.`año` AS `año`,
  `a`.`volumen` AS `volumen`,
  `a`.`numero` AS `numero`,
  `a`.`paginas` AS `paginas`
FROM `articulo` `a`
WHERE (`a`.`año` > 1990);

-- 
-- Dumping data for table tema
--
INSERT INTO tema VALUES
('Accessories', 'Nisi debitis asperiores. Est id mollitia. Eum sit voluptate! Repellendus autem maxime? Error et non. Error non labore. Nisi at reiciendis.'),
('Audible', 'Ut sit reprehenderit. Et ducimus fugit! Ea sed eveniet. Error molestiae dolores! Natus iste assumenda. Voluptas iure dicta; iure debitis dicta. Et animi.'),
('Automotive', 'Necessitatibus illo libero. Rerum saepe veritatis. Qui quia voluptatum. Atque omnis qui. Error magni perspiciatis. Ullam ipsam quod! Et aut sit.'),
('Baby', 'Eaque vitae sed. Perspiciatis laboriosam rerum. Quis iste nostrum. Velit quos dolores. Ullam corporis blanditiis. Amet quos nulla. Suscipit porro cumque;'),
('Beauty', 'Sint aut quae voluptas obcaecati enim. Totam sequi modi. Asperiores aliquid saepe! Veritatis excepturi perferendis. Voluptates facilis omnis; laudantium eos.'),
('Books', 'Eaque aut sit. Quisquam nesciunt perspiciatis. Aut earum voluptatem. Cum quis earum! Aut eius in. Consequuntur eaque alias! Illo qui natus; animi at nostrum.'),
('Clothing', 'Minima earum veritatis quis vel; doloremque sed omnis suscipit facere velit. Esse perspiciatis nihil quidem iure beatae iusto!'),
('Computers', 'Impedit voluptatem omnis. Quod ut adipisci soluta assumenda; est sint est amet. Nisi harum vel! Enim et error. Non fuga eum!'),
('Crafts', 'Recusandae a vero. Odio nulla eligendi. Perspiciatis quo optio! Omnis in eveniet. Unde iure ea. Deleniti adipisci tempore. Libero omnis ad. Voluptates rerum.'),
('Electronics', 'Nemo similique sed. Voluptatibus fugit quia! Quod tempore error. Magnam et rem! Repellendus architecto sed. Reprehenderit et ut? Vel voluptas facere!'),
('Food', 'Unde ut error qui. Pariatur reiciendis quis quod! Iste qui est omnis impedit omnis. Sit aspernatur sint. Animi excepturi quibusdam.'),
('Furniture', 'Voluptatibus provident ut nulla qui cupiditate sunt.'),
('Games', 'Qui ipsa quasi quia saepe in a...'),
('Garden', 'Aperiam neque aut. Voluptate fuga culpa; exercitationem cum quaerat. Natus excepturi est. Exercitationem cum qui! Atque vitae qui. Minus sapiente laudantium!'),
('Gifts', 'Quos repellat corporis saepe et est sed. Est qui natus magni ad expedita repellendus!'),
('Health', 'Voluptatum aliquam tenetur voluptatem ullam aliquid et.'),
('Home', 'Labore ipsum dolorem. Velit itaque mollitia. Cumque dolor dolore! Perspiciatis animi odio. Vel impedit molestiae. Veniam vitae dolorum. Molestias et;'),
('Jewelry', 'Magni qui voluptatem. Et perspiciatis error sed error voluptate sed. Quaerat autem incidunt! Necessitatibus vero ducimus. Qui voluptatem aspernatur. Repellat...'),
('Movies', 'Ea inventore iure ut quisquam a voluptatem.'),
('Music', 'Tempora est rerum. Totam labore vel. Perspiciatis placeat exercitationem; reprehenderit et cum. Dolorem quis qui. Omnis tempore voluptatem? Ducimus rem hic.'),
('Office', 'Sequi accusantium laboriosam odio accusantium. Ullam eum aut. Nemo aspernatur et natus! Odit facilis odit id laboriosam eaque est.'),
('Outdoors', 'Voluptatem alias atque. Debitis et praesentium. Quos quasi et. Est ea sed! Unde quibusdam qui. Nisi et facere. Enim iste perspiciatis.'),
('Patio', 'Et sunt sequi rerum quia facilis autem. Soluta molestiae nostrum? Consequatur molestias fugiat quia sunt aut! Enim sit veniam iste natus.'),
('Pets', 'Et est totam harum placeat; ipsum non enim perspiciatis suscipit. Dolore consequatur iusto ratione aut suscipit. Omnis provident ut? Repellendus dolores quos.'),
('Pharmacy', 'Harum enim provident assumenda eos deleniti perspiciatis. Dolorem repellat sequi in omnis at officiis!'),
('Shoes', 'Est sit et. Natus reprehenderit quia; sit magnam quis. Quam minima sint. Voluptatem repellendus eaque. Necessitatibus omnis magni. Dolore perspiciatis.'),
('Sports', 'Laboriosam officiis incidunt. Sit nesciunt ipsum? Sapiente officia pariatur. Sit qui quibusdam? Quod tempora illum. Dolore perspiciatis voluptatum! Soluta.'),
('Tools', 'Nesciunt quae suscipit ratione consectetur error omnis.'),
('Toys', 'Maiores exercitationem error unde. Ipsam sed deleniti; voluptas ab iste quam suscipit. Consequatur animi et facere et animi. Ut sit rerum!');

-- 
-- Dumping data for table revista
--
INSERT INTO revista VALUES
('B0006XC6T4', 'Tetinator', 'Readholder'),
('B0008VRG4X', 'Mictinry', 'Readplottgaor'),
('B000C1O6P9', 'Teceiveder', 'Monceivletphone'),
('B000QD7V3W', 'Retopor', 'Supputlet'),
('B000RQMY20', 'Tweettectator', 'Cabtellepon'),
('B000WK2TCT', 'Bitopentor', 'Readniry'),
('B000Y4QF3E', 'Cabpickra', 'Cartcordimer'),
('B0010N6745', 'Playholdridge', 'Comcorder'),
('B00166CTUM', 'Transplottra', 'Monotectphone'),
('B0018D046A', 'Recordra', 'Compickscope'),
('B0018Z4J1J', 'Chartinerator', 'Printlifiexentor'),
('B001M37043', 'Tweetlifion', 'Subwoofer'),
('B002636576', 'Monocyclplra', 'Bitaonridge'),
('B003690BDF', 'Speakbandra', 'Tweetmutedger'),
('B003L1E48O', 'Tweetcyclridge', 'Readcessscope'),
('B003LW9BJ3', 'Continon', 'Subleedgscope'),
('B003S79ONX', 'Moncessfier', 'Armcycler'),
('B003VI231J', 'Computefar', 'Cleancordphone'),
('B004F9MS39', 'Stereolery', 'Montectinon'),
('B004M3OM3W', 'Tabholduplet', 'Tabtaexra'),
('B004O8AV84', 'Tabculewer', 'Readmutscope'),
('B004RXU8DU', 'Commutuper', 'Armtaon'),
('B004VB2MGP', 'Miclictor', 'Tabmutgaator'),
('B0056982Q8', 'Conwoofor', 'Stereocessicor'),
('B0057H42O7', 'Tweetniar', 'Concyclonra'),
('B005P911XY', 'Cabtellor', 'Micholdlet'),
('B00695QG06', 'Monwoofer', 'Concessonlet'),
('B006G641S4', 'Speakleefer', 'Cartcordupor'),
('B006H8196R', 'Monocessator', 'Submuteder'),
('B006VT9PN2', 'Stereocessonentor', 'Speakceivaqury'),
('B007G38663', 'Comholdra', 'Transtopfier'),
('B007IDQ876', 'Readtascope', 'Subtaon'),
('B007IZZ4U2', 'Tabputridge', 'Cartlifier'),
('B007M36174', 'Tweetculaquridge', 'Relictentor'),
('B007PGXWA7', 'Protectuplet', 'Tabtineder'),
('B008LBYITC', 'Protoper', 'Monoplotter'),
('B008X4ZLCY', 'Speakholdedgor', 'Tabtinentor'),
('B008ZOD232', 'Anwoofgaator', 'Playtary'),
('B00940183H', 'Proculadentor', 'Stereoplotton'),
('B009698482', 'Protopator', 'Armtopommer'),
('B0098D201E', 'Miclictpler', 'Concyclicon'),
('B009CY1LQD', 'Bitinlet', 'Carttoper'),
('B00A107UEG', 'Monocordphone', 'Armwoofadscope'),
('B00A1STATT', 'Ampcessupscope', 'Stereocyclanra'),
('B00C15HI35', 'Cabmuton', 'Transculer'),
('B00CBY6K3P', 'Ampbandinscope', 'Tebandleter'),
('B00D59VVSR', 'Anjectonlet', 'Bicessentor'),
('B00DU9951K', 'Rewoofscope', 'Connior'),
('B00DU9EGPW', 'Transjector', 'Stereotopollar'),
('B00E32485X', 'Speaktinator', 'Tweetbandridge'),
('B00E3V54EB', 'Speakceivar', 'Tabtinon'),
('B00E4JJIG7', 'Anculopphone', 'Micpickentor'),
('B00EY57EB4', 'Speakbandexphone', 'Miclifiadar'),
('B00FCZ4M17', 'Retopepator', 'Armmuton'),
('B00FV891RF', 'Stereoculefator', 'Ampcyclentor'),
('B00G19299O', 'Charplottlet', 'Tabfindra'),
('B00I01B577', 'Stereolictridge', 'Biholdadator'),
('B00I5G9V4V', 'Retoplet', 'Cartjecterra'),
('B00I8B8U2N', 'Monolifiadscope', 'Biholdentor'),
('B00IG8FS7A', 'Monoculer', 'Speakculerentor'),
('B00INZ1E05', 'Micbandar', 'Comtalet'),
('B00J007LJS', 'Bilififilet', 'Tabbandry'),
('B00J2TZ7Z0', 'Readcordaquor', 'Tabmuter'),
('B00JB90J92', 'Moncordedgra', 'Cablephone'),
('B00KC5IU7X', 'Amppickommra', 'Sublictor'),
('B00KV8V4KX', 'Armholder', 'Transceivedor'),
('B00L2B83ZF', 'Micceivollar', 'Tabholdiner'),
('B00LEHVSZD', 'Transcorder', 'Printlictfion'),
('B00LP2805R', 'Speakceivphone', 'Playtaer'),
('B00MEV2Z4O', 'Cleancessentor', 'Cleantinommer'),
('B00MQDTTB5', 'Armtaommer', 'Supceivedscope'),
('B00MTD365B', 'Readlictar', 'Tetinedger'),
('B00NR6BY9A', 'Readholdscope', 'Charlififiar'),
('B00OUKRX9N', 'Bicyclerator', 'Comcessscope'),
('B00P8K5A7Z', 'Reholdor', 'Playplotticor'),
('B00QMNO11T', 'Comtopgaer', 'Speaktinicor'),
('B00QNQ9Y8Z', 'Cleanniletscope', 'Antopridge'),
('B00QO474ID', 'Rebandedar', 'Supwoofor'),
('B00QT669RD', 'Carttingascope', 'Retopar'),
('B00QY55Y8S', 'Speakculphone', 'Conceivra'),
('B00R4CGFOT', 'Comfindator', 'Cartfindfiscope'),
('B00RK8M7RV', 'Monlelet', 'Rejectscope'),
('B00RS2GH77', 'Transjectscope', 'Tetopplor'),
('B00S246E59', 'Comcyclra', 'Reputadridge'),
('B00S9G03WM', 'Relifira', 'Cleancyclentor'),
('B00SR26273', 'Tecycler', 'Tabcordlet'),
('B00UJ8PI7V', 'Printlictimry', 'Antinader'),
('B00UQ254HH', 'Printlictlet', 'Ampcordplon'),
('B00UT8A8A1', 'Tweetcordicry', 'Subwoofor'),
('B00V1Z9D3B', 'Stereotectaquor', 'Charceivridge'),
('B00V407Y86', 'Playcordor', 'Amppickra'),
('B00V72U403', 'Tabtectedger', 'Refindra'),
('B00W436S21', 'Tweetfindor', 'Tabtectgara'),
('B00W48Z633', 'Tabcyclgaar', 'Readcordgaor'),
('B00W7D9ATE', 'Recordplscope', 'Miclifira'),
('B00W8592PY', 'Tweetholdplphone', 'Complottopor'),
('B00XUCTO97', 'Speakfindfiator', 'Tecordor'),
('B00Z06EMK2', 'Stereotellentor', 'Antininor'),
('B00ZF4SXBQ', 'Stereoholdepphone', 'Ampcessefer'),
('B00ZZKY1NZ', 'Playtinplry', 'Transcorder');

-- 
-- Dumping data for table autor
--
INSERT INTO autor VALUES
('8910002122434401343', 'Cesar Abel', 'F743L9M.INI'),
('8922001430244030233', 'Hellwig Langhof', 'C6W.INI'),
('8922002202011113134', 'Maralen Kleiber', 'A6U40.BAT'),
('8922003212344231023', 'Innozentia Lange', 'F2G.BAK'),
('8923301030214021016', 'Gunthard Abicht', 'X94DY.TXT'),
('8923302234103114215', 'Dorothee Jensen', 'NK7U.EXE'),
('8926502331111204411', 'Caruso Hager', 'D43F4.SYS'),
('8926701401031334346', 'Aurion  Högl', 'B9343U6.EXE'),
('8926702230432003421', 'Jan-Luca Lavater', 'KF90HI.COM'),
('8932001321444344316', 'Maxerus Ulbricht', 'G7.SYS'),
('8932003421004030105', 'Thede otmann', 'Politécnica de Madrid'),
('8933001001234023442', 'Frohmut Bebel', 'KXAQH.BAT'),
('8933003013402440044', 'Jolina Metzger', 'JT.INI'),
('8935201143434134414', 'Markolf Appel', 'Politécnica de Madrid'),
('8935201422204233200', 'Farine Kallisen', 'Politécnica de Madrid'),
('8935301444023203242', 'Hoyer Etinger', 'Z3.DOC'),
('8935302243103014026', 'Philomene Krüger', 'U167.DOC'),
('8935401022201234227', 'Celice Krummacher', 'FWM.BAK'),
('8935402134013330028', 'Alfonsina  Etinger', 'PZE.EXE'),
('8935403341104202234', 'Bitja atkuhl', 'F5.INI'),
('8935501241003424407', 'Volmar Bohrmann', 'G2X2HV72.EXE'),
('8935503324334324218', 'Zaphira Grossmann', 'FV0W9WW9.EXE'),
('8935701313432440225', 'Chanina Hörman', 'V0XWB.INI'),
('8935902141421002344', 'Keanaja Anger', 'WMAV35.BAT'),
('8935902431314244328', 'Winfried Dautzenberg', 'T052NW.DBF'),
('8936002122024113323', 'Pius Imhof', 'Politécnica de Madrid'),
('8937001132422212011', 'Salvator Blume', 'VD017.BAK'),
('8937001331412320001', 'Dorabella Baumbach', 'Q302O48.DOC'),
('8937102234130101300', 'Joelle olken', 'X85.DOC'),
('8937102440434312434', 'Georgie Abich', 'R3.INI'),
('8937201222310214246', 'Clemendina chacht', 'AQ4712U.EXE'),
('8937202143332111108', 'Thorald chall', 'HQH9NY83.INI'),
('8938501131411033012', 'Odan Kalkbrenner', 'CILL6.COM'),
('8939001414101303207', 'Clarinda Timroth', 'Politécnica de Madrid'),
('8939002314102012333', 'Annamaria Landsberg', 'FSP3.DBF'),
('8942001002341003118', 'Salomo ichter', 'GR.DBF'),
('8942001402404401221', 'Racine Altmann', 'Politécnica de Madrid'),
('8943001422044114213', 'Evianne Krause', 'L.SYS'),
('8943002214400012421', 'Baldur  Abicht', 'HO.TXT'),
('8945001211204003318', 'Talesia Genkel', 'F0.BAT'),
('8945001422022224223', 'Johs Berens', 'C60T.EXE'),
('8949001041130300444', 'Almut Meyer', 'J96ZPE.COM'),
('8949002034230222308', 'Dupont Winkelhock', 'DU778CB.TXT'),
('8949002224113220046', 'Felissa cheidemann', 'E.BAT'),
('8950101334132031328', 'Charlina alemann', 'Politécnica de Madrid'),
('8950102134323141100', 'Burgmann Brenner', 'Politécnica de Madrid'),
('8950201142032034103', 'Adolfine  Stammer', 'TK.BAT'),
('8953002140144042314', 'Anastina Anger', 'C78.INI'),
('8953002202034243433', 'Bodo Böhm', 'G9.BAK'),
('8954001042022433035', 'Waltram Hagemann', 'X19161I.DOC'),
('8954001111204212243', 'Fawini euenburg', 'G983YX42.DBF'),
('8954002200230013247', 'Gunter oser', 'KF3W.DBF'),
('8956002112214123423', 'Friedhorst Marschner', 'KH517.EXE'),
('8957002220341022331', 'Gunter Weber', 'H.DOC'),
('8959301122022140006', 'Bernhardine Auerbach', 'Z61.DBF'),
('8959302201224034241', 'Braida Kronecker', 'X.INI'),
('8959302203334011421', 'Tahnea Anger', 'TV.BAT'),
('8959302304444413024', 'Bernfried Krummacher', 'G.DOC'),
('8959302314312431110', 'Charlina Hildesheimer', 'Q7.COM'),
('8959302434443101124', 'Darlin Wentzel', 'Politécnica de Madrid'),
('8959302444410211426', 'Abby  Kalm', 'A92L.TXT'),
('8960001203141314445', 'Esthera Langhof', 'K0M.SYS'),
('8960001223130014409', 'Linnart Schwabe', 'IL.INI'),
('8960003132011304015', 'Elfie chulz', 'L064DQ.EXE'),
('8961001114412241105', 'Gerwitt Höfermann', 'O10Y.INI'),
('8961001443300202132', 'Haduwig Ebel', 'DXP7.COM'),
('8962001231104201221', 'Basileo  Silberstein', 'W6N9PIKF.BAK'),
('8962002133124032016', 'Friedeliese Feyerabend', 'W0J.DBF'),
('8967902103242220125', 'Nestor Jens', 'F3MH8DVI.INI'),
('8981001200044013130', 'Magnusson Grünenfelder', 'NBN.TXT'),
('8981002110141233215', 'Menowin Hielscher', 'KD9.BAK'),
('8981002424401031347', 'Tiberius Altmann', 'V.DBF'),
('8982003230220020010', 'Jürg Hager', 'WY93Z834.SYS'),
('8988001021101320247', 'Nemuel Merkel', 'ZE.BAK'),
('8988001420322233242', 'Ladislaus Fischnaller', 'S4E56.BAK'),
('8988003423420021343', 'Berend König', 'KIN.COM'),
('8991001310300320200', 'Falk chacht', 'G9SB3HT.BAT'),
('8991003432040011421', 'Horst bermaier', 'IJ2C6JZ5.TXT'),
('8996101211142333411', 'Bendit Ziebel', 'W6.BAK'),
('8996101404310012231', 'Veith Berger', 'IX7K.COM'),
('8996102243122031038', 'Bendit Assmann', 'PF4.INI'),
('8996102310231211028', 'Meridian Albrecht', 'MZVCA.BAT'),
('8996201134244223036', 'Perez Langmann', 'URD.BAT'),
('8996202403122413127', 'Avera  Grasse', 'UQI53.COM'),
('8996202422322342048', 'Lyézel Klee', 'P7.TXT'),
('8996401030144100400', 'Friedebrecht Kurz', 'F.SYS'),
('8996401112440134145', 'Clovis Falk', 'WJPIRFV8.TXT'),
('8996403134144323044', 'Dankert Freund', 'CLJ3.EXE'),
('8996502201334434000', 'Abeline  Anger', 'Z92N957.SYS'),
('8996503433203003139', 'Friedhold Laufer', 'R1Q7J031.DBF'),
('8997201041434403025', 'Eginhard Zabel', 'TNMH7X6.BAT'),
('8997201113221334221', 'Florestan Keller', 'D6XT.TXT'),
('8997202104113300030', 'Hunbert Blank', 'P9.COM'),
('8997301032242213449', 'Chriselta Maler', 'R3X.BAT'),
('8997303422433423013', 'Berngar Gekkel', 'Z8.BAT'),
('8999502434322324426', 'Otfried Anger', 'PWNJC.SYS'),
('8999502442012111002', 'Kyano Fahrenkrog', 'J05A73G9.BAT'),
('8999503032420102046', 'Skyline chröder', 'C9H85.BAK'),
('8999503400431324305', 'Clodomir Seiler', 'J1GGS.DBF');

-- 
-- Dumping data for table articulo
--
INSERT INTO articulo VALUES
('B0006XC6T4', '8935201422204233200', 'Games', 'DC65NFC', 1991, 'R1TV.DBF', '90345', 523),
('B0006XC6T4', '8943002214400012421', 'Books', 'LS72LNO', 1957, 'P71H.TXT', '54030', 230),
('B0006XC6T4', '8950201142032034103', 'Baby', 'BX10HFK', 1991, 'EOQ79L.BAT', '92422', 406),
('B0006XC6T4', '8996201134244223036', 'Sports', 'SC82DJH', 1947, 'H.TXT', '45948', 243),
('B000QD7V3W', '8999503032420102046', 'Automotive', 'CJ60JPJ', 1939, 'MR5R72.BAT', '20088', 498),
('B000RQMY20', '8935402134013330028', 'Computers', 'LE47YRR', 1962, 'WQS.DOC', '06826', 545),
('B000RQMY20', '8949002224113220046', 'Food', 'DG78BCR', 2020, 'PT.EXE', '63545', 562),
('B000RQMY20', '8959302304444413024', 'Beauty', 'KN35KTL', 1991, 'B0160OVQ.TXT', '20435', 564),
('B000RQMY20', '8996401112440134145', 'Pharmacy', 'AW75SJV', 1997, 'T.BAK', '58852', 319),
('B000WK2TCT', '8935402134013330028', 'Computers', 'LL84JNJ', 1968, 'FU80C94.INI', '25376', 398),
('B000WK2TCT', '8959302304444413024', 'Beauty', 'BY09EME', 1978, 'PU.COM', '56631', 523),
('B000WK2TCT', '8959302444410211426', 'Tools', 'BW22FZF', 1913, 'V6.TXT', '74561', 452),
('B000WK2TCT', '8960001203141314445', 'Office', 'OJ98DDS', 1978, 'D7.DBF', '40568', 358),
('B0010N6745', '8937202143332111108', 'Toys', 'OG74TJU', 1943, 'K2T.DBF', '30090', 198),
('B0010N6745', '8959302444410211426', 'Tools', 'PV58BLV', 1959, 'HZR9CS8.DBF', '42721', 588),
('B0010N6745', '8960001203141314445', 'Office', 'CF56GKO', 1903, 'VIV.DBF', '88184', 590),
('B003690BDF', '8991003432040011421', 'Jewelry', 'BO02MTK', 1986, 'GGF.COM', '87437', 266),
('B003690BDF', '8996102310231211028', 'Furniture', 'OL27ZGA', 1962, 'A2.COM', '54518', 494),
('B003690BDF', '8999503400431324305', 'Shoes', 'AD65JNJ', 2012, 'B90.INI', '68570', 309),
('B003L1E48O', '8935302243103014026', 'Games', 'KM41HLX', 1993, 'QQ.TXT', '51343', 419),
('B003L1E48O', '8939002314102012333', 'Patio', 'MM38JTJ', 1936, 'J.BAK', '71162', 257),
('B003L1E48O', '8950201142032034103', 'Baby', 'AY22RZX', 1998, 'W.COM', '25813', 588),
('B003L1E48O', '8981002424401031347', 'Audible', 'MW91NGA', 1976, 'B85.DBF', '45302', 211),
('B003LW9BJ3', '8956002112214123423', 'Electronics', 'CP42ZRY', 1988, 'HFYI6F0.TXT', '43887', 157),
('B003LW9BJ3', '8960001223130014409', 'Home', 'CR75LUE', 1909, 'SW8YWJ.DOC', '91066', 169),
('B004F9MS39', '8935902141421002344', 'Accessories', 'PJ51BNV', 1932, 'OC.BAT', '86989', 576),
('B004F9MS39', '8937202143332111108', 'Toys', 'HO28LBC', 1989, 'IDW1G.BAT', '96555', 266),
('B004F9MS39', '8959302444410211426', 'Tools', 'CT86JEE', 1901, 'WAM2I.SYS', '23214', 216),
('B004O8AV84', '8935302243103014026', 'Games', 'KN94UZK', 1952, 'KI0U8.SYS', '89303', 184),
('B004O8AV84', '8935403341104202234', 'Clothing', 'BN19JOB', 1957, 'H6.BAT', '17667', 297),
('B004O8AV84', '8939002314102012333', 'Patio', 'OL60MOO', 2003, 'N.COM', '75446', 447),
('B004O8AV84', '8981002424401031347', 'Audible', 'PD45VAJ', 1931, 'T9MQEC7T.SYS', '20921', 404),
('B006G641S4', '8943002214400012421', 'Books', 'AN95JFJ', 1917, 'TNK1V5SP.DBF', '05361', 433),
('B006G641S4', '8950201142032034103', 'Baby', 'ET35XCK', 2002, 'R24CF6J8.DOC', '54609', 427),
('B006G641S4', '8988001420322233242', 'Garden', 'AY98FDT', 1932, 'VYDO82Q.BAK', '34195', 283),
('B006G641S4', '8996201134244223036', 'Sports', 'BD81ZEP', 1998, 'PC8X.TXT', '05933', 321),
('B006H8196R', '8937102234130101300', 'Gifts', 'PC09PJE', 1905, 'PCZF.TXT', '75699', 270),
('B006H8196R', '8999503400431324305', 'Shoes', 'PY94ODG', 1901, 'GZ.DOC', '75541', 235),
('B00A107UEG', '8960001223130014409', 'Home', 'AG23WNG', 1943, 'S09.BAT', '71893', 337),
('B00A107UEG', '8996202422322342048', 'Health', 'LY45AJO', 2006, 'RS3O.DOC', '19425', 193),
('B00A107UEG', '8997301032242213449', 'Music', 'LM39NBX', 1921, 'S0W45.INI', '63501', 245),
('B00A1STATT', '8943002214400012421', 'Books', 'DN44PWM', 1975, 'O1971B3.DBF', '48208', 243),
('B00A1STATT', '8988001420322233242', 'Garden', 'NN71ZTJ', 1926, 'Q7GJP.DBF', '45495', 552),
('B00A1STATT', '8996201134244223036', 'Sports', 'PH24MXW', 1908, 'ZJ98.COM', '71867', 173),
('B00A1STATT', '8999503032420102046', 'Automotive', 'KB18FZK', 1973, 'MV.BAT', '09807', 177),
('B00C15HI35', '8937102234130101300', 'Gifts', 'KP15AFS', 2009, 'U.DOC', '87684', 393),
('B00C15HI35', '8996102310231211028', 'Furniture', 'KC82EXG', 1903, 'MB8.COM', '07607', 456),
('B00C15HI35', '8999503400431324305', 'Shoes', 'MH02PRK', 1946, 'E3.DOC', '57077', 177),
('B00CBY6K3P', '8991003432040011421', 'Jewelry', 'CS46RSO', 2014, 'AH2TC4E9.TXT', '47291', 466),
('B00CBY6K3P', '8996202422322342048', 'Health', 'FL11MOD', 1973, 'N7.BAK', '01752', 422),
('B00CBY6K3P', '8997201113221334221', 'Pets', 'NX60BRL', 1977, 'E942P0A5.TXT', '69732', 192),
('B00DU9EGPW', '8945001422022224223', 'Movies', 'NA21UXD', 1964, 'HH78M6J.TXT', '48243', 280),
('B00DU9EGPW', '8956002112214123423', 'Electronics', 'MW40AUB', 1944, 'SL1TT4.BAT', '42591', 468),
('B00E32485X', '8935902141421002344', 'Accessories', 'LU48DVL', 1957, 'EN0.DOC', '82415', 525),
('B00E32485X', '8945001422022224223', 'Movies', 'KG64LEK', 1932, 'A45.INI', '82506', 173),
('B00FV891RF', '8935403341104202234', 'Clothing', 'MV87YGF', 1960, 'H1K.EXE', '88490', 249),
('B00FV891RF', '8953002140144042314', 'Crafts', 'OR04MDX', 1993, 'JX.COM', '86930', 215),
('B00FV891RF', '8981002424401031347', 'Audible', 'LK72CFL', 1918, 'E1UDH4N6.BAT', '36971', 441),
('B00FV891RF', '8996401112440134145', 'Pharmacy', 'EM18STM', 1957, 'OZX5C1G.SYS', '41034', 475),
('B00J2TZ7Z0', '8935403341104202234', 'Clothing', 'MR97KAU', 2007, 'E6.BAT', '60928', 223),
('B00J2TZ7Z0', '8939002314102012333', 'Patio', 'BD63OYV', 2020, 'Y7NZ6.EXE', '64166', 439),
('B00J2TZ7Z0', '8953002140144042314', 'Crafts', 'KB02PLJ', 1909, 'ZW3.DOC', '43197', 514),
('B00J2TZ7Z0', '8981002424401031347', 'Audible', 'HS28OCG', 1988, 'GV976D.COM', '50590', 487),
('B00JB90J92', '8935302243103014026', 'Games', 'BJ25OHF', 1969, 'ZZUX930.TXT', '50730', 280),
('B00JB90J92', '8939002314102012333', 'Patio', 'EN61RUC', 1966, 'O2969I8.BAK', '80185', 452),
('B00JB90J92', '8950201142032034103', 'Baby', 'EH06URA', 2004, 'XF71MQ.DBF', '04613', 369),
('B00JB90J92', '8996201134244223036', 'Sports', 'ER71BDN', 1970, 'H7.BAT', '26634', 597),
('B00KV8V4KX', '8935902141421002344', 'Accessories', 'DL02HHM', 1924, 'NE2F.DOC', '90287', 506),
('B00KV8V4KX', '8937202143332111108', 'Toys', 'VK55PRJ', 1965, 'Y60.BAT', '30971', 506),
('B00KV8V4KX', '8945001422022224223', 'Movies', 'MX84VUO', 2008, 'TE8CNE.DOC', '54828', 546),
('B00MEV2Z4O', '8996202422322342048', 'Health', 'LD72ZTY', 2018, 'UKJ.TXT', '40595', 312),
('B00MEV2Z4O', '8997201113221334221', 'Pets', 'EL06JWX', 2002, 'PM.DBF', '06712', 187),
('B00MEV2Z4O', '8997301032242213449', 'Music', 'MY24GKM', 1934, 'DJ.INI', '72694', 156),
('B00MQDTTB5', '8956002112214123423', 'Electronics', 'DA22WHE', 1994, 'O001V8.DOC', '01551', 576),
('B00MQDTTB5', '8960001223130014409', 'Home', 'OW94LSF', 1954, 'M6QBEG8.BAT', '13807', 415),
('B00MQDTTB5', '8997301032242213449', 'Music', 'AL71XHZ', 1950, 'HO8G.SYS', '49037', 406),
('B00MTD365B', '8935402134013330028', 'Computers', 'MV70EKA', 1902, 'Z.COM', '92462', 328),
('B00MTD365B', '8949002224113220046', 'Food', 'MW78PDH', 2003, 'V.COM', '73759', 184),
('B00MTD365B', '8959302304444413024', 'Beauty', 'KH62WAS', 2009, 'U29.COM', '37716', 395),
('B00MTD365B', '8960001203141314445', 'Office', 'PP93FVN', 1971, 'UVN.SYS', '09739', 547),
('B00P8K5A7Z', '8935403341104202234', 'Clothing', 'PL97YRT', 1956, 'V4.SYS', '87656', 182),
('B00P8K5A7Z', '8949002224113220046', 'Food', 'PK58MDO', 1997, 'GV.SYS', '93128', 353),
('B00P8K5A7Z', '8953002140144042314', 'Crafts', 'OD53BPH', 1942, 'LM307U87.DOC', '18296', 248),
('B00P8K5A7Z', '8996401112440134145', 'Pharmacy', 'KC35RLF', 2014, 'UR9P7VZ.EXE', '62928', 164),
('B00QT669RD', '8935402134013330028', 'Computers', 'HJ19NXF', 1990, 'V1DO8J24.SYS', '53460', 497),
('B00QT669RD', '8949002224113220046', 'Food', 'CF78BTM', 1915, 'A5.TXT', '13550', 150),
('B00QT669RD', '8953002140144042314', 'Crafts', 'OE37PVO', 1937, 'IX.DBF', '31862', 520),
('B00QT669RD', '8996401112440134145', 'Pharmacy', 'AN27MXX', 2018, 'K2CUMGMH.DOC', '59555', 405),
('B00V1Z9D3B', '8937102234130101300', 'Gifts', 'AL16FDW', 1923, 'Q9.BAK', '27014', 382),
('B00V72U403', '8943002214400012421', 'Books', 'MO19VOF', 1936, 'C92E4.BAT', '10334', 462),
('B00V72U403', '8988001420322233242', 'Garden', 'BM10USZ', 1915, 'AYV.TXT', '68440', 289),
('B00V72U403', '8999503032420102046', 'Automotive', 'KT18JSS', 1955, 'HN3H0E5F.TXT', '70503', 439),
('B00W7D9ATE', '8991003432040011421', 'Jewelry', 'LN43DRU', 1947, 'O09.SYS', '70235', 318),
('B00W7D9ATE', '8996102310231211028', 'Furniture', 'FR82PLV', 1916, 'U5MQM39.SYS', '81191', 151),
('B00W7D9ATE', '8997201113221334221', 'Pets', 'LM58SRM', 1966, 'L1F0CKO.INI', '28477', 402),
('B00ZZKY1NZ', '8988001420322233242', 'Garden', 'BS98AUV', 1946, 'X51.BAK', '76114', 555),
('B00ZZKY1NZ', '8999503032420102046', 'Automotive', 'BO02KRD', 1956, 'L2.DOC', '03354', 411);

-- 
-- Restore previous SQL mode
-- 
/*!40101 SET SQL_MODE=@OLD_SQL_MODE */;

-- 
-- Enable foreign keys
-- 
/*!40014 SET FOREIGN_KEY_CHECKS = @OLD_FOREIGN_KEY_CHECKS */;