﻿-- Script was generated by Devart dbForge Studio for MySQL, Version 6.0.128.0
-- Product home page: http://www.devart.com/dbforge/mysql/studio
-- Script date 04/05/2015 11:30:37
-- Server version: 5.6.16
-- Client version: 4.1

--
-- Definition for database practica9
--
DROP DATABASE IF EXISTS practica9;
CREATE DATABASE IF NOT EXISTS practica9
CHARACTER SET utf8
COLLATE utf8_spanish_ci;

-- 
-- Disable foreign keys
-- 
/*!40014 SET @OLD_FOREIGN_KEY_CHECKS=@@FOREIGN_KEY_CHECKS, FOREIGN_KEY_CHECKS=0 */;

-- 
-- Set character set the client will use to send SQL statements to the server
--
SET NAMES 'utf8';

-- 
-- Set default database
--
USE practica9;

--
-- Definition for table generos
--
CREATE TABLE IF NOT EXISTS generos (
  CodGenero int(10) NOT NULL,
  NomGenero varchar(255),
  PRIMARY KEY (CodGenero)
)
ENGINE = INNODB
AVG_ROW_LENGTH = 1170
CHARACTER SET utf8
COLLATE utf8_spanish_ci;

--
-- Definition for table provincias
--
CREATE TABLE IF NOT EXISTS provincias (
  CodPro varchar(2) NOT NULL,
  NombPro varchar(30),
  PRIMARY KEY (CodPro)
)
ENGINE = INNODB
AVG_ROW_LENGTH = 303
CHARACTER SET utf8
COLLATE utf8_spanish_ci;

--
-- Definition for table vendedores
--
CREATE TABLE IF NOT EXISTS vendedores (
  CodVend int(10) NOT NULL,
  NombVen varchar(255),
  DNI varchar(255),
  DirecVen varchar(255),
  Telefono varchar(255),
  FecAlta datetime,
  Salario double(15, 5),
  Comisión double(7, 2),
  TiempoParcial tinyint(1) NOT NULL,
  PRIMARY KEY (CodVend)
)
ENGINE = INNODB
AVG_ROW_LENGTH = 819
CHARACTER SET utf8
COLLATE utf8_spanish_ci;

--
-- Definition for table localidades
--
CREATE TABLE IF NOT EXISTS localidades (
  CodLoc varchar(5) NOT NULL,
  NombLoc varchar(40),
  CodPro varchar(2),
  PRIMARY KEY (CodLoc),
  INDEX CodPro (CodPro),
  CONSTRAINT FK_localidades_provincias_CodPro FOREIGN KEY (CodPro)
  REFERENCES provincias (CodPro) ON DELETE CASCADE ON UPDATE CASCADE
)
ENGINE = INNODB
AVG_ROW_LENGTH = 157
CHARACTER SET utf8
COLLATE utf8_spanish_ci;

--
-- Definition for table peliculas
--
CREATE TABLE IF NOT EXISTS peliculas (
  CodPelicula int(10) NOT NULL,
  Titulo varchar(255),
  Duración int(10),
  CodGenero int(10),
  Año smallint(5),
  Productora varchar(255),
  Pais varchar(255),
  Precio double(15, 5),
  Director varchar(255),
  PRIMARY KEY (CodPelicula),
  INDEX CodGenero (CodGenero),
  CONSTRAINT FK_peliculas_generos_CodGenero FOREIGN KEY (CodGenero)
  REFERENCES generos (CodGenero) ON DELETE CASCADE ON UPDATE CASCADE
)
ENGINE = INNODB
AVG_ROW_LENGTH = 230
CHARACTER SET utf8
COLLATE utf8_spanish_ci;

--
-- Definition for table clientes
--
CREATE TABLE IF NOT EXISTS clientes (
  CodCli int(10) NOT NULL,
  NombCli varchar(50),
  Direccion varchar(50),
  CP varchar(5),
  CodLoc varchar(5),
  PRIMARY KEY (CodCli),
  INDEX CodLoc (CodLoc),
  CONSTRAINT FK_clientes_localidades_CodLoc FOREIGN KEY (CodLoc)
  REFERENCES localidades (CodLoc) ON DELETE CASCADE ON UPDATE CASCADE
)
ENGINE = INNODB
AVG_ROW_LENGTH = 126
CHARACTER SET utf8
COLLATE utf8_spanish_ci;

--
-- Definition for table facturas
--
CREATE TABLE IF NOT EXISTS facturas (
  CodFac int(10) NOT NULL,
  Fecha datetime,
  CodCli int(10),
  CodVend int(10),
  Importe double(15, 5),
  GastoEnvio double(7, 2),
  IVA double(7, 2),
  DTO double(7, 2),
  Devuelta tinyint(1) NOT NULL,
  PRIMARY KEY (CodFac),
  INDEX CodCli (CodCli),
  INDEX CodVend (CodVend),
  CONSTRAINT FK_facturas_clientes_CodCli FOREIGN KEY (CodCli)
  REFERENCES clientes (CodCli) ON DELETE CASCADE ON UPDATE CASCADE,
  CONSTRAINT FK_facturas_vendedores_CodVend FOREIGN KEY (CodVend)
  REFERENCES vendedores (CodVend) ON DELETE CASCADE ON UPDATE CASCADE
)
ENGINE = INNODB
AVG_ROW_LENGTH = 168
CHARACTER SET utf8
COLLATE utf8_spanish_ci;

--
-- Definition for table lineas_fac
--
CREATE TABLE IF NOT EXISTS lineas_fac (
  CdFac int(10) NOT NULL,
  Linea int(10) NOT NULL,
  CodPelicula int(10),
  Precio double(7, 2),
  Cant int(10),
  Dto double(7, 2),
  PRIMARY KEY (CdFac, Linea),
  INDEX CdFac (CdFac),
  INDEX CodPelicula (CodPelicula),
  CONSTRAINT FK_lineas_fac_facturas_CodFac FOREIGN KEY (CdFac)
  REFERENCES facturas (CodFac) ON DELETE CASCADE ON UPDATE CASCADE,
  CONSTRAINT FK_lineas_fac_peliculas_CodPelicula FOREIGN KEY (CodPelicula)
  REFERENCES peliculas (CodPelicula) ON DELETE CASCADE ON UPDATE CASCADE
)
ENGINE = INNODB
AVG_ROW_LENGTH = 71
CHARACTER SET utf8
COLLATE utf8_spanish_ci;

-- 
-- Dumping data for table generos
--

/*!40000 ALTER TABLE generos DISABLE KEYS */;INSERT INTO generos(CodGenero, NomGenero) VALUES
(1, 'Acción'),
(2, 'Aventuras'),
(3, 'Bélica'),
(4, 'Ciencia-Ficción'),
(5, 'Comedia'),
(6, 'Drama'),
(7, 'Erótica'),
(8, 'Histórica'),
(9, 'Infantil'),
(10, 'Musical'),
(11, 'Oeste'),
(12, 'Suspense'),
(13, 'Terror'),
(14, 'Thriller');
/*!40000 ALTER TABLE generos ENABLE KEYS */;

-- 
-- Dumping data for table provincias
--

/*!40000 ALTER TABLE provincias DISABLE KEYS */;INSERT INTO provincias(CodPro, NombPro) VALUES
('00', 'Extranjero'),
('01', 'ALAVA'),
('02', 'ALBACETE'),
('03', 'ALICANTE'),
('04', 'ALMERIA'),
('05', 'AVILA'),
('06', 'BADAJOZ'),
('07', 'BALEARES'),
('08', 'BARCELONA'),
('09', 'BURGOS'),
('10', 'CACERES'),
('11', 'CADIZ'),
('12', 'CASTELLON'),
('13', 'CIUDAD REAL'),
('14', 'CORDOBA'),
('15', 'LA CORUÑA'),
('16', 'CUENCA'),
('17', 'GERONA'),
('18', 'GRANADA'),
('19', 'GUADALAJARA'),
('20', 'GUIPUZCOA'),
('21', 'HUELVA'),
('22', 'HUESCA'),
('23', 'JAEN'),
('24', 'LEON'),
('25', 'LERIDA'),
('26', 'LA RIOJA'),
('27', 'LUGO'),
('28', 'MADRID'),
('29', 'MALAGA'),
('30', 'MURCIA'),
('31', 'NAVARRA'),
('32', 'ORENSE'),
('33', 'ASTURIAS'),
('34', 'PALENCIA'),
('35', 'LAS PALMAS'),
('36', 'PONTEVEDRA'),
('37', 'SALAMANCA'),
('38', 'STA CRUZ DE TENERIFE'),
('39', 'CANTABRIA'),
('40', 'SEGOVIA'),
('41', 'SEVILLA'),
('42', 'SORIA'),
('43', 'TARRAGONA'),
('44', 'TERUEL'),
('45', 'TOLEDO'),
('46', 'VALENCIA'),
('47', 'VALLADOLID'),
('48', 'VIZCAYA'),
('49', 'ZAMORA'),
('50', 'ZARAGOZA'),
('51', 'CEUTA'),
('52', 'MELILLA'),
('99', 'ANDORRA');
/*!40000 ALTER TABLE provincias ENABLE KEYS */;

-- 
-- Dumping data for table vendedores
--

/*!40000 ALTER TABLE vendedores DISABLE KEYS */;INSERT INTO vendedores(CodVend, NombVen, DNI, DirecVen, Telefono, FecAlta, Salario, Comisión, TiempoParcial) VALUES
(1, 'ANGEL BAENA MORALES', '26588955', 'LA LUNA 2, 4º', '913235568', '2004-10-10 00:00:00', 900.00000, 10.00, 0),
(2, 'NURIA NUÑEZ JURADO', '26558936', 'ALMERIA 7', '913270012', '2004-11-07 00:00:00', 1100.00000, 10.00, 0),
(3, 'ROSA COBO GARCIA', '26897656', 'OLIVO 4, 5º', '913224578', '2004-12-14 00:00:00', 900.00000, 10.00, 0),
(4, 'MIGUEL ARMAS RUIZ', '28565225', 'CAÑAMAQUE 12', '913232367', '2005-01-20 00:00:00', 900.00000, 8.00, 0),
(5, 'ANTONIO LOPEZ CARMONA', '23106595', 'ALAMOS 23, 2ºB', '913231212', '2005-02-01 00:00:00', 850.00000, 8.00, 0),
(6, 'SALVADOR ORTEGA RUS', '27501459', 'CERON 3', '913224451', '2005-03-18 00:00:00', 800.00000, 8.00, -1),
(7, 'MARIA MARMOL LOPEZ', '27005559', 'AV. MADRID 9, 7', '913270765', '2005-05-05 00:00:00', 600.00000, 8.00, -1),
(8, 'RAFAEL MOTORO HOZ', '24151589', 'ALMERIA 22', '913259633', '2005-09-15 00:00:00', 850.00000, 8.00, 0),
(9, 'CARLOS LOPEZ TORRES', '26543887', 'AV. MADRID 23', '913235847', '2005-10-15 00:00:00', 1000.00000, 8.00, 0),
(10, 'FATIMA ZAFRA TORRES', '25741697', 'AV. MADRID 4, 1', '913226878', '2006-01-20 00:00:00', 700.00000, 6.00, -1),
(11, 'ANA ROJAS PEREZ', '23106595', 'ALTAMIRA 20, 3ºB', '913761221', '2006-02-01 00:00:00', 700.00000, 6.00, -1),
(12, 'TERESA SANCHEZ LOPEZ', '27148963', 'NOGAL 6', '913274556', '2006-03-19 00:00:00', 800.00000, 6.00, -1),
(13, 'ALEJANDRO BUENO DIAZ', '26003201', 'NOGAL 5', '913236594', '2006-04-15 00:00:00', 600.00000, 6.00, 0),
(14, 'ANTONIO OLMO GARCIA', '27711498', 'BAEZA 12 , 5ºA', '913277415', '2006-09-20 00:00:00', 900.00000, 6.00, 0),
(15, 'LUIS ARRANZ PEÑA', '50003456', 'ROMA, 34, 2ºC', '913278394', '2006-10-01 00:00:00', 800.00000, 3.00, -1),
(16, 'JAVIER MARTIN LOPEZ', '45670987', 'ALAVA 54, 7º A', '916548911', '2006-10-15 00:00:00', 750.00000, 3.00, -1),
(17, 'CECILIA CASTRO ROS', '34567897', 'AROLAS 34, 6º', '916654320', '2007-01-20 00:00:00', 600.00000, NULL, -1),
(18, 'JOSE PRIETO SANZ', '74566779', 'MAIQUEZ 54, 2º', '912347865', '2007-01-20 00:00:00', 600.00000, NULL, -1),
(19, 'MANUEL BRITO PONS', '32567008', 'ORENSE, 62', '913564895', '2007-02-05 00:00:00', 600.00000, NULL, -1),
(20, 'ROSA TORRES ALBA', '50876543', 'LATOSA, 45', '917654329', '2007-03-15 00:00:00', 600.00000, NULL, -1);
/*!40000 ALTER TABLE vendedores ENABLE KEYS */;

-- 
-- Dumping data for table localidades
--

/*!40000 ALTER TABLE localidades DISABLE KEYS */;INSERT INTO localidades(CodLoc, NombLoc, CodPro) VALUES
('00021', 'AQON DE MONCAYO', '50'),
('01651', 'ALGAR (EL)', '03'),
('01839', 'ALMARCHA (LA)', '16'),
('02050', 'ALTERO DE MOMPOY', '46'),
('02814', 'ARAYA', '12'),
('03061', 'ARENAL (EL)', '07'),
('04033', 'AUZOTXIKIA', '20'),
('05495', 'BASANOVA (LA)', '12'),
('05754', 'BEG', '02'),
('05998', 'BENAMAHOMA', '11'),
('06362', 'BERROCALES DEL JARAMA (LOS)', '28'),
('06571', 'BINIAMAR', '07'),
('06579', 'BINISALEM', '07'),
('06905', 'BONRETORN', '43'),
('07625', 'BUGARRA', '46'),
('07766', 'BURRIANA', '12'),
('07951', 'CAQADA (LA)', '16'),
('08751', 'CALA LLITERAS', '07'),
('08764', 'CALA ROMANA', '43'),
('08820', 'CALATAYUD', '50'),
('08993', 'CALLUS', '08'),
('09248', 'CAMINO DE PARACUELLOS', '28'),
('10917', 'CARNICERA', '33'),
('11024', 'CARRASCA (LA)', '46'),
('11408', 'CASA GRANDE', '44'),
('12060', 'CASILLAS (LAS)', '14'),
('12309', 'CASTELLON', '12'),
('13003', 'CELADA', '24'),
('13541', 'CEUTA (CIUDAD)', '51'),
('13996', 'CIADUEQA', '42'),
('14140', 'CINT (EL)', '08'),
('14637', 'COLOMER CUADRA', '25'),
('15424', 'CORTIJO (EL)', '28'),
('15619', 'COSTA DE LOS PINOS', '07'),
('16745', 'CURRELO (O)', '36'),
('16926', 'DEHESA DE VILLANDRANDO', '34'),
('17791', 'ENCINAS (LAS)', '28'),
('17859', 'ENRAMONA', '12'),
('20267', 'FORMICHE ALTO', '44'),
('20295', 'FORNADEIROS (SAN PEDRO)', '32'),
('20875', 'FUENDEJALON', '50'),
('21104', 'FUENTES DE JILOCA', '50'),
('21355', 'GALILEA', '07'),
('21819', 'GENESTOSA', '24'),
('24263', 'IZANA', '38'),
('25630', 'LENTEJI', '18'),
('26289', 'LLUCALARY', '07'),
('27215', 'MAHAVE', '26'),
('27861', 'MARRATXINET', '07'),
('27948', 'MARTINEZ (LOS)', '04'),
('28023', 'MAS D''EN ROCA', '08'),
('28097', 'MAS DEL SECO', '12'),
('28370', 'MATALUENGA', '24'),
('28623', 'MECO', '28'),
('29149', 'MIQANA', '03'),
('30586', 'MORERA DE MONTSANT (LA)', '43'),
('30996', 'MUGUETA', '31'),
('31195', 'MURUZABAL', '31'),
('31289', 'NARANJEROS (LOS)', '38'),
('31481', 'NAVARREDONDA DE LA RINCONADA', '37'),
('31527', 'NAVASEQUILLA', '05'),
('31982', 'NOVELE', '46'),
('32003', 'NOVILLAS', '50'),
('32093', 'NULES', '12'),
('32101', 'NURTAL-CDA. FARANDOLA', '46'),
('32112', 'OASIS', '35'),
('32419', 'OLMOS (LOS)', '44'),
('32457', 'OMAQAS (LAS)', '24'),
('32550', 'ORBITA', '05'),
('33246', 'PAIPORTA', '46'),
('33534', 'PALOS DE LA FRONTERA', '21'),
('36300', 'PLANASSA (LA)', '08'),
('37953', 'PUEBLA DE SAN MIGUEL', '46'),
('38168', 'PUERTO (EL)', '07'),
('38576', 'QUESADA', '23'),
('39063', 'RAIGUERO (EL)', '03'),
('39486', 'REBON', '15'),
('40066', 'RENTERIA', '20'),
('40332', 'RIAHUELAS', '40'),
('41550', 'ROSAMIANA', '33'),
('42277', 'SALINAS (LAS)', '19'),
('42366', 'SALTO DE TORREJON', '10'),
('42567', 'SAN ANTONIO DE PORMANY', '07'),
('43446', 'SAN SALVADOR', '39'),
('45004', 'SAX', '03'),
('46278', 'SOMOSAGUAS (CENTRO)', '28'),
('46302', 'SON DEL PUERTO', '44'),
('46305', 'SON FERRER', '07'),
('46332', 'SONEJA', '12'),
('46876', 'TABLADA DE VILLADIEGO', '09'),
('47218', 'TARTANEDO', '19'),
('47731', 'TIURANA', '25'),
('47881', 'TOMILLERAS (LAS)', '28'),
('47974', 'TORIL', '44'),
('48037', 'TORO (EL)', '12'),
('48192', 'TORRE-BELTRAN', '12'),
('48367', 'TORREQUINTO', '41'),
('49180', 'TURIS', '46'),
('49866', 'VALDEARENAS', '19'),
('50500', 'VALLS DE TORRUELLA', '08'),
('50646', 'VARA DE REY', '16'),
('53027', 'VILLAMARTIN', '11'),
('53596', 'VILLARREAL', '12'),
('53608', 'VILLARROAQE', '24');
/*!40000 ALTER TABLE localidades ENABLE KEYS */;

-- 
-- Dumping data for table peliculas
--

/*!40000 ALTER TABLE peliculas DISABLE KEYS */;INSERT INTO peliculas(CodPelicula, Titulo, Duración, CodGenero, Año, Productora, Pais, Precio, Director) VALUES
(101, 'METROPOLIS', 153, 4, 1927, 'Divisa', 'ALEMANIA', 12.00000, 'Fritz Lang'),
(102, 'VIAJE A TOKIO', 102, 6, 1953, NULL, 'JAPON', 18.00000, 'Yasujiro Ozu'),
(103, 'BARBARROJA', 185, 6, 1965, 'Filmax', 'JAPON', 12.00000, 'Akira Kurosawa'),
(104, '2001: UNA ODISEA DEL ESPACIO', 120, 4, 1968, 'Warner', 'EE.UU', 21.00000, 'Stanley Kubrick'),
(105, 'EL EXORCISTA', 133, 13, 1973, 'Warner', 'EE.UU', 17.00000, 'William Friedkin'),
(106, 'ALIEN, EL OCTAVO PASAJERO', 117, 13, 1979, ' Fox', 'EE.UU', 18.00000, 'Ridley Scott'),
(107, 'EVIL DEAD', 93, 13, 1981, NULL, 'EE.UU', 12.00000, 'Sam Raimi'),
(108, 'EL SILENCIO DE LOS CORDEROS', 114, 12, 1991, 'Fox', 'EE.UU', 18.00000, 'Jonathan Demme'),
(109, 'CADENA PERPETUA', 136, 6, 1994, 'JRB', 'EE.UU', 8.00000, 'Frank Darabont'),
(110, 'EL REY LEON', 89, 9, 1994, 'Buena Vista', 'EE.UU', 24.00000, 'Roger Allers,'),
(111, 'APOLO 13', 135, 1, 1995, 'Universal', 'EE.UU', 9.00000, 'Ron Howard'),
(112, 'BABE, EL CERDITO VALIENTE', 88, 9, 1995, 'Universal', 'AUSTRALIA', 11.00000, 'Chris Noonan'),
(113, 'CASPER', 96, 9, 1995, 'Universal', 'EE.UU', 13.00000, 'Brad Silberling'),
(114, 'CUANDO SALI DE CUBA', 109, 5, 1995, NULL, 'EE.UU', 15.00000, NULL),
(115, 'EL DIA DE LA BESTIA', 230, 5, 1995, 'Sogepaq', 'ESPAÑA', 8.00000, 'Álex de la Iglesia'),
(116, 'EL PRIMER CABALLERO', 129, 2, 1995, 'Columbia', 'EE.UU', 10.00000, 'Jerry Zucker'),
(117, 'FELPUDO MALDITO', 103, 5, 1995, 'Columbia', 'FRANCIA', 8.00000, 'Josiane Balasko'),
(118, 'PENA DE MUERTE', 117, 6, 1995, 'Fox', 'EE.UU', 10.00000, 'Tim Robbins'),
(119, 'SEVEN', 122, 12, 1995, 'Columbia', 'EE.UU', 12.00000, 'David Fincher'),
(120, 'TWO MUCH', 113, 5, 1995, NULL, 'ESPAÑA', 9.00000, 'Fernando Trueba'),
(121, 'EXTASIS', 88, 6, 1996, 'Buena Vista', 'ESPAÑA', 15.00000, ' Mariano Barroso'),
(122, 'TESIS', 119, 12, 1996, 'Sogepaq', 'ESPAÑA', 8.00000, 'Alejandro Amenábar'),
(123, 'ABIERTO HASTA EL AMANECER', 112, 1, 1997, 'Lauren', 'EE.UU', 22.00000, 'Robert Rodriguez'),
(124, 'CONGO', 104, 2, 1998, 'Paramount', 'EE.UU', 9.00000, 'Frank Marshall'),
(125, 'DESPERADO', 100, 1, 1999, 'Sony Pictures', 'EE.UU', 12.00000, 'Robert Rodriguez'),
(126, 'TORRENTE', 90, 5, 2000, 'Manga', 'ESPAÑA', 8.00000, 'Santiago Segura'),
(127, 'LA FLOR DE MI SECRETO', 103, 6, 2001, 'Universal', 'ESPAÑA', 9.00000, 'Pedro Almodóvar'),
(128, 'EL LOBO', 122, 12, 2004, 'Filmax', 'ESPAÑA', 12.00000, 'Miguel Courtois'),
(129, 'MILLION DOLLAR BABY', 137, 6, 2004, 'Filmax', 'EE.UU', 11.00000, 'Clint Eastwood'),
(130, '7 VIRGENES', 86, 6, 2005, 'Fox', 'ESPAÑA', 14.00000, 'Alberto Rodríguez'),
(131, 'Dead or Alive', 87, 1, 2005, 'Tecmo', 'ALEMANIA', 18.00000, 'Corey Yuen'),
(132, 'Derecho de Familia', 102, 5, 2005, 'Hispano Films', 'ARGENTINA', 16.00000, 'Daniel Burman'),
(133, 'Babel', 142, 14, 2006, 'Paramount', 'EE.UU', 23.00000, 'Alejandro González Iñárritu'),
(134, 'Bajo Cero', 115, 2, 2006, 'Walt Disney', 'EE.UU', 13.00000, 'Frank Marshall'),
(135, 'Bambi II. El príncipe del bosque', 75, 9, 2006, 'Walt Disney', 'EE.UU', 24.00000, 'Brian Pimental.'),
(136, 'Bandidas', 93, 1, 2006, 'Fox', 'EE.UU', 14.00000, 'Joachim Roenning,'),
(137, 'Bienvenido a casa', 118, 5, 2006, 'Fernando Trueba P.C.', 'ESPAÑA', 16.00000, 'David Trueba'),
(138, 'Bosque de Sombras', 105, 12, 2006, 'Filmax', 'ESPAÑA', 14.00000, 'Koldo Serra'),
(139, 'Caos', 98, 1, 2006, 'Screen Gems', 'EE.UU', 16.00000, 'Tony Giglio'),
(140, 'Cariño estoy hecho un perro', 98, 9, 2006, 'Walt Disney', 'EE.UU', 17.00000, 'Brian Robbins'),
(141, 'Cars', 116, 9, 2006, 'Walt Disney', 'EE.UU', 19.00000, 'John Lasseter'),
(142, 'Casino Royale', 144, 1, 2006, 'MGM', 'U.K', 21.00000, 'Martin Campbell'),
(143, 'Clerks II', 97, 5, 2006, 'Weinstein', 'EE.UU', 8.00000, 'Kevin Smith'),
(144, 'Corrupción en Miami', 134, 1, 2006, 'Universal', 'EE.UU', 12.00000, 'Michael Mann'),
(145, 'Crank (Veneno en la sangre)', 87, 1, 2006, 'Lakeshore', 'EE.UU', 15.00000, 'Mark Neveldine'),
(146, 'Cuando llama un extraño', 87, 13, 2006, 'Screen', 'EE.UU', 17.00000, 'Simon West'),
(147, 'Declaradme Culpable', 125, 5, 2006, 'Miramax', 'EE.UU', 13.00000, 'Sidney Lumet'),
(148, 'Déjate Llevar', 108, 6, 2006, 'Miramax', 'EE.UU', 12.00000, 'Liz Friedlander'),
(149, 'Destino Final 3', 93, 13, 2006, 'Aurum', 'EE.UU', 11.00000, 'James Wong'),
(150, 'Devuélveme Mi Suerte', 102, 5, 2006, 'Disney', 'EE.UU', 18.00000, 'Donald Petrie'),
(151, 'Diario de un ejecutivo agresivo', 96, 5, 2006, 'Century Fox', 'EE.UU', 15.00000, 'Mike Binder'),
(152, 'Días Azules', 97, 6, 2006, 'Lola Films', 'ESPAÑA', 10.00000, 'Miguel Santesmases'),
(153, 'Misión Imposible 3', 126, 1, 2006, 'Paramount', 'EE.UU', 18.00000, 'J.J. Abrams'),
(154, 'MONSTER HOUSE', 91, 2, 2006, 'Amblin Entertainment', 'EE.UU', 19.00000, 'Gil Kenan'),
(155, 'NEIL YOUNG', 103, 10, 2006, 'Paramount Pictures', 'EE.UU', 15.00000, 'Jonathan Demme'),
(156, 'NOVIA POR CONTRATO', 97, 5, 2006, 'Paramount Pictures', 'EE.UU', 12.00000, 'Tom Dey'),
(157, 'PASADO DE VUELTAS', 105, 1, 2006, 'Columbia Pictures', 'EE.UU', 16.00000, 'Adam McKay'),
(158, 'PEQUEÑA MISS SUNSHINE', 101, 5, 2006, 'Fox Searchlight Pictures', 'EE.UU', 14.00000, 'Jonathan Dayton'),
(159, 'PEQUEÑO PERO MATON', 90, 5, 2006, 'Columbia Pictures', 'EE.UU', 12.00000, 'Keenen Ivory Wayans'),
(160, 'PIRATAS DEL CARIBE II: EL COFRE DEL HOMBRE MUERTO', 150, 2, 2006, 'Walt Disney Pictures', 'EE.UU', 18.00000, 'Gore Verbinski'),
(161, 'PLAN OCULTO', 129, 6, 2006, 'Universal Pictures', 'EE.UU', 17.00000, 'Spike Lee'),
(162, 'POSEIDON', 99, 1, 2006, 'Warner Bros. Pictures', 'EE.UU', 14.00000, 'Wolfgang Petersen'),
(163, 'PREGUNTALE AL VIENTO', 120, 6, 2006, 'Paramount Pictures', 'EE.UU', 12.00000, 'Robert Towne'),
(164, 'Salvador', 138, 6, 2006, 'MediaPro-Future Films', 'ESPAÑA', 11.00000, 'Manuel Huerga'),
(165, 'Salvaje', 94, 9, 2006, 'Walt Disney', 'EE.UU', 12.00000, 'Steve "Spaz" Williams'),
(166, 'Separados', 105, 5, 2006, 'Universal Studios', 'EE.UU', 15.00000, 'Peyton Reed'),
(167, 'Silent Hill', 127, 13, 2006, 'UIP', 'CANADA', 12.00000, 'Christophe Gans.'),
(168, 'Superman Returns', 154, 1, 2006, 'Warner Bros', 'EE.UU', 14.00000, 'Bryan Singer'),
(169, 'The Guardian', 136, 1, 2006, 'Touchstone Pictures', 'EE.UU', 10.00000, 'Andrew Davis'),
(170, 'Tu yo y ahora Dupree', 108, 5, 2006, 'Universal Pictures', 'EE.UU', 12.00000, 'Joe Russo'),
(171, 'PIRATAS DEL CARIBE III:EN EL FIN DEL MUNDO', 168, NULL, 2007, NULL, 'EE.UU', 23.00000, 'Gore Verbinski');
/*!40000 ALTER TABLE peliculas ENABLE KEYS */;

-- 
-- Dumping data for table clientes
--

/*!40000 ALTER TABLE clientes DISABLE KEYS */;INSERT INTO clientes(CodCli, NombCli, Direccion, CP, CodLoc) VALUES
(3, 'DAMBORENEA CORBATO, ALICIA', 'CALLE MADRID, 83', '12425', '17859'),
(6, 'FOLCH CASABO, MARIA MERCEDES', 'SANT RAFAEL, 158-17', '38894', '31289'),
(9, 'FERNANDEZ MARTIN, CRISTINA', 'URBANIZACION LAS PALMAS, 1-5', '08738', '50500'),
(12, 'VIVES GOZALBO, INMACULADA', 'DE BAIX, 123', '50769', '21104'),
(15, 'GUAL SALES, MARIA', 'FELIPE II, 49', '03707', '39063'),
(18, 'MATEU MARTI, MARIA DOLORES', 'CALLE PADRE LUIS MADRE LLOP, 30', '03607', '29149'),
(21, 'BELTRAN MENEU, CRISTINA', 'GABRIEL SOLE, 10-6', '46186', '31982'),
(24, 'SIMO GONZALEZ, NOEMI', 'DOCTOR SANCHIS BERGON, 148', '26707', '27215'),
(27, 'HERRERO BERENGUER, IRENE', 'CALLE SAN ISIDRO, 118', '11334', '53027'),
(30, 'CANCELAS MORA, MARIA', 'PINTOR ZARIQENA, 117-4', '46501', '07625'),
(33, 'MARTI GALVAN, ALICIA', 'EL BARRANQUET, 117', '44144', '11408'),
(36, 'TICHELL MONLLEO, MARIA ANGELES', 'CORAZON DE JESUS, 171', '46426', '33246'),
(39, 'GARCIA MARTI, MONICA', 'AVENIDA CAMPANAR, 171-1', '44163', '46302'),
(42, 'CUBEDO FIBLA, MILAGROS', 'MAESTRO MARTI, 69', '34476', '16926'),
(45, 'GALLEN GOZALBO, PATRICIA', 'CONSTITUCIO, 115-15', '23911', '38576'),
(48, 'LUIS MARIN, MARIA', 'CALLE COSANTA Y BORRAS, 34-11', '16186', '01839'),
(51, 'SABORIT DOMENECH, ELENA', 'FERRANDIS SALVADOR PALMERAS, 124-6', '07101', '15619'),
(54, 'FUENTES VILLALONGA, MARIA', 'MEDITERRANEO, 91', '07521', '38168'),
(57, 'ORENGA CUCO, MARIA PILAR', 'POETA VERDAGUER, 189', '50044', '32003'),
(60, 'MIRALLES OGAYA, ANA', 'GENERAL ARANDA, 95-1', '31955', '31195'),
(63, 'AMO ZAMBRANA, SUSANA', 'PINTOR RIBALTA, 131', '15425', '39486'),
(66, 'VIVES TORRES, LAURA', 'CARMEN, 114', '16860', '07951'),
(69, 'GALLEN HUERTA, OLGA', 'RICARDO CARRERAS, 75', '12094', '48192'),
(72, 'NAVARRO BARBERO, MARIA LLEDO', 'BURRIANA, 19-15', '12406', '48037'),
(75, 'CASTELL VIVES, MARIA', 'CASTELLDEFELS, 102-10', '28192', '15424'),
(78, 'IGLESIAS NAVARRO, IGNACIO', 'ESCULTOR VICIANA, 30-15', '03615', '45004'),
(81, 'DURAN VICENTE, DIEGO', 'PLAZA SANTA ANA, 46', '19793', '49866'),
(84, 'MARTINEZ FORNER, JOSE', 'SAN MARCOS, 176-10', '32364', '20295'),
(87, 'ATIENZA CASADO, RAMON FRANCISCO', 'FALCO, 60-17', '07061', '42567'),
(90, 'RIPOLLES VILLALONGA, JUAN RAUL', 'CALLE DOCTOR FLEMING, 189-18', '28388', '28623'),
(93, 'LOPEZ VICENS, MANUEL VICTOR', 'PLAZA ESCULTOR ADSUARA, 173-5', '50934', '00021'),
(96, 'GARZON CALVO, GABRIEL', 'MAESTRO MARTI, 152-15', '24485', '28370'),
(99, 'CATALA REVERTE, GUILLERMO JOSE', 'ESPERANZA, 198-6', '44335', '32419'),
(102, 'BARRACHINA BUESO, LUIS JORGE', 'CLAPISA, 58', '39137', '43446'),
(105, 'EGEA HERNANDEZ, CARLOS ANTONIO', 'PASAJE PEQAGOLOSA, 108', '37812', '31481'),
(108, 'BLASCO ESCUREDO, CESAR LUIS', 'ALFONDEGUILLA, 127', '44953', '20267'),
(111, 'GARCIA GIRONA, MANUEL', 'BARON DE CARCER, 88-8', '05933', '31527'),
(114, 'VIDAGANY GISBERT, ADOLFO', 'JOVER, 82-3', '33227', '10917'),
(117, 'HERRERO ORENGA, FRANCISCO TEO', 'AVENIDA CAPUCHINOS, 149', '35476', '32112'),
(120, 'CASTELLO DAMBORENEA, ENRIQUE JAVIER', 'GRUPO SAN VICENTE, 138-11', '12257', '46332'),
(123, 'VIDAL VILARROYA, VICENTE', 'CALLE AMALIO GIMENO, 139-1', '04540', '27948'),
(126, 'MORA RUBERT, FRANCISCO', 'VIRGEN DE LOS DOLORES, 128-7', '24228', '21819'),
(129, 'PALANCO MARTINEZ, CARLOS', 'MAESTRO SANCHIS, 28', '19599', '42277'),
(132, 'CUCO NAVARRO, JAVIER SERGIO', 'PALANQUES, 164', '44219', '47974'),
(135, 'SERRANO MUNYOZ, ENRIQUE FERNANDO', 'CORTS VALENCIANES, 128-13', '19130', '47218'),
(138, 'CHINE BARRACHINA, JOSE MANUEL', 'MEDICO NEBOT, 23', '42293', '13996'),
(141, 'LOPEZ DOBON, VICENTE RAMON', 'GASSET, 81-14', '08288', '36300'),
(144, 'SIMO MARTINEZ, RAMON', 'ALIAGA, 118-3', '11745', '05998'),
(147, 'SALES LOPEZ, MIQUEL', 'CARRER TELLOLA, 124', '21560', '33534'),
(150, 'FUENTES RIVERA, JOSE', 'CURA PLEBAN, 25-14', '10674', '42366'),
(153, 'LOPEZ SANMIGUEL, CARLOS', 'URBANIZACION EL BALCO, 142-13', '28241', '06362'),
(156, 'ANDRES GARGALLO, DIEGO JAVIER', 'SANTA CRUZ, 18', '24432', '53608'),
(159, 'EGEA HUEDO, VICENTE CARLOS', 'SAN PASQUAL, 50', '28193', '46278'),
(162, 'REINA VIDAL, LLUIS', 'CALLE BARTOLOME REUS, 11', '24593', '32457'),
(165, 'BUESO ORDOÑEZ, JUAN MANUEL', 'CALLE LA PUNTA, 46', '05359', '32550'),
(168, 'ALOS CONESA, SABINA', 'PINTOR VERGARA, 102-2', '02536', '05754'),
(171, 'RODRIGUEZ HERNANDEZ, CESAR', 'GENERAL MARTINEZ CAMPOS, 119', '07340', '26289'),
(174, 'RODRIGUEZ ALOS, JORDI SABINA', 'EL PLA, 100-8', '12042', '02814'),
(177, 'LLEO GUAITA, MARCOS', 'CAMINO DONACION, 144-3', '07604', '06571'),
(180, 'CABALLERO GALLEGO, ANTONIO', 'CAMINO DE ONDA, 51', '33807', '41550'),
(183, 'CARRETERO PAVIA, FRANCISCO CARLOS', 'PLAZA DE LA FONT, 105', '43163', '06905'),
(186, 'FABUEL CEPRIA, RAFAEL DAVID', 'AVENIDA ESPRONCEDA, 116-15', '50084', '20875'),
(189, 'NEBOT VITAL, SERGIO MOISES', 'LUIS MADRE LLOP, 4-19', '07119', '06579'),
(192, 'CASAS ROMERO, CARLOS JOSE', 'GENERAL ARANDA, 180-3', '43292', '30586'),
(195, 'LLEO SORIANO, JOSE IGNACIO', 'AVENIDA DE LAS CONCHAS, 191', '25057', '47731'),
(198, 'SERRET JOVER, JOSE', 'ENMEDIO, 110', '07339', '08751'),
(201, 'MARIN RAMIREZ, SERGIO VICENTE', 'FERNANDO EL CATOLICO, 6', '07350', '03061'),
(204, 'VERA GOMEZ, VICTOR', 'ORFEBRES SANTALINEA, 124-14', '51965', '13541'),
(207, 'DOMENECH FLORES, RAMON', 'GENERAL MARTINEZ CAMPOS, 172-7', '07541', '46305'),
(210, 'CEPRIA AGOST, FERNANDO LUIS', 'ERMITA, 75', '07284', '21355'),
(213, 'MEDRANO FELIS, FERNANDO', 'SALVADO BARRI, 141', '46454', '49180'),
(216, 'DAMBORENEA VALLS, DIEGO RAFAEL', 'AVENIDA ALMASSORA, 51', '03008', '01651'),
(219, 'CASTELLANOS ANDRES, JULIO', 'CONDE PESTAGUA, 43-4', '08681', '08993'),
(222, 'RAMON LEON, JULIAN', 'BENITANDUS, 183-15', '14197', '12060'),
(225, 'PERIS VIVES, MANUEL', 'LUIS CENDOYA, 124', '09168', '46876'),
(228, 'ROBRES FRANCO, VICENTE IGNACIO', 'VALL DE UXO, 179', '07771', '27861'),
(231, 'BARBERO VALANZUELA, IGNACIO JAIME', 'GENERAL MARTINEZ CAMPOS, 5', '24913', '13003'),
(234, 'FIBLA ROMERO, EMILIO', 'PLAZA SANTA CLARA, 64-8', '28406', '17791'),
(237, 'BURRIEL SANCHEZ, JOSE', 'COS DE GRACIA, 196-10', '28460', '09248'),
(240, 'FERNANDEZ VENDRELL, DAVID JUAN', 'POETA DURAN Y TORTAJADA, 29', '28563', '47881'),
(243, 'ROMERO AGUILELLA, SERGIO', 'SAN ABDON, 15-14', '43748', '08764'),
(246, 'FORTUNYO GRANGEL, JOSE', 'PIEDAD, 148', '08408', '28023'),
(249, 'CUBEDO ANICETO, JAVIER RUBEN', 'ALBUFERA, 43', '08602', '14140'),
(252, 'CEPRIA LORENTE, CARLOS MIGUEL', 'VINAROZ, 137', '12974', '05495'),
(255, 'GALLEN MOLINER, JORGE TEO', 'RIO ESCALONA, 132-3', '16555', '50646'),
(258, 'TORRES PEREZ, ANTONIO', 'MARIA VICTORIA, 117-5', '36848', '16745'),
(261, 'AMO MONTSN, RAMON FERNANDO', 'CALLE BENICARLO, 42', '46332', '32101'),
(264, 'ADELL VILLALONGA, LUIS JOSE', 'MANUEL BECERRA, 61', '12712', '28097'),
(267, 'FONSECA ALMELA, JOSE', 'PLAZA SANT JOAN, 81', '38572', '24263'),
(270, 'MONSONIS SALA, FABRICIANO', 'CARMADAY, 116', '25683', '14637'),
(273, 'GALLEN IZQUIERDO, EMILIO', 'PLAZA BORRULL, 72', '41924', '48367'),
(276, 'GARCMA LIZONDO, CARLOS FRANCISCO', 'BENEDITO, 124-14', '31157', '30996'),
(279, 'SANMIGUEL CORET, FERNANDO JOSE', 'CORDON, 182', '50725', '08820'),
(282, 'MORA RIBES, ENRIQUE MIGUEL', 'CALLE BENASAL, 146-14', '46367', '11024'),
(285, 'BERGES REGODON, JUAN', 'FARIGOLA, 80', '20399', '04033'),
(288, 'BETORET ABRIL, FRANCISCO', 'ALCANAR, 169-11', '20052', '40066'),
(291, 'FABUEL CEBRIA, FERNANDO ADRIAN', 'CALLE CISCAR, 49-20', '18288', '25630'),
(294, 'BELTRAN MUNYOZ, JAIME VICENTE', 'DEL ANGEL, 79-2', '46390', '02050'),
(297, 'NAVARRO GARGALLO, CARLOS', 'PEDRO ALCAZAR, 72-6', '46470', '37953'),
(300, 'RIOS MARTINEZ, LUIS ABEL', 'MEDICO MIGUEL GIMENO, 44', '40742', '40332'),
(303, 'MIRAVET SALA, MARIA MERCEDES', 'URBANIZACION EL BALCO, 84-11', NULL, '53596'),
(306, 'SAMPEDRO SIMO, MARIA MERCEDES', 'FINELLO, 161', '12217', '07766'),
(309, 'GISBERT MIRALLES, BEATRIZ LAURA', 'CALLE ASUNCION FRANCH, 79', '12111', '12309'),
(312, 'DE LA CRUZ AZNAR, CONCHITA PATRICIA', 'GRUPO ZAFER, 55', '12868', '53596'),
(315, 'VILLALONGA SANCHIS, MILAGROS', 'RONDA ESCALANTE, 71-11', NULL, '53596'),
(318, 'PITARCH MONSONIS, MARIA CARMEN', 'SALVADOR, 136', '12708', '12309'),
(321, 'GARCIA CASADO, YOLANDA', 'CONCEPCION ARENAL, 18-14', '12914', '53596'),
(324, 'ADELL GALMES, MERCEDES ROSARIO', 'MAJOR POBLENOV, 18', '12597', '53596'),
(327, 'HERRERA SALA, ANA', 'FOIA DE BUNYOL, 15', '12162', '32093'),
(330, 'MARTI MOLTO, CONCHITA', 'SAN ABDON, 152', NULL, '53596'),
(333, 'SOS CARRETERO, JESUS', 'MOSEN COMPTE, 14', '12964', '53596'),
(336, 'MIGUEL ARCHILES, OSCAR RAMON', 'HISANT BERNARDO MUNDINA, 132-5', '12652', '07766'),
(339, 'CHALER SORIANO, MANUEL DIEGO', 'SAN ROBERTO, 27', NULL, '53596'),
(342, 'PINEL HUERTA, VICENTE', 'FRANCISCO SEMPERE, 37-10', '12112', '07766'),
(345, 'LOPEZ BOTELLA, MAURO', 'AVENIDA DEL PUERTO, 20-1', '12439', '12309'),
(348, 'PALAU MARTINEZ, JORGE', 'RAVAL DE SANT JOSEP, 97-2', '12401', '12309'),
(351, 'RINCON VERNIA, DAVID', 'BORRIOL, 74', NULL, '12309'),
(354, 'MURIA VINAIZA, JOSE', 'CIUDADELA, 90-18', '12990', '12309'),
(357, 'HUGUET PERIS, JUAN ANGEL', 'CALLE MESTRE RODRIGI, 7', '12930', '12309'),
(360, 'FABREGA GARGORI, JAVIER SEBASTIAN', 'SANTA GEMA GALGANI, 130', '12939', '32093'),
(363, 'VILLALONGA RAMIREZ, DIEGO SERGIO', 'CALLE BARTOLOME REUS, 98-7', '12332', '32093'),
(366, 'BADENES CEPRIA, ANDRES RICARDO', 'MAESTRO CABALLEROS, 30-4', '12397', '12309'),
(369, 'BOTELLA CATALA, JUAN', 'MONCADA, 70', '12572', '07766'),
(372, 'LOPEZ LLORENS, SANCHEZ MARCOS', 'CALLE DOLORS, 6', '12967', '53596'),
(375, 'LOPEZ RINCON, LUIS MIGUEL', 'PADRE MELIA, 49', NULL, '07766'),
(378, 'GUIMERA AGOST, LUIS', 'PADRE PEDRO VELASCO, 89', '12423', '53596'),
(381, 'GUILLOT BELDA, FRANCISCO JOSE', 'PLAZA MAYOR, 200', '12059', '12309'),
(384, 'LOPEZ GUITART, XAVIER', 'CALLE PUIG RODA, 162', NULL, '07766'),
(387, 'TUR MARTIN, MANUEL FRANCISCO', 'CALLE PEDRO VIRUELA, 108-8', '12008', '07766'),
(390, 'AZNAR MONFERRER, ADRIAN', 'EBANISANTA HERVAS, 138', NULL, '32093');
/*!40000 ALTER TABLE clientes ENABLE KEYS */;

-- 
-- Dumping data for table facturas
--

/*!40000 ALTER TABLE facturas DISABLE KEYS */;INSERT INTO facturas(CodFac, Fecha, CodCli, CodVend, Importe, GastoEnvio, IVA, DTO, Devuelta) VALUES
(101, '2004-10-10 00:00:00', 234, 2, 65.00000, 6.00, 7.00, 17.00, 0),
(102, '2004-11-15 00:00:00', 147, 2, 124.00000, 3.00, 0.00, 0.00, 0),
(103, '2004-12-12 00:00:00', 282, 3, 50.00000, 6.00, 7.00, 0.00, 0),
(104, '2005-01-22 00:00:00', 120, 6, 175.00000, 3.00, 16.00, 0.00, 0),
(105, '2005-01-22 00:00:00', 372, 3, 147.00000, 3.00, 7.00, 16.00, 0),
(106, '2005-01-25 00:00:00', 234, 7, 79.00000, 6.00, 16.00, 20.00, 0),
(107, '2005-01-25 00:00:00', 387, 6, 39.00000, 6.00, 16.00, 15.00, 0),
(108, '2005-01-26 00:00:00', 177, 4, 109.00000, 3.00, 16.00, 17.00, 0),
(109, '2005-01-27 00:00:00', 219, 7, 100.00000, 3.00, 16.00, 0.00, 0),
(110, '2005-01-29 00:00:00', 117, 9, 165.00000, 3.00, 16.00, 0.00, 0),
(111, '2005-02-01 00:00:00', 45, 7, 106.00000, 3.00, 16.00, 0.00, 0),
(112, '2005-02-22 00:00:00', 99, 8, 42.00000, 6.00, 16.00, 0.00, 0),
(113, '2005-02-22 00:00:00', 294, 7, 159.00000, 3.00, 16.00, 0.00, 0),
(114, '2005-02-24 00:00:00', 63, 6, 136.00000, 3.00, 16.00, 7.00, 0),
(115, '2005-02-25 00:00:00', 3, 1, 53.00000, 6.00, 7.00, 24.00, -1),
(116, '2005-03-02 00:00:00', 132, 1, 143.00000, 3.00, 16.00, 0.00, 0),
(117, '2005-03-10 00:00:00', 264, 8, 51.00000, 6.00, 7.00, 0.00, 0),
(118, '2005-03-19 00:00:00', 195, 7, 68.00000, 6.00, 16.00, 0.00, 0),
(119, '2005-03-19 00:00:00', 54, 2, 82.00000, 6.00, 16.00, 1.00, 0),
(120, '2005-03-24 00:00:00', 51, 3, 180.00000, 3.00, 16.00, 0.00, 0),
(121, '2005-03-26 00:00:00', 78, 4, 61.00000, 6.00, 7.00, 22.00, 0),
(122, '2005-04-05 00:00:00', 345, 2, 123.00000, 3.00, 0.00, 0.00, 0),
(123, '2005-04-08 00:00:00', 108, 1, 60.00000, 6.00, 16.00, 0.00, 0),
(124, '2005-04-08 00:00:00', 360, 4, 159.00000, 3.00, 7.00, 19.00, 0),
(125, '2005-04-13 00:00:00', 363, 4, 173.00000, 3.00, 16.00, 0.00, 0),
(126, '2005-04-16 00:00:00', 51, 4, 26.00000, 6.00, 7.00, 4.00, 0),
(127, '2005-04-26 00:00:00', 120, 9, 13.00000, 6.00, 7.00, 0.00, 0),
(128, '2005-04-27 00:00:00', 54, 9, 80.00000, 6.00, 16.00, 0.00, 0),
(129, '2005-04-28 00:00:00', 141, 2, 57.00000, 6.00, 7.00, 0.00, 0),
(130, '2005-05-01 00:00:00', 243, 2, 26.00000, 6.00, 16.00, 19.00, 0),
(131, '2005-05-01 00:00:00', 321, 4, 106.00000, 3.00, 16.00, 12.00, 0),
(132, '2005-05-02 00:00:00', 60, 4, 60.00000, 6.00, 16.00, 0.00, 0),
(133, '2005-05-06 00:00:00', 171, 3, 18.00000, 6.00, 16.00, 0.00, 0),
(134, '2005-05-08 00:00:00', 150, 4, 192.00000, 3.00, 7.00, 0.00, 0),
(135, '2005-05-08 00:00:00', 369, 6, 72.00000, 6.00, 0.00, 0.00, 0),
(136, '2005-05-14 00:00:00', 252, 8, 44.00000, 6.00, 16.00, 16.00, 0),
(137, '2005-05-18 00:00:00', 18, 3, 42.00000, 6.00, 16.00, 6.00, 0),
(138, '2005-05-22 00:00:00', 189, 7, 54.00000, 6.00, 16.00, 0.00, 0),
(139, '2005-06-02 00:00:00', 105, 5, 72.00000, 6.00, 16.00, 15.00, 0),
(140, '2005-06-10 00:00:00', 186, 4, 94.00000, 6.00, 7.00, 6.00, 0),
(141, '2005-06-11 00:00:00', 138, 3, 44.00000, 6.00, 16.00, 4.00, 0),
(142, '2005-06-13 00:00:00', 390, 9, 175.00000, 3.00, 7.00, 17.00, 0),
(143, '2005-06-23 00:00:00', 24, 2, 137.00000, 3.00, 0.00, 7.00, 0),
(144, '2005-06-23 00:00:00', 387, 4, 30.00000, 6.00, 7.00, 5.00, 0),
(145, '2005-06-28 00:00:00', 201, 7, 42.00000, 6.00, 7.00, 0.00, 0),
(146, '2005-06-29 00:00:00', 30, 7, 14.00000, 6.00, 16.00, 0.00, 0),
(147, '2005-07-02 00:00:00', 243, 4, 30.00000, 6.00, 16.00, 0.00, 0),
(148, '2005-07-02 00:00:00', 345, 6, 38.00000, 6.00, 16.00, 9.00, 0),
(149, '2005-07-05 00:00:00', 126, 1, 93.00000, 6.00, 0.00, 11.00, 0),
(150, '2005-07-05 00:00:00', 354, 6, 146.00000, 3.00, 16.00, 24.00, 0),
(151, '2005-07-11 00:00:00', 117, 7, 87.00000, 6.00, 0.00, 20.00, 0),
(152, '2005-07-14 00:00:00', 201, 5, 152.00000, 3.00, 7.00, 24.00, -1),
(153, '2005-07-14 00:00:00', 357, 9, 130.00000, 3.00, 0.00, 19.00, 0),
(154, '2005-07-19 00:00:00', 387, 4, 16.00000, 6.00, 16.00, 15.00, 0),
(155, '2005-07-20 00:00:00', 231, 4, 12.00000, 6.00, 16.00, 0.00, 0),
(156, '2005-07-27 00:00:00', 183, 4, 120.00000, 3.00, 16.00, 0.00, 0),
(157, '2005-07-27 00:00:00', 303, 7, 86.00000, 6.00, 7.00, 9.00, 0),
(158, '2005-07-31 00:00:00', 240, 4, 45.00000, 6.00, 16.00, 0.00, 0),
(159, '2005-08-07 00:00:00', 159, 3, 80.00000, 6.00, 0.00, 0.00, 0),
(160, '2005-08-07 00:00:00', 294, 9, 41.00000, 6.00, 16.00, 0.00, 0),
(161, '2005-08-08 00:00:00', 375, 3, 160.00000, 3.00, 0.00, 0.00, 0),
(162, '2005-08-10 00:00:00', 306, 3, 123.00000, 3.00, 16.00, 2.00, 0),
(163, '2005-08-18 00:00:00', 360, 7, 74.00000, 6.00, 16.00, 13.00, 0),
(164, '2005-08-20 00:00:00', 354, 8, 26.00000, 6.00, 16.00, 0.00, -1),
(165, '2005-08-21 00:00:00', 264, 7, 22.00000, 6.00, 7.00, 0.00, 0),
(166, '2005-08-22 00:00:00', 78, 2, 87.00000, 6.00, 16.00, 20.00, 0),
(167, '2005-08-22 00:00:00', 330, 9, 24.00000, 6.00, 7.00, 23.00, 0),
(168, '2005-08-24 00:00:00', 192, 2, 100.00000, 3.00, 16.00, 6.00, 0),
(169, '2005-08-24 00:00:00', 339, 8, 149.00000, 3.00, 16.00, 22.00, 0),
(170, '2005-08-25 00:00:00', 186, 3, 24.00000, 6.00, 0.00, 0.00, 0),
(171, '2005-08-31 00:00:00', 192, 7, 42.00000, 6.00, 16.00, 0.00, 0),
(172, '2005-09-02 00:00:00', 81, 4, 64.00000, 6.00, 16.00, 16.00, 0),
(173, '2005-09-02 00:00:00', 315, 3, 67.00000, 6.00, 16.00, 0.00, 0),
(174, '2005-09-03 00:00:00', 207, 6, 182.00000, 3.00, 16.00, 17.00, 0),
(175, '2005-09-03 00:00:00', 387, 3, 138.00000, 3.00, 7.00, 20.00, 0),
(176, '2005-09-06 00:00:00', 126, 7, 83.00000, 6.00, 7.00, 9.00, 0),
(177, '2005-09-08 00:00:00', 72, 4, 115.00000, 3.00, 16.00, 0.00, 0),
(178, '2005-09-13 00:00:00', 282, 3, 170.00000, 3.00, 16.00, 15.00, 0),
(179, '2005-09-18 00:00:00', 240, 4, 69.00000, 6.00, 7.00, 4.00, 0),
(180, '2005-09-19 00:00:00', 66, 7, 42.00000, 6.00, 0.00, 14.00, 0),
(181, '2005-09-24 00:00:00', 153, 3, 103.00000, 3.00, 0.00, 0.00, 0),
(182, '2005-09-30 00:00:00', 231, 3, 228.00000, 0.00, 16.00, 0.00, 0),
(183, '2005-10-03 00:00:00', 33, 7, 218.00000, 0.00, 7.00, 0.00, 0),
(184, '2005-10-03 00:00:00', 96, 1, 118.00000, 3.00, 7.00, 0.00, 0),
(185, '2005-10-04 00:00:00', 252, 2, 125.00000, 3.00, 0.00, 9.00, 0),
(186, '2005-10-04 00:00:00', 174, 9, 55.00000, 6.00, 16.00, 17.00, 0),
(187, '2005-10-05 00:00:00', 141, 4, 117.00000, 3.00, 16.00, 0.00, 0),
(188, '2005-10-05 00:00:00', 390, 5, 81.00000, 6.00, 7.00, 3.00, 0),
(189, '2005-10-07 00:00:00', 138, 2, 58.00000, 6.00, 16.00, 15.00, 0),
(190, '2005-10-08 00:00:00', 15, 3, 47.00000, 6.00, 16.00, 11.00, 0),
(191, '2005-10-14 00:00:00', 312, 8, 160.00000, 3.00, 16.00, 13.00, 0),
(192, '2005-10-23 00:00:00', 159, 6, 98.00000, 6.00, 7.00, 19.00, 0),
(193, '2005-10-23 00:00:00', 294, 8, 54.00000, 6.00, 16.00, 10.00, 0),
(194, '2005-10-23 00:00:00', 147, 2, 28.00000, 6.00, 16.00, 0.00, 0),
(195, '2005-10-24 00:00:00', 285, 8, 67.00000, 6.00, 7.00, 10.00, 0),
(196, '2005-10-28 00:00:00', 234, 5, 151.00000, 3.00, 0.00, 0.00, 0),
(197, '2005-11-04 00:00:00', 105, 5, 97.00000, 6.00, 0.00, 3.00, 0),
(198, '2005-11-05 00:00:00', 258, 5, 137.00000, 3.00, 16.00, 16.00, 0),
(199, '2005-11-05 00:00:00', 309, 7, 59.00000, 6.00, 16.00, 0.00, 0),
(200, '2005-11-07 00:00:00', 105, 2, 71.00000, 6.00, 0.00, 23.00, 0),
(201, '2005-11-14 00:00:00', 54, 6, 22.00000, 6.00, 16.00, 8.00, 0),
(202, '2005-11-14 00:00:00', 348, 7, 69.00000, 6.00, 16.00, 21.00, 0),
(203, '2005-11-21 00:00:00', 108, 2, 28.00000, 6.00, 7.00, 15.00, 0),
(204, '2005-11-22 00:00:00', 75, 5, 161.00000, 3.00, 0.00, 22.00, 0),
(205, '2005-11-22 00:00:00', 324, 2, 50.00000, 6.00, 16.00, 18.00, 0),
(206, '2005-11-24 00:00:00', 114, 4, 93.00000, 6.00, 16.00, 7.00, 0),
(207, '2005-11-26 00:00:00', 390, 2, 70.00000, 6.00, 16.00, 0.00, 0),
(208, '2005-11-28 00:00:00', 21, 2, 130.00000, 3.00, 0.00, 7.00, 0),
(209, '2005-11-30 00:00:00', 210, 6, 40.00000, 6.00, 7.00, 14.00, 0),
(210, '2005-12-02 00:00:00', 378, 4, 108.00000, 3.00, 16.00, 3.00, 0),
(211, '2005-12-07 00:00:00', 237, 4, 49.00000, 6.00, 16.00, 7.00, 0),
(212, '2005-12-10 00:00:00', 303, 6, 74.00000, 6.00, 7.00, 0.00, 0),
(213, '2005-12-14 00:00:00', 273, 7, 75.00000, 6.00, 7.00, 15.00, 0),
(214, '2005-12-16 00:00:00', 66, 4, 136.00000, 3.00, 16.00, 16.00, 0),
(215, '2005-12-19 00:00:00', 45, 8, 186.00000, 3.00, 7.00, 0.00, 0),
(216, '2005-12-19 00:00:00', 69, 8, 94.00000, 6.00, 7.00, 0.00, 0),
(217, '2005-12-22 00:00:00', 297, 6, 24.00000, 6.00, 7.00, 12.00, 0),
(218, '2005-12-22 00:00:00', 111, 7, 67.00000, 6.00, 16.00, 0.00, 0),
(219, '2005-12-22 00:00:00', 372, 4, 176.00000, 3.00, 7.00, 0.00, 0),
(220, '2005-12-23 00:00:00', 162, 8, 40.00000, 6.00, 16.00, 23.00, 0),
(221, '2005-12-26 00:00:00', 150, 3, 236.00000, 0.00, 16.00, 0.00, 0),
(222, '2005-12-26 00:00:00', 384, 6, 119.00000, 3.00, 16.00, 14.00, 0),
(223, '2005-12-30 00:00:00', 348, 2, 24.00000, 6.00, 16.00, 21.00, 0),
(224, '2006-01-09 00:00:00', 234, 2, 116.00000, 3.00, 16.00, 0.00, 0),
(225, '2006-01-15 00:00:00', 147, 8, 135.00000, 3.00, 7.00, 0.00, 0),
(226, '2006-01-26 00:00:00', 90, 8, 150.00000, 3.00, 7.00, 17.00, 0),
(227, '2006-02-03 00:00:00', 228, 10, 13.00000, 6.00, 0.00, 9.00, 0),
(228, '2006-02-08 00:00:00', 207, 7, 38.00000, 6.00, 7.00, 0.00, 0),
(229, '2006-02-09 00:00:00', 111, 11, 18.00000, 6.00, 16.00, 0.00, 0),
(230, '2006-02-12 00:00:00', 285, 6, 67.00000, 6.00, 7.00, 12.00, 0),
(231, '2006-02-13 00:00:00', 273, 3, 172.00000, 3.00, 7.00, 0.00, 0),
(232, '2006-02-18 00:00:00', 81, 10, 165.00000, 3.00, 16.00, 0.00, 0),
(233, '2006-02-18 00:00:00', 348, 6, 149.00000, 3.00, 16.00, 0.00, 0),
(234, '2006-02-24 00:00:00', 15, 7, 44.00000, 6.00, 0.00, 2.00, 0),
(235, '2006-03-06 00:00:00', 54, 8, 163.00000, 3.00, 0.00, 1.00, 0),
(236, '2006-03-06 00:00:00', 15, 16, 95.00000, 6.00, 16.00, 12.00, 0),
(237, '2006-03-06 00:00:00', 363, 1, 161.00000, 3.00, 7.00, 0.00, 0),
(238, '2006-03-07 00:00:00', 102, 7, 19.00000, 6.00, 16.00, 0.00, 0),
(239, '2006-03-07 00:00:00', 387, 9, 66.00000, 6.00, 16.00, 8.00, 0),
(240, '2006-03-16 00:00:00', 375, 16, 163.00000, 3.00, 16.00, 0.00, 0),
(241, '2006-03-23 00:00:00', 270, 16, 59.00000, 6.00, 16.00, 14.00, 0),
(242, '2006-03-23 00:00:00', 327, 1, 152.00000, 3.00, 16.00, 0.00, 0),
(243, '2006-03-27 00:00:00', 114, 5, 58.00000, 6.00, 16.00, 5.00, 0),
(244, '2006-03-31 00:00:00', 147, 4, 103.00000, 3.00, 7.00, 0.00, 0),
(245, '2006-04-05 00:00:00', 150, 13, 46.00000, 6.00, 16.00, 0.00, 0),
(246, '2006-04-06 00:00:00', 381, 14, 144.00000, 3.00, 16.00, 0.00, 0),
(247, '2006-04-12 00:00:00', 42, 5, 102.00000, 3.00, 16.00, 20.00, 0),
(248, '2006-04-12 00:00:00', 381, 16, 163.00000, 3.00, 16.00, 19.00, 0),
(249, '2006-04-17 00:00:00', 300, 5, 90.00000, 6.00, 16.00, 0.00, 0),
(250, '2006-04-17 00:00:00', 102, 4, 45.00000, 6.00, 0.00, 0.00, 0),
(251, '2006-04-25 00:00:00', 369, 10, 212.00000, 0.00, 7.00, 0.00, 0),
(252, '2006-05-02 00:00:00', 360, 6, 121.00000, 3.00, 7.00, 21.00, 0),
(253, '2006-05-03 00:00:00', 207, 4, 165.00000, 3.00, 7.00, 0.00, 0),
(254, '2006-05-05 00:00:00', 3, 9, 22.00000, 6.00, 7.00, 0.00, 0),
(255, '2006-05-13 00:00:00', 117, 8, 117.00000, 3.00, 16.00, 0.00, 0),
(256, '2006-05-15 00:00:00', 33, 12, 156.00000, 3.00, 7.00, 2.00, 0),
(257, '2006-05-16 00:00:00', 30, 3, 122.00000, 3.00, 16.00, 25.00, 0),
(258, '2006-05-16 00:00:00', 174, 11, 39.00000, 6.00, 0.00, 0.00, 0),
(259, '2006-05-18 00:00:00', 225, 7, 104.00000, 3.00, 0.00, 0.00, 0),
(260, '2006-05-20 00:00:00', 63, 10, 57.00000, 6.00, 16.00, 7.00, 0),
(261, '2006-05-21 00:00:00', 111, 1, 71.00000, 6.00, 7.00, 0.00, 0),
(262, '2006-05-21 00:00:00', 360, 12, 128.00000, 3.00, 7.00, 20.00, 0),
(263, '2006-05-26 00:00:00', 201, 15, 36.00000, 6.00, 16.00, 0.00, 0),
(264, '2006-06-01 00:00:00', 147, 2, 58.00000, 6.00, 7.00, 1.00, 0),
(265, '2006-06-04 00:00:00', 78, 9, 107.00000, 3.00, 16.00, 15.00, 0),
(266, '2006-06-05 00:00:00', 108, 11, 195.00000, 3.00, 7.00, 22.00, 0),
(267, '2006-06-06 00:00:00', 42, 13, 107.00000, 3.00, 16.00, 0.00, 0),
(268, '2006-06-07 00:00:00', 57, 13, 116.00000, 3.00, 7.00, 0.00, 0),
(269, '2006-06-09 00:00:00', 66, 4, 220.00000, 0.00, 0.00, 0.00, 0),
(270, '2006-06-12 00:00:00', 336, 15, 38.00000, 6.00, 0.00, 0.00, 0),
(271, '2006-06-13 00:00:00', 219, 3, 86.00000, 6.00, 7.00, 14.00, 0),
(272, '2006-06-13 00:00:00', 162, 6, 35.00000, 6.00, 7.00, 4.00, 0),
(273, '2006-06-14 00:00:00', 99, 12, 78.00000, 6.00, 7.00, 0.00, 0),
(274, '2006-06-17 00:00:00', 234, 5, 32.00000, 6.00, 7.00, 0.00, 0),
(275, '2006-06-19 00:00:00', 126, 3, 194.00000, 3.00, 7.00, 9.00, 0),
(276, '2006-06-19 00:00:00', 354, 6, 27.00000, 6.00, 7.00, 0.00, 0),
(277, '2006-07-02 00:00:00', 183, 15, 176.00000, 3.00, 16.00, 13.00, 0),
(278, '2006-07-04 00:00:00', 246, 3, 85.00000, 6.00, 16.00, 22.00, 0),
(279, '2006-07-05 00:00:00', 144, 4, 12.00000, 6.00, 0.00, 23.00, 0),
(280, '2006-07-05 00:00:00', 390, 2, 81.00000, 6.00, 0.00, 0.00, 0),
(281, '2006-07-06 00:00:00', 189, 8, 9.00000, 6.00, 16.00, 8.00, 0),
(282, '2006-07-20 00:00:00', 3, 16, 184.00000, 3.00, 16.00, 18.00, 0),
(283, '2006-07-20 00:00:00', 378, 13, 86.00000, 6.00, 16.00, 12.00, 0),
(284, '2006-08-03 00:00:00', 18, 6, 109.00000, 3.00, 0.00, 1.00, 0),
(285, '2006-08-08 00:00:00', 183, 8, 176.00000, 3.00, 7.00, 0.00, 0),
(286, '2006-08-08 00:00:00', 249, 11, 44.00000, 6.00, 7.00, 3.00, 0),
(287, '2006-08-10 00:00:00', 291, 3, 211.00000, 0.00, 16.00, 0.00, 0),
(288, '2006-08-11 00:00:00', 87, 5, 22.00000, 6.00, 16.00, 0.00, 0),
(289, '2006-08-11 00:00:00', 327, 14, 66.00000, 6.00, 7.00, 0.00, 0),
(290, '2006-08-12 00:00:00', 45, 8, 95.00000, 6.00, 0.00, 6.00, 0),
(291, '2006-08-16 00:00:00', 129, 13, 76.00000, 6.00, 0.00, 0.00, 0),
(292, '2006-08-27 00:00:00', 180, 8, 112.00000, 3.00, 16.00, 13.00, 0),
(293, '2006-09-01 00:00:00', 99, 16, 55.00000, 6.00, 0.00, 0.00, 0),
(294, '2006-09-02 00:00:00', 96, 1, 179.00000, 3.00, 16.00, 13.00, 0),
(295, '2006-09-03 00:00:00', 294, 11, 75.00000, 6.00, 16.00, 12.00, 0),
(296, '2006-09-07 00:00:00', 228, 2, 166.00000, 3.00, 0.00, 0.00, 0),
(297, '2006-09-07 00:00:00', 276, 4, 88.00000, 6.00, 16.00, 0.00, 0),
(298, '2006-09-07 00:00:00', 360, 11, 186.00000, 3.00, 16.00, 7.00, 0),
(299, '2006-09-10 00:00:00', 99, 13, 98.00000, 6.00, 16.00, 0.00, 0),
(300, '2006-09-10 00:00:00', 138, 7, 116.00000, 3.00, 16.00, 2.00, 0),
(301, '2006-09-10 00:00:00', 336, 10, 134.00000, 3.00, 16.00, 18.00, 0),
(302, '2006-09-13 00:00:00', 243, 15, 153.00000, 3.00, 16.00, 5.00, 0),
(303, '2006-09-15 00:00:00', 72, 4, 128.00000, 3.00, 7.00, 20.00, 0),
(304, '2006-09-22 00:00:00', 213, 6, 176.00000, 3.00, 16.00, 0.00, 0),
(305, '2006-09-23 00:00:00', 57, 9, 59.00000, 6.00, 16.00, 0.00, 0),
(306, '2006-09-23 00:00:00', 306, 16, 25.00000, 6.00, 16.00, 0.00, 0),
(307, '2006-10-01 00:00:00', 99, 13, 116.00000, 3.00, 16.00, 24.00, 0),
(308, '2006-10-01 00:00:00', 315, 8, 218.00000, 0.00, 16.00, 21.00, 0),
(309, '2006-10-04 00:00:00', 9, 14, 30.00000, 6.00, 0.00, 0.00, 0),
(310, '2006-10-06 00:00:00', 195, 7, 134.00000, 3.00, 16.00, 0.00, 0),
(311, '2006-10-12 00:00:00', 78, 7, 59.00000, 6.00, 7.00, 23.00, 0),
(312, '2006-10-14 00:00:00', 294, 13, 67.00000, 6.00, 16.00, 21.00, 0),
(313, '2006-10-14 00:00:00', 327, 15, 21.00000, 6.00, 16.00, 4.00, 0),
(314, '2006-10-15 00:00:00', 354, 9, 41.00000, 6.00, 16.00, 0.00, 0),
(315, '2006-10-16 00:00:00', 258, 8, 70.00000, 6.00, 7.00, 13.00, 0),
(316, '2006-10-17 00:00:00', 33, 7, 12.00000, 6.00, 7.00, 6.00, -1),
(317, '2006-10-20 00:00:00', 63, 10, 134.00000, 3.00, 16.00, 25.00, 0),
(318, '2006-10-20 00:00:00', 384, 3, 111.00000, 3.00, 0.00, 0.00, 0),
(319, '2006-10-22 00:00:00', 201, 16, 55.00000, 6.00, 16.00, 0.00, 0),
(320, '2006-10-22 00:00:00', 378, 2, 121.00000, 3.00, 0.00, 0.00, 0),
(321, '2006-10-23 00:00:00', 15, 9, 12.00000, 6.00, 7.00, 0.00, 0),
(322, '2006-10-23 00:00:00', 312, 6, 114.00000, 3.00, 16.00, 0.00, 0),
(323, '2006-10-24 00:00:00', 294, 8, 152.00000, 3.00, 16.00, 21.00, 0),
(324, '2006-10-31 00:00:00', 339, 16, 120.00000, 3.00, 16.00, 8.00, 0),
(325, '2006-11-01 00:00:00', 192, 6, 71.00000, 6.00, 16.00, 10.00, 0),
(326, '2006-11-01 00:00:00', 333, 12, 154.00000, 3.00, 16.00, 0.00, 0),
(327, '2006-11-03 00:00:00', 123, 7, 170.00000, 3.00, 0.00, 10.00, 0),
(328, '2006-11-06 00:00:00', 159, 3, 171.00000, 3.00, 16.00, 4.00, 0),
(329, '2006-11-07 00:00:00', 63, 14, 36.00000, 6.00, 16.00, 0.00, 0),
(330, '2006-11-07 00:00:00', 327, 4, 48.00000, 6.00, 7.00, 0.00, 0),
(331, '2006-11-09 00:00:00', 225, 14, 168.00000, 3.00, 0.00, 5.00, 0),
(332, '2006-11-12 00:00:00', 372, 12, 79.00000, 6.00, 16.00, 0.00, 0),
(333, '2006-11-16 00:00:00', 252, 3, 217.00000, 0.00, 7.00, 0.00, 0),
(334, '2006-11-16 00:00:00', 351, 6, 177.00000, 3.00, 16.00, 0.00, 0),
(335, '2006-11-23 00:00:00', 189, 15, 112.00000, 3.00, 0.00, 0.00, 0),
(336, '2006-11-23 00:00:00', 36, 5, 122.00000, 3.00, 0.00, 0.00, 0),
(337, '2006-11-25 00:00:00', 15, 12, 156.00000, 3.00, 16.00, 0.00, 0),
(338, '2006-11-26 00:00:00', 177, 8, 129.00000, 3.00, 16.00, 0.00, 0),
(339, '2006-11-26 00:00:00', 156, 6, 120.00000, 3.00, 16.00, 8.00, 0),
(340, '2006-11-30 00:00:00', 21, 11, 130.00000, 3.00, 16.00, 0.00, 0),
(341, '2006-12-02 00:00:00', 240, 3, 156.00000, 3.00, 7.00, 0.00, 0),
(342, '2006-12-02 00:00:00', 27, 9, 33.00000, 6.00, 0.00, 15.00, 0),
(343, '2006-12-05 00:00:00', 42, 4, 58.00000, 6.00, 16.00, 0.00, 0),
(344, '2006-12-05 00:00:00', 162, 9, 125.00000, 3.00, 16.00, 0.00, 0),
(345, '2006-12-05 00:00:00', 360, 3, 204.00000, 0.00, 16.00, 18.00, 0),
(346, '2006-12-07 00:00:00', 213, 15, 39.00000, 6.00, 7.00, 18.00, 0),
(347, '2006-12-10 00:00:00', 69, 13, 88.00000, 6.00, 16.00, 0.00, 0),
(348, '2006-12-11 00:00:00', 180, 4, 182.00000, 3.00, 7.00, 5.00, 0),
(349, '2006-12-11 00:00:00', 273, 2, 52.00000, 6.00, 16.00, 13.00, 0),
(350, '2006-12-11 00:00:00', 318, 3, 134.00000, 3.00, 16.00, 8.00, 0),
(351, '2006-12-12 00:00:00', 219, 9, 23.00000, 6.00, 7.00, 0.00, 0),
(352, '2006-12-12 00:00:00', 177, 13, 18.00000, 6.00, 7.00, 20.00, 0),
(353, '2006-12-12 00:00:00', 333, 16, 127.00000, 3.00, 0.00, 0.00, 0),
(354, '2006-12-14 00:00:00', 270, 13, 72.00000, 6.00, 7.00, 0.00, 0),
(355, '2006-12-19 00:00:00', 87, 10, 126.00000, 3.00, 0.00, 17.00, 0),
(356, '2006-12-21 00:00:00', 255, 15, 119.00000, 3.00, 7.00, 0.00, 0),
(357, '2006-12-21 00:00:00', 384, 12, 136.00000, 3.00, 16.00, 0.00, 0),
(358, '2006-12-30 00:00:00', 99, 12, 153.00000, 3.00, 0.00, 0.00, 0),
(359, '2007-01-01 00:00:00', 198, 13, 9.00000, 6.00, 16.00, 1.00, 0),
(360, '2007-01-01 00:00:00', 303, 5, 133.00000, 3.00, 0.00, 7.00, 0),
(361, '2007-01-03 00:00:00', 249, 6, 77.00000, 6.00, 16.00, 19.00, 0),
(362, '2007-01-04 00:00:00', 219, 7, 63.00000, 6.00, 16.00, 0.00, 0),
(363, '2007-01-04 00:00:00', 69, 15, 102.00000, 3.00, 7.00, 0.00, 0),
(364, '2007-01-04 00:00:00', 318, 9, 36.00000, 6.00, 7.00, 12.00, 0),
(365, '2007-01-04 00:00:00', 375, 9, 30.00000, 6.00, 0.00, 0.00, 0),
(366, '2007-01-05 00:00:00', 249, 4, 66.00000, 6.00, 7.00, 0.00, 0),
(367, '2007-01-07 00:00:00', 240, 10, 210.00000, 0.00, 0.00, 0.00, 0),
(368, '2007-01-08 00:00:00', 255, 4, 12.00000, 6.00, 7.00, 12.00, 0),
(369, '2007-01-09 00:00:00', 291, 13, 115.00000, 3.00, 16.00, 0.00, 0),
(370, '2007-01-24 00:00:00', 267, 18, 50.00000, 6.00, 16.00, 0.00, 0),
(371, '2007-01-24 00:00:00', 384, 11, 208.00000, 0.00, 7.00, 19.00, 0),
(372, '2007-02-04 00:00:00', 210, 16, 99.00000, 6.00, 7.00, 7.00, 0),
(373, '2007-02-05 00:00:00', 129, 5, 66.00000, 6.00, 0.00, 10.00, 0),
(374, '2007-02-08 00:00:00', 159, 17, 185.00000, 3.00, 16.00, 0.00, 0),
(375, '2007-02-10 00:00:00', 120, 10, 39.00000, 6.00, 16.00, 0.00, 0),
(376, '2007-02-10 00:00:00', 381, 8, 9.00000, 6.00, 0.00, 11.00, 0),
(377, '2007-02-14 00:00:00', 162, 9, 160.00000, 3.00, 0.00, 0.00, 0),
(378, '2007-02-16 00:00:00', 300, 8, 88.00000, 6.00, 0.00, 21.00, 0),
(379, '2007-02-16 00:00:00', 378, 15, 97.00000, 6.00, 16.00, 13.00, 0),
(380, '2007-02-24 00:00:00', 81, 14, 88.00000, 6.00, 16.00, 15.00, 0),
(381, '2007-02-27 00:00:00', 270, 5, 205.00000, 0.00, 0.00, 9.00, 0),
(382, '2007-03-02 00:00:00', 27, 15, 75.00000, 6.00, 16.00, 0.00, 0),
(383, '2007-03-08 00:00:00', 42, 7, 35.00000, 6.00, 7.00, 0.00, 0),
(384, '2007-03-08 00:00:00', 210, 4, 122.00000, 3.00, 7.00, 4.00, 0),
(385, '2007-03-09 00:00:00', 264, 3, 66.00000, 6.00, 0.00, 0.00, 0),
(386, '2007-03-10 00:00:00', 189, 5, 193.00000, 3.00, 0.00, 5.00, 0),
(387, '2007-03-13 00:00:00', 57, 15, 85.00000, 6.00, 0.00, 20.00, 0),
(388, '2007-03-15 00:00:00', 213, 17, 18.00000, 6.00, 7.00, 0.00, 0),
(389, '2007-03-15 00:00:00', 348, 17, 58.00000, 6.00, 16.00, 3.00, 0),
(390, '2007-03-16 00:00:00', 180, 10, 112.00000, 3.00, 7.00, 25.00, 0),
(391, '2007-03-22 00:00:00', 57, 17, 18.00000, 6.00, 16.00, 0.00, 0),
(392, '2007-03-23 00:00:00', 108, 3, 184.00000, 3.00, 0.00, 0.00, 0),
(393, '2007-03-23 00:00:00', 60, 13, 10.00000, 6.00, 7.00, 6.00, 0),
(394, '2007-03-26 00:00:00', 261, 17, 142.00000, 3.00, 7.00, 2.00, 0),
(395, '2007-03-26 00:00:00', 300, 18, 54.00000, 6.00, 16.00, 0.00, 0),
(396, '2007-03-26 00:00:00', 378, 15, 127.00000, 3.00, 16.00, 0.00, 0),
(397, '2007-03-28 00:00:00', 153, 17, 82.00000, 6.00, 7.00, 0.00, 0),
(398, '2007-03-31 00:00:00', 165, 18, 95.00000, 6.00, 0.00, 10.00, 0),
(399, '2007-04-03 00:00:00', 102, 6, 154.00000, 3.00, 16.00, 0.00, 0),
(400, '2007-04-04 00:00:00', 192, 10, 195.00000, 3.00, 0.00, 0.00, 0),
(401, '2007-04-04 00:00:00', 363, 15, 67.00000, 6.00, 16.00, 7.00, 0),
(402, '2007-04-05 00:00:00', 3, 2, 105.00000, 3.00, 16.00, 0.00, 0),
(403, '2007-04-06 00:00:00', 273, 11, 74.00000, 6.00, 0.00, 0.00, 0),
(404, '2007-04-06 00:00:00', 174, 10, 149.00000, 3.00, 7.00, 24.00, 0),
(405, '2007-04-13 00:00:00', 6, 2, 175.00000, 3.00, 0.00, 0.00, 0),
(406, '2007-04-15 00:00:00', 117, 14, 115.00000, 3.00, 7.00, 0.00, 0),
(407, '2007-04-17 00:00:00', 297, 11, 64.00000, 6.00, 7.00, 0.00, 0),
(408, '2007-04-18 00:00:00', 75, 18, 131.00000, 3.00, 7.00, 24.00, 0),
(409, '2007-04-25 00:00:00', 48, 18, 88.00000, 6.00, 7.00, 0.00, 0),
(410, '2007-04-25 00:00:00', 291, 13, 145.00000, 3.00, 16.00, 0.00, 0),
(411, '2007-04-26 00:00:00', 174, 17, 84.00000, 6.00, 0.00, 0.00, 0),
(412, '2007-04-27 00:00:00', 180, 3, 41.00000, 6.00, 16.00, 5.00, 0),
(413, '2007-04-27 00:00:00', 390, 4, 166.00000, 3.00, 7.00, 11.00, 0),
(414, '2007-04-29 00:00:00', 18, 12, 77.00000, 6.00, 0.00, 0.00, 0),
(415, '2007-05-02 00:00:00', 171, 9, 88.00000, 6.00, 0.00, 0.00, 0),
(416, '2007-05-02 00:00:00', 3, 17, 191.00000, 3.00, 16.00, 0.00, 0),
(417, '2007-05-08 00:00:00', 294, 18, 46.00000, 6.00, 0.00, 0.00, 0),
(418, '2007-05-11 00:00:00', 168, 18, 62.00000, 6.00, 0.00, 10.00, 0),
(419, '2007-05-12 00:00:00', 174, 15, 65.00000, 6.00, 16.00, 0.00, 0),
(420, '2007-05-12 00:00:00', 24, 8, 203.00000, 0.00, 7.00, 20.00, -1),
(421, '2007-05-17 00:00:00', 240, 1, 42.00000, 6.00, 16.00, 1.00, 0),
(422, '2007-05-18 00:00:00', 108, 18, 49.00000, 6.00, 16.00, 0.00, 0),
(423, '2007-05-19 00:00:00', 264, 20, 63.00000, 6.00, 16.00, 0.00, 0),
(424, '2007-05-22 00:00:00', 180, 9, 205.00000, 0.00, 16.00, 5.00, 0),
(425, '2007-05-26 00:00:00', 168, 11, 158.00000, 3.00, 7.00, 0.00, 0),
(426, '2007-05-27 00:00:00', 288, 18, 26.00000, 6.00, 16.00, 0.00, 0),
(427, '2007-06-01 00:00:00', 54, 18, 27.00000, 6.00, 7.00, 0.00, 0),
(428, '2007-06-01 00:00:00', 249, 18, 81.00000, 6.00, 16.00, 20.00, 0),
(429, '2007-06-04 00:00:00', 141, 11, 75.00000, 6.00, 7.00, 4.00, 0),
(430, '2007-06-04 00:00:00', 372, 16, 49.00000, 6.00, 16.00, 2.00, 0),
(431, '2007-06-05 00:00:00', 204, 7, 157.00000, 3.00, 0.00, 0.00, 0),
(432, '2007-06-05 00:00:00', 222, 15, 70.00000, 6.00, 16.00, 3.00, 0),
(433, '2007-06-07 00:00:00', 180, 9, 10.00000, 6.00, 16.00, 7.00, 0),
(434, '2007-06-12 00:00:00', 45, 19, 185.00000, 3.00, 0.00, 2.00, 0),
(435, '2007-06-15 00:00:00', 204, 3, 103.00000, 3.00, 7.00, 19.00, 0),
(436, '2007-06-15 00:00:00', 126, 12, 19.00000, 6.00, 16.00, 0.00, 0),
(437, '2007-06-16 00:00:00', 96, 3, 41.00000, 6.00, 0.00, 0.00, 0),
(438, '2007-06-19 00:00:00', 228, 11, 57.00000, 6.00, 7.00, 0.00, 0),
(439, '2007-06-19 00:00:00', 93, 6, 59.00000, 6.00, 0.00, 5.00, 0),
(440, '2007-06-21 00:00:00', 207, 8, 118.00000, 3.00, 16.00, 25.00, 0),
(441, '2007-06-21 00:00:00', 369, 13, 74.00000, 6.00, 16.00, 0.00, 0),
(442, '2007-06-24 00:00:00', 273, 10, 214.00000, 0.00, 16.00, 0.00, 0),
(443, '2007-06-24 00:00:00', 357, 7, 164.00000, 3.00, 16.00, 23.00, 0),
(444, '2007-07-01 00:00:00', 135, 19, 8.00000, 6.00, 16.00, 0.00, 0),
(445, '2007-07-02 00:00:00', 318, 11, 34.00000, 6.00, 0.00, 16.00, 0),
(446, '2007-07-06 00:00:00', 12, 11, 30.00000, 6.00, 16.00, 20.00, 0),
(447, '2007-07-06 00:00:00', 138, 4, 36.00000, 6.00, 16.00, 16.00, 0),
(448, '2007-07-06 00:00:00', 357, 4, 38.00000, 6.00, 16.00, 0.00, 0),
(449, '2007-07-06 00:00:00', 366, 3, 67.00000, 6.00, 7.00, 0.00, 0),
(450, '2007-07-14 00:00:00', 282, 19, 161.00000, 3.00, 7.00, 0.00, 0),
(451, '2007-07-19 00:00:00', 252, 5, 71.00000, 6.00, 7.00, 25.00, 0),
(452, '2007-07-19 00:00:00', 252, 20, 256.00000, 0.00, 16.00, 2.00, 0),
(453, '2007-07-22 00:00:00', 261, 7, 157.00000, 3.00, 16.00, 0.00, 0),
(454, '2007-07-29 00:00:00', 192, 6, 12.00000, 6.00, 16.00, 7.00, 0),
(455, '2007-07-29 00:00:00', 339, 4, 15.00000, 6.00, 7.00, 5.00, 0),
(456, '2007-07-31 00:00:00', 237, 15, 149.00000, 3.00, 0.00, 0.00, 0),
(457, '2007-08-02 00:00:00', 156, 13, 95.00000, 6.00, 16.00, 0.00, 0),
(458, '2007-08-03 00:00:00', 231, 15, 59.00000, 6.00, 7.00, 24.00, 0),
(459, '2007-08-06 00:00:00', 57, 7, 85.00000, 6.00, 16.00, 0.00, 0),
(460, '2007-08-06 00:00:00', 366, 11, 50.00000, 6.00, 7.00, 0.00, 0),
(461, '2007-08-08 00:00:00', 102, 12, 126.00000, 3.00, 16.00, 0.00, 0),
(462, '2007-08-18 00:00:00', 258, 7, 189.00000, 3.00, 7.00, 16.00, 0),
(463, '2007-08-20 00:00:00', 111, 19, 94.00000, 6.00, 16.00, 25.00, 0),
(464, '2007-08-22 00:00:00', 180, 20, 30.00000, 6.00, 0.00, 0.00, 0),
(465, '2007-08-22 00:00:00', 108, 7, 12.00000, 6.00, 16.00, 0.00, 0),
(466, '2007-08-23 00:00:00', 258, 13, 132.00000, 3.00, 7.00, 0.00, 0),
(467, '2007-08-23 00:00:00', 207, 13, 10.00000, 6.00, 7.00, 21.00, 0),
(468, '2007-08-23 00:00:00', 342, 14, 80.00000, 6.00, 16.00, 0.00, 0),
(469, '2007-08-24 00:00:00', 201, 20, 163.00000, 3.00, 16.00, 19.00, 0),
(470, '2007-08-25 00:00:00', 156, 10, 45.00000, 6.00, 16.00, 0.00, 0),
(471, '2007-08-25 00:00:00', 138, 12, 35.00000, 6.00, 16.00, 0.00, -1),
(472, '2007-08-29 00:00:00', 150, 6, 44.00000, 6.00, 0.00, 24.00, 0),
(473, '2007-08-29 00:00:00', 327, 7, 78.00000, 6.00, 16.00, 0.00, 0),
(474, '2007-09-01 00:00:00', 162, 2, 196.00000, 3.00, 16.00, 0.00, 0),
(475, '2007-09-02 00:00:00', 84, 2, 168.00000, 3.00, 7.00, 20.00, 0),
(476, '2007-09-03 00:00:00', 279, 5, 117.00000, 3.00, 0.00, 0.00, 0),
(477, '2007-09-03 00:00:00', 351, 12, 116.00000, 3.00, 16.00, 0.00, 0),
(478, '2007-09-04 00:00:00', 36, 8, 224.00000, 0.00, 16.00, 17.00, 0),
(479, '2007-09-04 00:00:00', 369, 12, 94.00000, 6.00, 0.00, 0.00, 0),
(480, '2007-09-07 00:00:00', 120, 11, 30.00000, 6.00, 16.00, 0.00, -1),
(481, '2007-09-10 00:00:00', 345, 9, 83.00000, 6.00, 16.00, 6.00, 0),
(482, '2007-09-12 00:00:00', 204, 11, 264.00000, 0.00, 16.00, 19.00, 0),
(483, '2007-09-20 00:00:00', 159, 5, 220.00000, 0.00, 7.00, 14.00, 0),
(484, '2007-09-21 00:00:00', 87, 11, 122.00000, 3.00, 7.00, 8.00, 0),
(485, '2007-09-24 00:00:00', 261, 15, 147.00000, 3.00, 0.00, 0.00, 0),
(486, '2007-09-24 00:00:00', 315, 9, 55.00000, 6.00, 7.00, 0.00, 0),
(487, '2007-10-14 00:00:00', 207, 13, 110.00000, 3.00, 16.00, 0.00, 0),
(488, '2007-10-31 00:00:00', 93, 10, 107.00000, 3.00, 16.00, 0.00, 0),
(489, '2007-10-31 00:00:00', 69, 11, 21.00000, 6.00, 16.00, 0.00, 0),
(490, '2007-10-31 00:00:00', 3, 9, 40.00000, 6.00, 0.00, 0.00, 0);
/*!40000 ALTER TABLE facturas ENABLE KEYS */;

-- 
-- Dumping data for table lineas_fac
--

/*!40000 ALTER TABLE lineas_fac DISABLE KEYS */;INSERT INTO lineas_fac(CdFac, Linea, CodPelicula, Precio, Cant, Dto) VALUES
(101, 1, 108, 18.00, 1, 0.00),
(101, 2, 109, 8.00, 2, 3.00),
(101, 3, 118, 10.00, 2, 3.00),
(101, 4, 133, 23.00, 1, 0.00),
(102, 1, 112, 11.00, 2, 3.00),
(102, 2, 131, 18.00, 2, 3.00),
(102, 3, 102, 18.00, 1, 0.00),
(102, 4, 107, 12.00, 3, 5.00),
(102, 5, 113, 13.00, 3, 5.00),
(102, 6, 114, 15.00, 1, 0.00),
(103, 1, 126, 8.00, 2, 3.00),
(103, 2, 114, 15.00, 2, 3.00),
(103, 3, 129, 11.00, 2, 3.00),
(104, 1, 109, 8.00, 3, 5.00),
(104, 2, 113, 13.00, 1, 0.00),
(104, 3, 125, 12.00, 2, 3.00),
(104, 4, 116, 10.00, 2, 3.00),
(104, 5, 119, 12.00, 1, 0.00),
(104, 6, 117, 8.00, 1, 0.00),
(104, 7, 120, 9.00, 1, 0.00),
(104, 8, 104, 21.00, 2, 3.00),
(104, 9, 110, 24.00, 2, 3.00),
(104, 10, 130, 14.00, 1, 0.00),
(105, 1, 103, 12.00, 2, 3.00),
(105, 2, 107, 12.00, 2, 3.00),
(105, 3, 102, 18.00, 2, 3.00),
(105, 4, 122, 8.00, 2, 3.00),
(105, 5, 125, 12.00, 1, 0.00),
(105, 6, 109, 8.00, 1, 0.00),
(105, 7, 103, 12.00, 1, 0.00),
(105, 8, 128, 12.00, 3, 5.00),
(105, 9, 108, 18.00, 1, 0.00),
(106, 1, 118, 10.00, 2, 3.00),
(106, 2, 123, 22.00, 1, 0.00),
(106, 3, 127, 9.00, 1, 0.00),
(106, 4, 116, 10.00, 1, 0.00),
(106, 5, 101, 12.00, 1, 0.00),
(106, 6, 107, 12.00, 1, 0.00),
(107, 1, 107, 12.00, 3, 5.00),
(107, 2, 106, 18.00, 1, 0.00),
(108, 1, 110, 24.00, 1, 0.00),
(108, 2, 119, 12.00, 2, 3.00),
(108, 3, 124, 9.00, 1, 0.00),
(108, 4, 126, 8.00, 1, 0.00),
(108, 5, 118, 10.00, 2, 3.00),
(108, 6, 105, 17.00, 1, 0.00),
(108, 7, 127, 9.00, 1, 0.00),
(108, 8, 109, 8.00, 2, 3.00),
(109, 1, 115, 8.00, 2, 3.00),
(109, 2, 110, 24.00, 1, 0.00),
(109, 3, 114, 15.00, 2, 3.00),
(109, 4, 125, 12.00, 1, 0.00),
(109, 5, 114, 15.00, 3, 5.00),
(110, 1, 126, 8.00, 2, 3.00),
(110, 2, 115, 8.00, 2, 3.00),
(110, 3, 102, 18.00, 1, 0.00),
(110, 4, 129, 11.00, 1, 0.00),
(110, 5, 102, 18.00, 3, 5.00),
(110, 6, 111, 9.00, 1, 0.00),
(110, 7, 112, 11.00, 2, 3.00),
(110, 8, 131, 18.00, 2, 3.00),
(110, 9, 123, 22.00, 1, 0.00),
(111, 1, 130, 14.00, 2, 3.00),
(111, 2, 126, 8.00, 2, 3.00),
(111, 3, 102, 18.00, 1, 0.00),
(111, 4, 106, 18.00, 1, 0.00),
(111, 5, 123, 22.00, 1, 0.00),
(111, 6, 132, 16.00, 1, 0.00),
(112, 1, 125, 12.00, 2, 3.00),
(112, 2, 116, 10.00, 2, 3.00),
(112, 3, 115, 8.00, 2, 3.00),
(113, 1, 111, 9.00, 1, 0.00),
(113, 2, 131, 18.00, 2, 3.00),
(113, 3, 110, 24.00, 1, 0.00),
(113, 4, 107, 12.00, 1, 0.00),
(113, 5, 133, 23.00, 2, 3.00),
(113, 6, 125, 12.00, 1, 0.00),
(113, 7, 109, 8.00, 1, 0.00),
(113, 8, 111, 9.00, 1, 0.00),
(113, 9, 121, 15.00, 1, 0.00),
(114, 1, 125, 12.00, 2, 3.00),
(114, 2, 113, 13.00, 1, 0.00),
(114, 3, 123, 22.00, 2, 3.00),
(114, 4, 133, 23.00, 2, 3.00),
(114, 5, 132, 16.00, 1, 0.00),
(114, 6, 129, 11.00, 1, 0.00),
(115, 1, 114, 15.00, 3, 5.00),
(115, 2, 118, 10.00, 2, 3.00),
(115, 3, 124, 9.00, 1, 0.00),
(116, 1, 128, 12.00, 1, 0.00),
(116, 2, 107, 12.00, 1, 0.00),
(116, 3, 110, 24.00, 2, 3.00),
(116, 4, 113, 13.00, 3, 5.00),
(116, 5, 122, 8.00, 1, 0.00),
(116, 6, 115, 8.00, 1, 0.00),
(116, 7, 105, 17.00, 1, 0.00),
(116, 8, 126, 8.00, 1, 0.00),
(116, 9, 101, 12.00, 1, 0.00),
(117, 1, 111, 9.00, 1, 0.00),
(117, 2, 108, 18.00, 2, 3.00),
(117, 3, 107, 12.00, 1, 0.00),
(118, 1, 118, 10.00, 1, 0.00),
(118, 2, 128, 12.00, 1, 0.00),
(118, 3, 112, 11.00, 2, 3.00),
(118, 4, 102, 18.00, 1, 0.00),
(118, 5, 127, 9.00, 2, 3.00),
(119, 1, 108, 18.00, 3, 5.00),
(119, 2, 118, 10.00, 3, 5.00),
(119, 3, 115, 8.00, 1, 0.00),
(119, 4, 103, 12.00, 1, 0.00),
(119, 5, 122, 8.00, 1, 0.00),
(120, 1, 133, 23.00, 2, 3.00),
(120, 2, 119, 12.00, 2, 3.00),
(120, 3, 115, 8.00, 2, 3.00),
(120, 4, 113, 13.00, 1, 0.00),
(120, 5, 124, 9.00, 2, 3.00),
(120, 6, 120, 9.00, 2, 3.00),
(120, 7, 108, 18.00, 2, 3.00),
(120, 8, 121, 15.00, 1, 0.00),
(120, 9, 103, 12.00, 1, 0.00),
(120, 10, 128, 12.00, 2, 3.00),
(121, 1, 128, 12.00, 1, 0.00),
(121, 2, 123, 22.00, 2, 3.00),
(121, 3, 129, 11.00, 1, 0.00),
(122, 1, 104, 21.00, 2, 3.00),
(122, 2, 110, 24.00, 3, 5.00),
(122, 3, 131, 18.00, 2, 3.00),
(123, 1, 116, 10.00, 1, 0.00),
(123, 2, 131, 18.00, 2, 3.00),
(123, 3, 117, 8.00, 1, 0.00),
(123, 4, 127, 9.00, 2, 3.00),
(124, 1, 109, 8.00, 1, 0.00),
(124, 2, 133, 23.00, 1, 0.00),
(124, 3, 131, 18.00, 2, 3.00),
(124, 4, 124, 9.00, 1, 0.00),
(124, 5, 111, 9.00, 2, 3.00),
(124, 6, 120, 9.00, 2, 3.00),
(124, 7, 132, 16.00, 2, 3.00),
(124, 8, 131, 18.00, 1, 0.00),
(124, 9, 127, 9.00, 3, 5.00),
(124, 10, 120, 9.00, 1, 0.00),
(125, 1, 104, 21.00, 2, 3.00),
(125, 2, 109, 8.00, 2, 3.00),
(125, 3, 103, 12.00, 2, 3.00),
(125, 4, 114, 15.00, 2, 3.00),
(125, 5, 106, 18.00, 1, 0.00),
(125, 6, 127, 9.00, 1, 0.00),
(125, 7, 117, 8.00, 1, 0.00),
(125, 8, 102, 18.00, 1, 0.00),
(125, 9, 131, 18.00, 1, 0.00),
(125, 10, 116, 10.00, 2, 3.00),
(126, 1, 112, 11.00, 1, 0.00),
(126, 2, 118, 10.00, 3, 5.00),
(127, 1, 113, 13.00, 1, 0.00),
(128, 1, 110, 24.00, 1, 0.00),
(128, 2, 125, 12.00, 2, 3.00),
(128, 3, 130, 14.00, 1, 0.00),
(128, 4, 132, 16.00, 1, 0.00),
(128, 5, 109, 8.00, 1, 0.00),
(129, 1, 109, 8.00, 1, 0.00),
(129, 2, 105, 17.00, 2, 3.00),
(129, 3, 104, 21.00, 1, 0.00),
(130, 1, 102, 18.00, 1, 0.00),
(130, 2, 126, 8.00, 1, 0.00),
(131, 1, 127, 9.00, 3, 5.00),
(131, 2, 125, 12.00, 1, 0.00),
(131, 3, 128, 12.00, 1, 0.00),
(131, 4, 129, 11.00, 1, 0.00),
(131, 5, 105, 17.00, 1, 0.00),
(131, 6, 130, 14.00, 2, 3.00),
(131, 7, 120, 9.00, 2, 3.00),
(131, 8, 126, 8.00, 1, 0.00),
(132, 1, 130, 14.00, 1, 0.00),
(132, 2, 132, 16.00, 1, 0.00),
(132, 3, 131, 18.00, 2, 3.00),
(133, 1, 108, 18.00, 1, 0.00),
(134, 1, 120, 9.00, 3, 5.00),
(134, 2, 108, 18.00, 2, 3.00),
(134, 3, 103, 12.00, 1, 0.00),
(134, 4, 106, 18.00, 2, 3.00),
(134, 5, 129, 11.00, 1, 0.00),
(134, 6, 123, 22.00, 2, 3.00),
(134, 7, 112, 11.00, 2, 3.00),
(134, 8, 115, 8.00, 3, 5.00),
(134, 9, 107, 12.00, 2, 3.00),
(134, 10, 139, 16.00, 1, 0.00),
(135, 1, 116, 10.00, 2, 3.00),
(135, 2, 122, 8.00, 1, 0.00),
(135, 3, 118, 10.00, 1, 0.00),
(135, 4, 127, 9.00, 1, 0.00),
(135, 5, 123, 22.00, 1, 0.00),
(135, 6, 117, 8.00, 3, 5.00),
(136, 1, 104, 21.00, 2, 3.00),
(136, 2, 122, 8.00, 1, 0.00),
(137, 1, 119, 12.00, 1, 0.00),
(137, 2, 108, 18.00, 2, 3.00),
(138, 1, 125, 12.00, 2, 3.00),
(138, 2, 128, 12.00, 2, 3.00),
(138, 3, 131, 18.00, 1, 0.00),
(139, 1, 102, 18.00, 1, 0.00),
(139, 2, 104, 21.00, 2, 3.00),
(139, 3, 131, 18.00, 1, 0.00),
(140, 1, 119, 12.00, 3, 5.00),
(140, 2, 111, 9.00, 1, 0.00),
(140, 3, 128, 12.00, 2, 3.00),
(140, 4, 108, 18.00, 2, 3.00),
(140, 5, 112, 11.00, 2, 3.00),
(141, 1, 132, 16.00, 2, 3.00),
(141, 2, 109, 8.00, 1, 0.00),
(141, 3, 118, 10.00, 1, 0.00),
(142, 1, 127, 9.00, 3, 5.00),
(142, 2, 104, 21.00, 2, 3.00),
(142, 3, 133, 23.00, 1, 0.00),
(142, 4, 132, 16.00, 1, 0.00),
(142, 5, 119, 12.00, 1, 0.00),
(142, 6, 111, 9.00, 1, 0.00),
(142, 7, 123, 22.00, 1, 0.00),
(142, 8, 115, 8.00, 1, 0.00),
(142, 9, 134, 13.00, 3, 5.00),
(142, 10, 113, 13.00, 1, 0.00),
(143, 1, 132, 16.00, 2, 3.00),
(143, 2, 109, 8.00, 2, 3.00),
(143, 3, 108, 18.00, 1, 0.00),
(143, 4, 114, 15.00, 1, 0.00),
(143, 5, 118, 10.00, 1, 0.00),
(143, 6, 105, 17.00, 1, 0.00),
(143, 7, 117, 8.00, 1, 0.00),
(143, 8, 124, 9.00, 3, 5.00),
(143, 9, 128, 12.00, 3, 5.00),
(144, 1, 106, 18.00, 2, 3.00),
(145, 1, 128, 12.00, 1, 0.00),
(145, 2, 123, 22.00, 1, 0.00),
(145, 3, 122, 8.00, 1, 0.00),
(146, 1, 130, 14.00, 1, 0.00),
(147, 1, 131, 18.00, 2, 3.00),
(148, 1, 115, 8.00, 2, 3.00),
(148, 2, 117, 8.00, 2, 3.00),
(148, 3, 119, 12.00, 2, 3.00),
(149, 1, 134, 13.00, 2, 3.00),
(149, 2, 121, 15.00, 1, 0.00),
(149, 3, 128, 12.00, 2, 3.00),
(149, 4, 113, 13.00, 3, 5.00),
(149, 5, 112, 11.00, 2, 3.00),
(150, 1, 104, 21.00, 1, 0.00),
(150, 2, 128, 12.00, 1, 0.00),
(150, 3, 115, 8.00, 1, 0.00),
(150, 4, 114, 15.00, 1, 0.00),
(150, 5, 122, 8.00, 3, 5.00),
(150, 6, 130, 14.00, 3, 5.00),
(150, 7, 123, 22.00, 1, 0.00),
(150, 8, 120, 9.00, 2, 3.00),
(150, 9, 111, 9.00, 2, 3.00),
(150, 10, 109, 8.00, 1, 0.00),
(151, 1, 129, 11.00, 2, 3.00),
(151, 2, 131, 18.00, 3, 5.00),
(151, 3, 127, 9.00, 1, 0.00),
(151, 4, 133, 23.00, 1, 0.00),
(152, 1, 132, 16.00, 3, 5.00),
(152, 2, 114, 15.00, 2, 3.00),
(152, 3, 122, 8.00, 2, 3.00),
(152, 4, 120, 9.00, 1, 0.00),
(152, 5, 117, 8.00, 2, 3.00),
(152, 6, 115, 8.00, 2, 3.00),
(152, 7, 131, 18.00, 1, 0.00),
(152, 8, 109, 8.00, 1, 0.00),
(152, 9, 125, 12.00, 2, 3.00),
(152, 10, 128, 12.00, 1, 0.00),
(153, 1, 109, 8.00, 3, 5.00),
(153, 2, 110, 24.00, 1, 0.00),
(153, 3, 117, 8.00, 2, 3.00),
(153, 4, 111, 9.00, 2, 3.00),
(153, 5, 129, 11.00, 2, 3.00),
(153, 6, 108, 18.00, 1, 0.00),
(153, 7, 107, 12.00, 3, 5.00),
(153, 8, 113, 13.00, 2, 3.00),
(154, 1, 132, 16.00, 1, 0.00),
(155, 1, 101, 12.00, 1, 0.00),
(156, 1, 118, 10.00, 3, 5.00),
(156, 2, 122, 8.00, 3, 5.00),
(156, 3, 101, 12.00, 2, 3.00),
(156, 4, 105, 17.00, 3, 5.00),
(156, 5, 111, 9.00, 2, 3.00),
(156, 6, 120, 9.00, 3, 5.00),
(156, 7, 119, 12.00, 2, 3.00),
(157, 1, 104, 21.00, 1, 0.00),
(157, 2, 116, 10.00, 2, 3.00),
(157, 3, 120, 9.00, 2, 3.00),
(157, 4, 126, 8.00, 3, 5.00),
(157, 5, 121, 15.00, 3, 5.00),
(158, 1, 124, 9.00, 2, 3.00),
(158, 2, 104, 21.00, 1, 0.00),
(158, 3, 111, 9.00, 2, 3.00),
(159, 1, 107, 12.00, 1, 0.00),
(159, 2, 105, 17.00, 1, 0.00),
(159, 3, 103, 12.00, 1, 0.00),
(159, 4, 128, 12.00, 3, 5.00),
(159, 5, 131, 18.00, 1, 0.00),
(160, 1, 120, 9.00, 1, 0.00),
(160, 2, 114, 15.00, 2, 3.00),
(160, 3, 122, 8.00, 1, 0.00),
(161, 1, 110, 24.00, 2, 3.00),
(161, 2, 121, 15.00, 1, 0.00),
(161, 3, 128, 12.00, 2, 3.00),
(161, 4, 114, 15.00, 2, 3.00),
(161, 5, 113, 13.00, 2, 3.00),
(161, 6, 106, 18.00, 1, 0.00),
(161, 7, 133, 23.00, 1, 0.00),
(162, 1, 106, 18.00, 1, 0.00),
(162, 2, 108, 18.00, 2, 3.00),
(162, 3, 111, 9.00, 1, 0.00),
(162, 4, 121, 15.00, 1, 0.00),
(162, 5, 109, 8.00, 2, 3.00),
(162, 6, 115, 8.00, 1, 0.00),
(162, 7, 112, 11.00, 1, 0.00),
(162, 8, 103, 12.00, 1, 0.00),
(162, 9, 117, 8.00, 2, 3.00),
(163, 1, 133, 23.00, 2, 3.00),
(163, 2, 115, 8.00, 3, 5.00),
(163, 3, 111, 9.00, 1, 0.00),
(163, 4, 129, 11.00, 2, 3.00),
(164, 1, 105, 17.00, 1, 0.00),
(164, 2, 122, 8.00, 3, 5.00),
(165, 1, 130, 14.00, 2, 3.00),
(166, 1, 112, 11.00, 1, 0.00),
(166, 2, 109, 8.00, 2, 3.00),
(166, 3, 120, 9.00, 2, 3.00),
(166, 4, 124, 9.00, 1, 0.00),
(166, 5, 114, 15.00, 1, 0.00),
(166, 6, 131, 18.00, 1, 0.00),
(166, 7, 127, 9.00, 2, 3.00),
(167, 1, 110, 24.00, 1, 0.00),
(168, 1, 110, 24.00, 1, 0.00),
(168, 2, 131, 18.00, 1, 0.00),
(168, 3, 137, 16.00, 2, 3.00),
(168, 4, 118, 10.00, 2, 3.00),
(168, 5, 107, 12.00, 2, 3.00),
(169, 1, 123, 22.00, 3, 5.00),
(169, 2, 131, 18.00, 1, 0.00),
(169, 3, 103, 12.00, 1, 0.00),
(169, 4, 129, 11.00, 1, 0.00),
(169, 5, 122, 8.00, 3, 5.00),
(169, 6, 120, 9.00, 1, 0.00),
(169, 7, 104, 21.00, 1, 0.00),
(169, 8, 125, 12.00, 2, 3.00),
(170, 1, 124, 9.00, 2, 3.00),
(170, 2, 107, 12.00, 1, 0.00),
(171, 1, 110, 24.00, 1, 0.00),
(171, 2, 108, 18.00, 1, 0.00),
(172, 1, 115, 8.00, 2, 3.00),
(172, 2, 133, 23.00, 3, 5.00),
(173, 1, 134, 13.00, 2, 3.00),
(173, 2, 132, 16.00, 1, 0.00),
(173, 3, 129, 11.00, 2, 3.00),
(173, 4, 116, 10.00, 3, 5.00),
(174, 1, 126, 8.00, 2, 3.00),
(174, 2, 105, 17.00, 1, 0.00),
(174, 3, 106, 18.00, 2, 3.00),
(174, 4, 110, 24.00, 1, 0.00),
(174, 5, 131, 18.00, 2, 3.00),
(174, 6, 104, 21.00, 1, 0.00),
(174, 7, 114, 15.00, 1, 0.00),
(174, 8, 122, 8.00, 2, 3.00),
(174, 9, 125, 12.00, 1, 0.00),
(174, 10, 134, 13.00, 1, 0.00),
(175, 1, 122, 8.00, 3, 5.00),
(175, 2, 107, 12.00, 2, 3.00),
(175, 3, 104, 21.00, 1, 0.00),
(175, 4, 127, 9.00, 1, 0.00),
(175, 5, 106, 18.00, 2, 3.00),
(175, 6, 128, 12.00, 3, 5.00),
(175, 7, 108, 18.00, 2, 3.00),
(176, 1, 132, 16.00, 2, 3.00),
(176, 2, 105, 17.00, 1, 0.00),
(176, 3, 130, 14.00, 2, 3.00),
(176, 4, 125, 12.00, 2, 3.00),
(177, 1, 114, 15.00, 2, 3.00),
(177, 2, 113, 13.00, 2, 3.00),
(177, 3, 111, 9.00, 1, 0.00),
(177, 4, 121, 15.00, 1, 0.00),
(177, 5, 112, 11.00, 1, 0.00),
(177, 6, 104, 21.00, 2, 3.00),
(178, 1, 111, 9.00, 1, 0.00),
(178, 2, 130, 14.00, 2, 3.00),
(178, 3, 124, 9.00, 1, 0.00),
(178, 4, 119, 12.00, 1, 0.00),
(178, 5, 134, 13.00, 3, 5.00),
(178, 6, 123, 22.00, 2, 3.00),
(178, 7, 101, 12.00, 2, 3.00),
(178, 8, 117, 8.00, 2, 3.00),
(178, 9, 128, 12.00, 1, 0.00),
(178, 10, 132, 16.00, 1, 0.00),
(179, 1, 124, 9.00, 2, 3.00),
(179, 2, 108, 18.00, 2, 3.00),
(179, 3, 119, 12.00, 2, 3.00),
(179, 4, 127, 9.00, 1, 0.00),
(180, 1, 103, 12.00, 2, 3.00),
(180, 2, 121, 15.00, 2, 3.00),
(181, 1, 113, 13.00, 2, 3.00),
(181, 2, 134, 13.00, 2, 3.00),
(181, 3, 110, 24.00, 2, 3.00),
(181, 4, 125, 12.00, 1, 0.00),
(181, 5, 124, 9.00, 1, 0.00),
(182, 1, 119, 12.00, 2, 3.00),
(182, 2, 125, 12.00, 2, 3.00),
(182, 3, 110, 24.00, 2, 3.00),
(182, 4, 111, 9.00, 2, 3.00),
(182, 5, 107, 12.00, 2, 3.00),
(182, 6, 133, 23.00, 2, 3.00),
(182, 7, 123, 22.00, 1, 0.00),
(182, 8, 102, 18.00, 1, 0.00),
(182, 9, 113, 13.00, 3, 5.00),
(182, 10, 132, 16.00, 1, 0.00),
(183, 1, 110, 24.00, 1, 0.00),
(183, 2, 126, 8.00, 1, 0.00),
(183, 3, 132, 16.00, 2, 3.00),
(183, 4, 119, 12.00, 2, 3.00),
(183, 5, 133, 23.00, 2, 3.00),
(183, 6, 107, 12.00, 1, 0.00),
(183, 7, 102, 18.00, 3, 5.00),
(183, 8, 128, 12.00, 2, 3.00),
(183, 9, 111, 9.00, 2, 3.00),
(183, 10, 104, 21.00, 1, 0.00),
(184, 1, 107, 12.00, 1, 0.00),
(184, 2, 108, 18.00, 2, 3.00),
(184, 3, 102, 18.00, 2, 3.00),
(184, 4, 112, 11.00, 2, 3.00),
(184, 5, 130, 14.00, 1, 0.00),
(184, 6, 129, 11.00, 2, 3.00),
(185, 1, 116, 10.00, 1, 0.00),
(185, 2, 107, 12.00, 1, 0.00),
(185, 3, 123, 22.00, 2, 3.00),
(185, 4, 128, 12.00, 1, 0.00),
(185, 5, 126, 8.00, 1, 0.00),
(185, 6, 112, 11.00, 1, 0.00),
(185, 7, 130, 14.00, 2, 3.00),
(185, 8, 125, 12.00, 1, 0.00),
(186, 1, 113, 13.00, 1, 0.00),
(186, 2, 125, 12.00, 1, 0.00),
(186, 3, 108, 18.00, 2, 3.00),
(187, 1, 101, 12.00, 1, 0.00),
(187, 2, 103, 12.00, 2, 3.00),
(187, 3, 116, 10.00, 2, 3.00),
(187, 4, 124, 9.00, 2, 3.00),
(187, 5, 104, 21.00, 2, 3.00),
(187, 6, 122, 8.00, 1, 0.00),
(187, 7, 105, 17.00, 1, 0.00),
(188, 1, 117, 8.00, 1, 0.00),
(188, 2, 114, 15.00, 1, 0.00),
(188, 3, 131, 18.00, 2, 3.00),
(188, 4, 111, 9.00, 2, 3.00),
(188, 5, 129, 11.00, 2, 3.00),
(189, 1, 130, 14.00, 2, 3.00),
(189, 2, 105, 17.00, 3, 5.00),
(190, 1, 129, 11.00, 1, 0.00),
(190, 2, 106, 18.00, 1, 0.00),
(190, 3, 119, 12.00, 2, 3.00),
(191, 1, 123, 22.00, 2, 3.00),
(191, 2, 113, 13.00, 2, 3.00),
(191, 3, 102, 18.00, 1, 0.00),
(191, 4, 130, 14.00, 2, 3.00),
(191, 5, 110, 24.00, 1, 0.00),
(191, 6, 115, 8.00, 1, 0.00),
(191, 7, 132, 16.00, 1, 0.00),
(191, 8, 116, 10.00, 2, 3.00),
(192, 1, 116, 10.00, 1, 0.00),
(192, 2, 109, 8.00, 1, 0.00),
(192, 3, 115, 8.00, 2, 3.00),
(192, 4, 110, 24.00, 2, 3.00),
(192, 5, 113, 13.00, 2, 3.00),
(192, 6, 122, 8.00, 1, 0.00),
(193, 1, 106, 18.00, 1, 0.00),
(193, 2, 103, 12.00, 3, 5.00),
(193, 3, 114, 15.00, 1, 0.00),
(194, 1, 117, 8.00, 1, 0.00),
(194, 2, 115, 8.00, 1, 0.00),
(194, 3, 125, 12.00, 1, 0.00),
(195, 1, 132, 16.00, 1, 0.00),
(195, 2, 113, 13.00, 2, 3.00),
(195, 3, 125, 12.00, 1, 0.00),
(195, 4, 118, 10.00, 1, 0.00),
(195, 5, 124, 9.00, 1, 0.00),
(196, 1, 113, 13.00, 2, 3.00),
(196, 2, 117, 8.00, 1, 0.00),
(196, 3, 102, 18.00, 2, 3.00),
(196, 4, 104, 21.00, 2, 3.00),
(196, 5, 127, 9.00, 1, 0.00),
(196, 6, 106, 18.00, 2, 3.00),
(196, 7, 107, 12.00, 2, 3.00),
(197, 1, 111, 9.00, 2, 3.00),
(197, 2, 116, 10.00, 1, 0.00),
(197, 3, 108, 18.00, 2, 3.00),
(197, 4, 114, 15.00, 1, 0.00),
(197, 5, 101, 12.00, 2, 3.00),
(197, 6, 119, 12.00, 1, 0.00),
(198, 1, 119, 12.00, 2, 3.00),
(198, 2, 114, 15.00, 3, 5.00),
(198, 3, 110, 24.00, 1, 0.00),
(198, 4, 111, 9.00, 1, 0.00),
(198, 5, 120, 9.00, 2, 3.00),
(198, 6, 106, 18.00, 1, 0.00),
(198, 7, 116, 10.00, 2, 3.00),
(198, 8, 103, 12.00, 1, 0.00),
(199, 1, 104, 21.00, 1, 0.00),
(199, 2, 105, 17.00, 2, 3.00),
(199, 3, 126, 8.00, 2, 3.00),
(200, 1, 106, 18.00, 2, 3.00),
(200, 2, 134, 13.00, 1, 0.00),
(200, 3, 130, 14.00, 1, 0.00),
(200, 4, 116, 10.00, 2, 3.00),
(201, 1, 111, 9.00, 3, 5.00),
(201, 2, 126, 8.00, 2, 3.00),
(202, 1, 104, 21.00, 2, 3.00),
(202, 2, 122, 8.00, 3, 5.00),
(202, 3, 110, 24.00, 1, 0.00),
(203, 1, 105, 17.00, 2, 3.00),
(204, 1, 122, 8.00, 1, 0.00),
(204, 2, 116, 10.00, 2, 3.00),
(204, 3, 113, 13.00, 2, 3.00),
(204, 4, 125, 12.00, 2, 3.00),
(204, 5, 118, 10.00, 3, 5.00),
(204, 6, 104, 21.00, 3, 5.00),
(204, 7, 123, 22.00, 2, 3.00),
(205, 1, 123, 22.00, 2, 3.00),
(205, 2, 127, 9.00, 2, 3.00),
(206, 1, 103, 12.00, 1, 0.00),
(206, 2, 127, 9.00, 1, 0.00),
(206, 3, 125, 12.00, 2, 3.00),
(206, 4, 104, 21.00, 1, 0.00),
(206, 5, 126, 8.00, 2, 3.00),
(206, 6, 124, 9.00, 1, 0.00),
(206, 7, 118, 10.00, 2, 3.00),
(207, 1, 130, 14.00, 2, 3.00),
(207, 2, 124, 9.00, 2, 3.00),
(207, 3, 125, 12.00, 2, 3.00),
(207, 4, 131, 18.00, 1, 0.00),
(208, 1, 120, 9.00, 1, 0.00),
(208, 2, 113, 13.00, 2, 3.00),
(208, 3, 121, 15.00, 2, 3.00),
(208, 4, 123, 22.00, 1, 0.00),
(208, 5, 108, 18.00, 3, 5.00),
(208, 6, 132, 16.00, 1, 0.00),
(209, 1, 125, 12.00, 1, 0.00),
(209, 2, 107, 12.00, 2, 3.00),
(209, 3, 116, 10.00, 1, 0.00),
(210, 1, 131, 18.00, 1, 0.00),
(210, 2, 103, 12.00, 1, 0.00),
(210, 3, 118, 10.00, 1, 0.00),
(210, 4, 128, 12.00, 2, 3.00),
(210, 5, 104, 21.00, 2, 3.00),
(210, 6, 116, 10.00, 2, 3.00),
(211, 1, 126, 8.00, 3, 5.00),
(211, 2, 108, 18.00, 2, 3.00),
(211, 3, 118, 10.00, 1, 0.00),
(212, 1, 118, 10.00, 2, 3.00),
(212, 2, 109, 8.00, 3, 5.00),
(212, 3, 108, 18.00, 3, 5.00),
(212, 4, 125, 12.00, 1, 0.00),
(213, 1, 120, 9.00, 2, 3.00),
(213, 2, 112, 11.00, 2, 3.00),
(213, 3, 105, 17.00, 1, 0.00),
(213, 4, 108, 18.00, 2, 3.00),
(214, 1, 119, 12.00, 1, 0.00),
(214, 2, 114, 15.00, 1, 0.00),
(214, 3, 104, 21.00, 1, 0.00),
(214, 4, 107, 12.00, 1, 0.00),
(214, 5, 123, 22.00, 1, 0.00),
(214, 6, 122, 8.00, 3, 5.00),
(214, 7, 128, 12.00, 1, 0.00),
(214, 8, 103, 12.00, 1, 0.00),
(214, 9, 101, 12.00, 3, 5.00),
(215, 1, 102, 18.00, 3, 5.00),
(215, 2, 130, 14.00, 2, 3.00),
(215, 3, 101, 12.00, 2, 3.00),
(215, 4, 121, 15.00, 1, 0.00),
(215, 5, 133, 23.00, 2, 3.00),
(215, 6, 131, 18.00, 2, 3.00),
(215, 7, 123, 22.00, 1, 0.00),
(216, 1, 103, 12.00, 2, 3.00),
(216, 2, 108, 18.00, 1, 0.00),
(216, 3, 117, 8.00, 1, 0.00),
(216, 4, 126, 8.00, 1, 0.00),
(216, 5, 106, 18.00, 1, 0.00),
(216, 6, 120, 9.00, 2, 3.00),
(216, 7, 107, 12.00, 1, 0.00),
(217, 1, 124, 9.00, 2, 3.00),
(217, 2, 127, 9.00, 2, 3.00),
(218, 1, 113, 13.00, 1, 0.00),
(218, 2, 112, 11.00, 2, 3.00),
(218, 3, 120, 9.00, 3, 5.00),
(218, 4, 105, 17.00, 1, 0.00),
(218, 5, 124, 9.00, 1, 0.00),
(219, 1, 105, 17.00, 2, 3.00),
(219, 2, 102, 18.00, 2, 3.00),
(219, 3, 127, 9.00, 2, 3.00),
(219, 4, 125, 12.00, 1, 0.00),
(219, 5, 114, 15.00, 2, 3.00),
(219, 6, 132, 16.00, 1, 0.00),
(219, 7, 119, 12.00, 1, 0.00),
(219, 8, 106, 18.00, 1, 0.00),
(219, 9, 116, 10.00, 2, 3.00),
(219, 10, 118, 10.00, 1, 0.00),
(220, 1, 130, 14.00, 2, 3.00),
(220, 2, 106, 18.00, 1, 0.00),
(221, 1, 110, 24.00, 2, 3.00),
(221, 2, 127, 9.00, 2, 3.00),
(221, 3, 129, 11.00, 2, 3.00),
(221, 4, 117, 8.00, 1, 0.00),
(221, 5, 121, 15.00, 2, 3.00),
(221, 6, 122, 8.00, 2, 3.00),
(221, 7, 106, 18.00, 2, 3.00),
(221, 8, 133, 23.00, 3, 5.00),
(221, 9, 123, 22.00, 1, 0.00),
(221, 10, 103, 12.00, 2, 3.00),
(222, 1, 122, 8.00, 2, 3.00),
(222, 2, 132, 16.00, 2, 3.00),
(222, 3, 116, 10.00, 3, 5.00),
(222, 4, 130, 14.00, 1, 0.00),
(222, 5, 115, 8.00, 3, 5.00),
(222, 6, 118, 10.00, 2, 3.00),
(222, 7, 126, 8.00, 1, 0.00),
(222, 8, 133, 23.00, 1, 0.00),
(223, 1, 113, 13.00, 3, 5.00),
(224, 1, 113, 13.00, 1, 0.00),
(224, 2, 105, 17.00, 1, 0.00),
(224, 3, 120, 9.00, 1, 0.00),
(224, 4, 121, 15.00, 2, 3.00),
(224, 5, 107, 12.00, 3, 5.00),
(224, 6, 129, 11.00, 1, 0.00),
(224, 7, 127, 9.00, 1, 0.00),
(224, 8, 119, 12.00, 1, 0.00),
(225, 1, 102, 18.00, 1, 0.00),
(225, 2, 120, 9.00, 2, 3.00),
(225, 3, 123, 22.00, 1, 0.00),
(225, 4, 133, 23.00, 3, 5.00),
(225, 5, 122, 8.00, 1, 0.00),
(225, 6, 112, 11.00, 1, 0.00),
(225, 7, 117, 8.00, 2, 3.00),
(226, 1, 130, 14.00, 2, 3.00),
(226, 2, 115, 8.00, 2, 3.00),
(226, 3, 107, 12.00, 3, 5.00),
(226, 4, 112, 11.00, 1, 0.00),
(226, 5, 122, 8.00, 1, 0.00),
(226, 6, 118, 10.00, 2, 3.00),
(226, 7, 103, 12.00, 1, 0.00),
(226, 8, 127, 9.00, 2, 3.00),
(226, 9, 125, 12.00, 1, 0.00),
(226, 10, 105, 17.00, 2, 3.00),
(227, 1, 113, 13.00, 1, 0.00),
(228, 1, 123, 22.00, 2, 3.00),
(229, 1, 119, 12.00, 2, 3.00),
(230, 1, 131, 18.00, 1, 0.00),
(230, 2, 112, 11.00, 1, 0.00),
(230, 3, 103, 12.00, 1, 0.00),
(230, 4, 132, 16.00, 2, 3.00),
(231, 1, 117, 8.00, 2, 3.00),
(231, 2, 106, 18.00, 2, 3.00),
(231, 3, 112, 11.00, 1, 0.00),
(231, 4, 116, 10.00, 2, 3.00),
(231, 5, 125, 12.00, 2, 3.00),
(231, 6, 131, 18.00, 2, 3.00),
(231, 7, 133, 23.00, 2, 3.00),
(231, 8, 122, 8.00, 2, 3.00),
(231, 9, 120, 9.00, 1, 0.00),
(232, 1, 114, 15.00, 2, 3.00),
(232, 2, 121, 15.00, 1, 0.00),
(232, 3, 122, 8.00, 1, 0.00),
(232, 4, 108, 18.00, 2, 3.00),
(232, 5, 104, 21.00, 2, 3.00),
(232, 6, 117, 8.00, 2, 3.00),
(232, 7, 110, 24.00, 2, 3.00),
(233, 1, 103, 12.00, 2, 3.00),
(233, 2, 116, 10.00, 2, 3.00),
(233, 3, 123, 22.00, 2, 3.00),
(233, 4, 125, 12.00, 1, 0.00),
(233, 5, 132, 16.00, 1, 0.00),
(233, 6, 114, 15.00, 3, 5.00),
(233, 7, 117, 8.00, 3, 5.00),
(233, 8, 111, 9.00, 2, 3.00),
(234, 1, 132, 16.00, 2, 3.00),
(234, 2, 128, 12.00, 2, 3.00),
(235, 1, 104, 21.00, 3, 5.00),
(235, 2, 133, 23.00, 1, 0.00),
(235, 3, 103, 12.00, 2, 3.00),
(235, 4, 128, 12.00, 2, 3.00),
(235, 5, 114, 15.00, 1, 0.00),
(235, 6, 112, 11.00, 1, 0.00),
(235, 7, 121, 15.00, 3, 5.00),
(236, 1, 117, 8.00, 3, 5.00),
(236, 2, 114, 15.00, 1, 0.00),
(236, 3, 121, 15.00, 1, 0.00),
(236, 4, 123, 22.00, 1, 0.00),
(236, 5, 129, 11.00, 2, 3.00),
(236, 6, 109, 8.00, 2, 3.00),
(236, 7, 126, 8.00, 1, 0.00),
(237, 1, 132, 16.00, 1, 0.00),
(237, 2, 112, 11.00, 2, 3.00),
(237, 3, 105, 17.00, 1, 0.00),
(237, 4, 136, 14.00, 2, 3.00),
(237, 5, 129, 11.00, 2, 3.00),
(237, 6, 119, 12.00, 2, 3.00),
(237, 7, 125, 12.00, 1, 0.00),
(237, 8, 118, 10.00, 1, 0.00),
(237, 9, 130, 14.00, 2, 3.00),
(237, 10, 128, 12.00, 1, 0.00),
(238, 1, 122, 8.00, 3, 5.00),
(238, 2, 117, 8.00, 2, 3.00),
(239, 1, 103, 12.00, 3, 5.00),
(239, 2, 125, 12.00, 1, 0.00),
(239, 3, 101, 12.00, 1, 0.00),
(239, 4, 104, 21.00, 1, 0.00),
(240, 1, 112, 11.00, 2, 3.00),
(240, 2, 106, 18.00, 1, 0.00),
(240, 3, 116, 10.00, 2, 3.00),
(240, 4, 107, 12.00, 1, 0.00),
(240, 5, 122, 8.00, 1, 0.00),
(240, 6, 108, 18.00, 2, 3.00),
(240, 7, 113, 13.00, 1, 0.00),
(240, 8, 134, 13.00, 2, 3.00),
(240, 9, 121, 15.00, 2, 3.00),
(240, 10, 109, 8.00, 1, 0.00),
(241, 1, 129, 11.00, 3, 5.00),
(241, 2, 112, 11.00, 1, 0.00),
(241, 3, 107, 12.00, 2, 3.00),
(241, 4, 119, 12.00, 1, 0.00),
(242, 1, 128, 12.00, 1, 0.00),
(242, 2, 122, 8.00, 1, 0.00),
(242, 3, 114, 15.00, 2, 3.00),
(242, 4, 107, 12.00, 2, 3.00),
(242, 5, 132, 16.00, 1, 0.00),
(242, 6, 133, 23.00, 1, 0.00),
(242, 7, 116, 10.00, 2, 3.00),
(242, 8, 125, 12.00, 1, 0.00),
(242, 9, 138, 14.00, 1, 0.00),
(242, 10, 129, 11.00, 1, 0.00),
(243, 1, 102, 18.00, 2, 3.00),
(243, 2, 118, 10.00, 1, 0.00),
(243, 3, 128, 12.00, 2, 3.00),
(244, 1, 125, 12.00, 1, 0.00),
(244, 2, 128, 12.00, 3, 5.00),
(244, 3, 113, 13.00, 2, 3.00),
(244, 4, 103, 12.00, 1, 0.00),
(244, 5, 111, 9.00, 2, 3.00),
(244, 6, 115, 8.00, 2, 3.00),
(244, 7, 132, 16.00, 1, 0.00),
(245, 1, 108, 18.00, 2, 3.00),
(245, 2, 115, 8.00, 1, 0.00),
(245, 3, 126, 8.00, 1, 0.00),
(246, 1, 119, 12.00, 3, 5.00),
(246, 2, 121, 15.00, 1, 0.00),
(246, 3, 120, 9.00, 2, 3.00),
(246, 4, 125, 12.00, 3, 5.00),
(246, 5, 104, 21.00, 2, 3.00),
(246, 6, 117, 8.00, 1, 0.00),
(246, 7, 115, 8.00, 2, 3.00),
(246, 8, 134, 13.00, 1, 0.00),
(246, 9, 122, 8.00, 1, 0.00),
(247, 1, 103, 12.00, 1, 0.00),
(247, 2, 131, 18.00, 1, 0.00),
(247, 3, 130, 14.00, 2, 3.00),
(247, 4, 107, 12.00, 2, 3.00),
(247, 5, 111, 9.00, 1, 0.00),
(247, 6, 133, 23.00, 1, 0.00),
(248, 1, 117, 8.00, 3, 5.00),
(248, 2, 122, 8.00, 2, 3.00),
(248, 3, 102, 18.00, 2, 3.00),
(248, 4, 132, 16.00, 2, 3.00),
(248, 5, 104, 21.00, 3, 5.00),
(248, 6, 133, 23.00, 2, 3.00),
(249, 1, 120, 9.00, 2, 3.00),
(249, 2, 121, 15.00, 2, 3.00),
(249, 3, 108, 18.00, 2, 3.00),
(249, 4, 118, 10.00, 2, 3.00),
(249, 5, 126, 8.00, 2, 3.00),
(250, 1, 121, 15.00, 2, 3.00),
(250, 2, 103, 12.00, 3, 5.00),
(251, 1, 119, 12.00, 2, 3.00),
(251, 2, 121, 15.00, 2, 3.00),
(251, 3, 123, 22.00, 2, 3.00),
(251, 4, 125, 12.00, 1, 0.00),
(251, 5, 110, 24.00, 2, 3.00),
(251, 6, 105, 17.00, 2, 3.00),
(251, 7, 132, 16.00, 2, 3.00),
(251, 8, 126, 8.00, 1, 0.00),
(251, 9, 129, 11.00, 2, 3.00),
(252, 1, 129, 11.00, 1, 0.00),
(252, 2, 127, 9.00, 1, 0.00),
(252, 3, 123, 22.00, 1, 0.00),
(252, 4, 106, 18.00, 1, 0.00),
(252, 5, 120, 9.00, 3, 5.00),
(252, 6, 118, 10.00, 2, 3.00),
(252, 7, 122, 8.00, 2, 3.00),
(252, 8, 112, 11.00, 2, 3.00),
(252, 9, 111, 9.00, 1, 0.00),
(253, 1, 133, 23.00, 1, 0.00),
(253, 2, 107, 12.00, 2, 3.00),
(253, 3, 117, 8.00, 2, 3.00),
(253, 4, 120, 9.00, 2, 3.00),
(253, 5, 110, 24.00, 2, 3.00),
(253, 6, 132, 16.00, 3, 5.00),
(253, 7, 121, 15.00, 1, 0.00),
(253, 8, 128, 12.00, 1, 0.00),
(254, 1, 117, 8.00, 1, 0.00),
(254, 2, 130, 14.00, 1, 0.00),
(255, 1, 125, 12.00, 1, 0.00),
(255, 2, 105, 17.00, 2, 3.00),
(255, 3, 116, 10.00, 2, 3.00),
(255, 4, 131, 18.00, 1, 0.00),
(255, 5, 117, 8.00, 1, 0.00),
(255, 6, 119, 12.00, 1, 0.00),
(255, 7, 129, 11.00, 2, 3.00),
(255, 8, 127, 9.00, 1, 0.00),
(256, 1, 123, 22.00, 2, 3.00),
(256, 2, 129, 11.00, 1, 0.00),
(256, 3, 109, 8.00, 1, 0.00),
(256, 4, 108, 18.00, 2, 3.00),
(256, 5, 119, 12.00, 2, 3.00),
(256, 6, 103, 12.00, 1, 0.00),
(256, 7, 106, 18.00, 2, 3.00),
(256, 8, 120, 9.00, 1, 0.00),
(257, 1, 112, 11.00, 2, 3.00),
(257, 2, 110, 24.00, 2, 3.00),
(257, 3, 124, 9.00, 3, 5.00),
(257, 4, 118, 10.00, 1, 0.00),
(257, 5, 125, 12.00, 1, 0.00),
(257, 6, 106, 18.00, 2, 3.00),
(258, 1, 105, 17.00, 2, 3.00),
(258, 2, 112, 11.00, 1, 0.00),
(259, 1, 105, 17.00, 2, 3.00),
(259, 2, 131, 18.00, 2, 3.00),
(259, 3, 109, 8.00, 1, 0.00),
(259, 4, 130, 14.00, 1, 0.00),
(259, 5, 121, 15.00, 2, 3.00),
(260, 1, 103, 12.00, 3, 5.00),
(260, 2, 117, 8.00, 1, 0.00),
(260, 3, 116, 10.00, 1, 0.00),
(260, 4, 108, 18.00, 1, 0.00),
(261, 1, 127, 9.00, 1, 0.00),
(261, 2, 131, 18.00, 3, 5.00),
(261, 3, 133, 23.00, 1, 0.00),
(262, 1, 122, 8.00, 2, 3.00),
(262, 2, 118, 10.00, 1, 0.00),
(262, 3, 115, 8.00, 2, 3.00),
(262, 4, 102, 18.00, 1, 0.00),
(262, 5, 133, 23.00, 1, 0.00),
(262, 6, 143, 8.00, 1, 0.00),
(262, 7, 113, 13.00, 1, 0.00),
(262, 8, 125, 12.00, 2, 3.00),
(262, 9, 108, 18.00, 1, 0.00),
(263, 1, 104, 21.00, 2, 3.00),
(264, 1, 115, 8.00, 2, 3.00),
(264, 2, 120, 9.00, 1, 0.00),
(264, 3, 105, 17.00, 2, 3.00),
(264, 4, 112, 11.00, 1, 0.00),
(265, 1, 123, 22.00, 1, 0.00),
(265, 2, 110, 24.00, 1, 0.00),
(265, 3, 125, 12.00, 1, 0.00),
(265, 4, 127, 9.00, 2, 3.00),
(265, 5, 120, 9.00, 1, 0.00),
(265, 6, 108, 18.00, 1, 0.00),
(265, 7, 126, 8.00, 2, 3.00),
(266, 1, 119, 12.00, 1, 0.00),
(266, 2, 102, 18.00, 2, 3.00),
(266, 3, 107, 12.00, 1, 0.00),
(266, 4, 125, 12.00, 1, 0.00),
(266, 5, 118, 10.00, 1, 0.00),
(266, 6, 133, 23.00, 1, 0.00),
(266, 7, 105, 17.00, 2, 3.00),
(266, 8, 104, 21.00, 3, 5.00),
(266, 9, 122, 8.00, 2, 3.00),
(266, 10, 116, 10.00, 1, 0.00),
(267, 1, 127, 9.00, 1, 0.00),
(267, 2, 133, 23.00, 1, 0.00),
(267, 3, 123, 22.00, 1, 0.00),
(267, 4, 120, 9.00, 1, 0.00),
(267, 5, 109, 8.00, 2, 3.00),
(267, 6, 112, 11.00, 2, 3.00),
(267, 7, 117, 8.00, 1, 0.00),
(267, 8, 116, 10.00, 1, 0.00),
(268, 1, 121, 15.00, 1, 0.00),
(268, 2, 126, 8.00, 2, 3.00),
(268, 3, 133, 23.00, 1, 0.00),
(268, 4, 116, 10.00, 1, 0.00),
(268, 5, 111, 9.00, 2, 3.00),
(268, 6, 129, 11.00, 2, 3.00),
(268, 7, 120, 9.00, 2, 3.00),
(268, 8, 102, 18.00, 1, 0.00),
(269, 1, 106, 18.00, 1, 0.00),
(269, 2, 114, 15.00, 2, 3.00),
(269, 3, 112, 11.00, 2, 3.00),
(269, 4, 103, 12.00, 1, 0.00),
(269, 5, 116, 10.00, 2, 3.00),
(269, 6, 107, 12.00, 2, 3.00),
(269, 7, 102, 18.00, 2, 3.00),
(269, 8, 104, 21.00, 2, 3.00),
(269, 9, 119, 12.00, 1, 0.00),
(269, 10, 133, 23.00, 2, 3.00),
(270, 1, 123, 22.00, 2, 3.00),
(271, 1, 117, 8.00, 2, 3.00),
(271, 2, 132, 16.00, 1, 0.00),
(271, 3, 102, 18.00, 2, 3.00),
(271, 4, 108, 18.00, 2, 3.00),
(272, 1, 112, 11.00, 1, 0.00),
(272, 2, 114, 15.00, 2, 3.00),
(273, 1, 107, 12.00, 2, 3.00),
(273, 2, 117, 8.00, 1, 0.00),
(273, 3, 130, 14.00, 2, 3.00),
(273, 4, 106, 18.00, 2, 3.00),
(274, 1, 130, 14.00, 1, 0.00),
(274, 2, 103, 12.00, 2, 3.00),
(275, 1, 102, 18.00, 1, 0.00),
(275, 2, 129, 11.00, 1, 0.00),
(275, 3, 133, 23.00, 2, 3.00),
(275, 4, 106, 18.00, 1, 0.00),
(275, 5, 114, 15.00, 3, 5.00),
(275, 6, 108, 18.00, 2, 3.00),
(275, 7, 117, 8.00, 1, 0.00),
(275, 8, 116, 10.00, 2, 3.00),
(275, 9, 128, 12.00, 1, 0.00),
(275, 10, 134, 13.00, 1, 0.00),
(276, 1, 122, 8.00, 3, 5.00),
(276, 2, 108, 18.00, 1, 0.00),
(277, 1, 115, 8.00, 2, 3.00),
(277, 2, 124, 9.00, 1, 0.00),
(277, 3, 116, 10.00, 2, 3.00),
(277, 4, 112, 11.00, 2, 3.00),
(277, 5, 131, 18.00, 2, 3.00),
(277, 6, 134, 13.00, 2, 3.00),
(277, 7, 117, 8.00, 1, 0.00),
(277, 8, 133, 23.00, 3, 5.00),
(277, 9, 114, 15.00, 1, 0.00),
(278, 1, 106, 18.00, 2, 3.00),
(278, 2, 119, 12.00, 1, 0.00),
(278, 3, 134, 13.00, 2, 3.00),
(278, 4, 115, 8.00, 1, 0.00),
(278, 5, 114, 15.00, 1, 0.00),
(279, 1, 120, 9.00, 2, 3.00),
(280, 1, 102, 18.00, 1, 0.00),
(280, 2, 104, 21.00, 1, 0.00),
(280, 3, 105, 17.00, 2, 3.00),
(280, 4, 118, 10.00, 2, 3.00),
(281, 1, 115, 8.00, 3, 5.00),
(282, 1, 105, 17.00, 3, 5.00),
(282, 2, 104, 21.00, 2, 3.00),
(282, 3, 118, 10.00, 2, 3.00),
(282, 4, 113, 13.00, 2, 3.00),
(282, 5, 128, 12.00, 2, 3.00),
(282, 6, 112, 11.00, 1, 0.00),
(282, 7, 103, 12.00, 2, 3.00),
(282, 8, 134, 13.00, 1, 0.00),
(282, 9, 108, 18.00, 1, 0.00),
(283, 1, 116, 10.00, 2, 3.00),
(283, 2, 110, 24.00, 2, 3.00),
(283, 3, 129, 11.00, 2, 3.00),
(283, 4, 130, 14.00, 1, 0.00),
(284, 1, 124, 9.00, 1, 0.00),
(284, 2, 130, 14.00, 2, 3.00),
(284, 3, 103, 12.00, 1, 0.00),
(284, 4, 108, 18.00, 1, 0.00),
(284, 5, 114, 15.00, 1, 0.00),
(284, 6, 112, 11.00, 1, 0.00),
(284, 7, 117, 8.00, 1, 0.00),
(284, 8, 116, 10.00, 2, 3.00),
(285, 1, 106, 18.00, 3, 5.00),
(285, 2, 119, 12.00, 1, 0.00),
(285, 3, 110, 24.00, 2, 3.00),
(285, 4, 121, 15.00, 1, 0.00),
(285, 5, 123, 22.00, 2, 3.00),
(285, 6, 122, 8.00, 1, 0.00),
(285, 7, 128, 12.00, 1, 0.00),
(285, 8, 118, 10.00, 1, 0.00),
(286, 1, 116, 10.00, 1, 0.00),
(286, 2, 120, 9.00, 2, 3.00),
(286, 3, 122, 8.00, 2, 3.00),
(286, 4, 101, 12.00, 1, 0.00),
(287, 1, 112, 11.00, 1, 0.00),
(287, 2, 120, 9.00, 1, 0.00),
(287, 3, 110, 24.00, 2, 3.00),
(287, 4, 133, 23.00, 1, 0.00),
(287, 5, 114, 15.00, 2, 3.00),
(287, 6, 106, 18.00, 2, 3.00),
(287, 7, 128, 12.00, 1, 0.00),
(287, 8, 119, 12.00, 1, 0.00),
(287, 9, 130, 14.00, 2, 3.00),
(287, 10, 132, 16.00, 2, 3.00),
(288, 1, 109, 8.00, 2, 3.00),
(288, 2, 127, 9.00, 2, 3.00),
(289, 1, 119, 12.00, 3, 5.00),
(289, 2, 121, 15.00, 2, 3.00),
(289, 3, 126, 8.00, 2, 3.00),
(289, 4, 112, 11.00, 1, 0.00),
(290, 1, 122, 8.00, 2, 3.00),
(290, 2, 132, 16.00, 2, 3.00),
(290, 3, 119, 12.00, 1, 0.00),
(290, 4, 127, 9.00, 2, 3.00),
(290, 5, 142, 21.00, 1, 0.00),
(290, 6, 116, 10.00, 2, 3.00),
(291, 1, 129, 11.00, 2, 3.00),
(291, 2, 124, 9.00, 2, 3.00),
(291, 3, 103, 12.00, 2, 3.00),
(291, 4, 131, 18.00, 2, 3.00),
(292, 1, 106, 18.00, 1, 0.00),
(292, 2, 119, 12.00, 1, 0.00),
(292, 3, 117, 8.00, 2, 3.00),
(292, 4, 111, 9.00, 1, 0.00),
(292, 5, 105, 17.00, 1, 0.00),
(292, 6, 126, 8.00, 2, 3.00),
(292, 7, 103, 12.00, 2, 3.00),
(292, 8, 108, 18.00, 1, 0.00),
(293, 1, 130, 14.00, 2, 3.00),
(293, 2, 121, 15.00, 2, 3.00),
(293, 3, 124, 9.00, 1, 0.00),
(294, 1, 102, 18.00, 1, 0.00),
(294, 2, 131, 18.00, 2, 3.00),
(294, 3, 108, 18.00, 1, 0.00),
(294, 4, 107, 12.00, 1, 0.00),
(294, 5, 117, 8.00, 2, 3.00),
(294, 6, 112, 11.00, 1, 0.00),
(294, 7, 130, 14.00, 2, 3.00),
(294, 8, 137, 16.00, 1, 0.00),
(294, 9, 110, 24.00, 2, 3.00),
(295, 1, 118, 10.00, 2, 3.00),
(295, 2, 124, 9.00, 1, 0.00),
(295, 3, 108, 18.00, 2, 3.00),
(295, 4, 123, 22.00, 1, 0.00),
(296, 1, 119, 12.00, 2, 3.00),
(296, 2, 128, 12.00, 2, 3.00),
(296, 3, 123, 22.00, 1, 0.00),
(296, 4, 125, 12.00, 2, 3.00),
(296, 5, 120, 9.00, 1, 0.00),
(296, 6, 132, 16.00, 2, 3.00),
(296, 7, 126, 8.00, 3, 5.00),
(296, 8, 115, 8.00, 2, 3.00),
(296, 9, 127, 9.00, 2, 3.00),
(296, 10, 121, 15.00, 2, 3.00),
(297, 1, 119, 12.00, 2, 3.00),
(297, 2, 125, 12.00, 2, 3.00),
(297, 3, 126, 8.00, 1, 0.00),
(297, 4, 132, 16.00, 2, 3.00),
(297, 5, 101, 12.00, 2, 3.00),
(298, 1, 103, 12.00, 2, 3.00),
(298, 2, 114, 15.00, 2, 3.00),
(298, 3, 107, 12.00, 1, 0.00),
(298, 4, 116, 10.00, 2, 3.00),
(298, 5, 128, 12.00, 2, 3.00),
(298, 6, 111, 9.00, 2, 3.00),
(298, 7, 117, 8.00, 2, 3.00),
(298, 8, 131, 18.00, 1, 0.00),
(298, 9, 133, 23.00, 2, 3.00),
(298, 10, 113, 13.00, 2, 3.00),
(299, 1, 129, 11.00, 2, 3.00),
(299, 2, 132, 16.00, 1, 0.00),
(299, 3, 104, 21.00, 2, 3.00),
(299, 4, 130, 14.00, 2, 3.00),
(299, 5, 126, 8.00, 1, 0.00),
(300, 1, 133, 23.00, 1, 0.00),
(300, 2, 109, 8.00, 1, 0.00),
(300, 3, 105, 17.00, 2, 3.00),
(300, 4, 107, 12.00, 2, 3.00),
(300, 5, 130, 14.00, 3, 5.00),
(300, 6, 128, 12.00, 1, 0.00),
(301, 1, 132, 16.00, 2, 3.00),
(301, 2, 109, 8.00, 1, 0.00),
(301, 3, 107, 12.00, 2, 3.00),
(301, 4, 129, 11.00, 1, 0.00),
(301, 5, 124, 9.00, 3, 5.00),
(301, 6, 119, 12.00, 1, 0.00),
(301, 7, 127, 9.00, 1, 0.00),
(301, 8, 121, 15.00, 1, 0.00),
(301, 9, 122, 8.00, 2, 3.00),
(301, 10, 113, 13.00, 1, 0.00),
(302, 1, 130, 14.00, 2, 3.00),
(302, 2, 119, 12.00, 2, 3.00),
(302, 3, 122, 8.00, 3, 5.00),
(302, 4, 104, 21.00, 1, 0.00),
(302, 5, 120, 9.00, 1, 0.00),
(302, 6, 133, 23.00, 2, 3.00),
(302, 7, 102, 18.00, 1, 0.00),
(302, 8, 112, 11.00, 2, 3.00),
(303, 1, 117, 8.00, 2, 3.00),
(303, 2, 113, 13.00, 1, 0.00),
(303, 3, 112, 11.00, 2, 3.00),
(303, 4, 111, 9.00, 1, 0.00),
(303, 5, 116, 10.00, 2, 3.00),
(303, 6, 122, 8.00, 2, 3.00),
(303, 7, 125, 12.00, 2, 3.00),
(303, 8, 123, 22.00, 2, 3.00),
(304, 1, 111, 9.00, 2, 3.00),
(304, 2, 124, 9.00, 1, 0.00),
(304, 3, 115, 8.00, 1, 0.00),
(304, 4, 101, 12.00, 2, 3.00),
(304, 5, 129, 11.00, 2, 3.00),
(304, 6, 128, 12.00, 1, 0.00),
(304, 7, 125, 12.00, 2, 3.00),
(304, 8, 133, 23.00, 2, 3.00),
(304, 9, 130, 14.00, 2, 3.00),
(304, 10, 104, 21.00, 1, 0.00),
(305, 1, 123, 22.00, 3, 5.00),
(305, 2, 122, 8.00, 1, 0.00),
(306, 1, 127, 9.00, 1, 0.00),
(306, 2, 132, 16.00, 1, 0.00),
(307, 1, 124, 9.00, 1, 0.00),
(307, 2, 133, 23.00, 1, 0.00),
(307, 3, 134, 13.00, 2, 3.00),
(307, 4, 132, 16.00, 1, 0.00),
(307, 5, 111, 9.00, 2, 3.00),
(307, 6, 119, 12.00, 2, 3.00),
(307, 7, 107, 12.00, 2, 3.00),
(308, 1, 132, 16.00, 1, 0.00),
(308, 2, 102, 18.00, 1, 0.00),
(308, 3, 104, 21.00, 2, 3.00),
(308, 4, 119, 12.00, 2, 3.00),
(308, 5, 113, 13.00, 1, 0.00),
(308, 6, 124, 9.00, 1, 0.00),
(308, 7, 130, 14.00, 2, 3.00),
(308, 8, 131, 18.00, 2, 3.00),
(308, 9, 123, 22.00, 2, 3.00),
(308, 10, 108, 18.00, 1, 0.00),
(309, 1, 102, 18.00, 1, 0.00),
(309, 2, 119, 12.00, 1, 0.00),
(310, 1, 119, 12.00, 1, 0.00),
(310, 2, 102, 18.00, 1, 0.00),
(310, 3, 103, 12.00, 1, 0.00),
(310, 4, 101, 12.00, 2, 3.00),
(310, 5, 105, 17.00, 1, 0.00),
(310, 6, 117, 8.00, 2, 3.00),
(310, 7, 126, 8.00, 2, 3.00),
(310, 8, 118, 10.00, 1, 0.00),
(310, 9, 114, 15.00, 1, 0.00),
(310, 10, 124, 9.00, 2, 3.00),
(311, 1, 133, 23.00, 1, 0.00),
(311, 2, 113, 13.00, 3, 5.00),
(311, 3, 111, 9.00, 2, 3.00),
(312, 1, 134, 13.00, 2, 3.00),
(312, 2, 128, 12.00, 1, 0.00),
(312, 3, 112, 11.00, 2, 3.00),
(312, 4, 117, 8.00, 3, 5.00),
(312, 5, 115, 8.00, 2, 3.00),
(313, 1, 120, 9.00, 1, 0.00),
(313, 2, 127, 9.00, 2, 3.00),
(314, 1, 114, 15.00, 1, 0.00),
(314, 2, 132, 16.00, 2, 3.00),
(315, 1, 114, 15.00, 1, 0.00),
(315, 2, 124, 9.00, 1, 0.00),
(315, 3, 132, 16.00, 1, 0.00),
(315, 4, 119, 12.00, 1, 0.00),
(315, 5, 102, 18.00, 1, 0.00),
(316, 1, 107, 12.00, 1, 0.00),
(317, 1, 112, 11.00, 2, 3.00),
(317, 2, 123, 22.00, 2, 3.00),
(317, 3, 103, 12.00, 2, 3.00),
(317, 4, 114, 15.00, 2, 3.00),
(317, 5, 126, 8.00, 1, 0.00),
(317, 6, 108, 18.00, 2, 3.00),
(318, 1, 134, 13.00, 2, 3.00),
(318, 2, 110, 24.00, 1, 0.00),
(318, 3, 138, 14.00, 2, 3.00),
(318, 4, 113, 13.00, 1, 0.00),
(318, 5, 115, 8.00, 2, 3.00),
(318, 6, 116, 10.00, 1, 0.00),
(318, 7, 124, 9.00, 2, 3.00),
(319, 1, 104, 21.00, 1, 0.00),
(319, 2, 130, 14.00, 2, 3.00),
(319, 3, 101, 12.00, 1, 0.00),
(320, 1, 124, 9.00, 1, 0.00),
(320, 2, 112, 11.00, 1, 0.00),
(320, 3, 123, 22.00, 1, 0.00),
(320, 4, 103, 12.00, 1, 0.00),
(320, 5, 114, 15.00, 1, 0.00),
(320, 6, 110, 24.00, 2, 3.00),
(320, 7, 109, 8.00, 2, 3.00),
(321, 1, 120, 9.00, 2, 3.00),
(322, 1, 108, 18.00, 2, 3.00),
(322, 2, 126, 8.00, 1, 0.00),
(322, 3, 133, 23.00, 1, 0.00),
(322, 4, 129, 11.00, 1, 0.00),
(322, 5, 118, 10.00, 2, 3.00),
(322, 6, 107, 12.00, 2, 3.00),
(322, 7, 116, 10.00, 1, 0.00),
(323, 1, 105, 17.00, 1, 0.00),
(323, 2, 108, 18.00, 1, 0.00),
(323, 3, 114, 15.00, 2, 3.00),
(323, 4, 123, 22.00, 3, 5.00),
(323, 5, 109, 8.00, 1, 0.00),
(323, 6, 126, 8.00, 3, 5.00),
(323, 7, 101, 12.00, 1, 0.00),
(323, 8, 113, 13.00, 1, 0.00),
(324, 1, 105, 17.00, 2, 3.00),
(324, 2, 109, 8.00, 1, 0.00),
(324, 3, 132, 16.00, 2, 3.00),
(324, 4, 116, 10.00, 1, 0.00),
(324, 5, 119, 12.00, 1, 0.00),
(324, 6, 125, 12.00, 1, 0.00),
(324, 7, 110, 24.00, 1, 0.00),
(325, 1, 139, 16.00, 3, 5.00),
(325, 2, 150, 18.00, 1, 0.00),
(325, 3, 115, 8.00, 2, 3.00),
(325, 4, 126, 8.00, 2, 3.00),
(326, 1, 165, 12.00, 2, 3.00),
(326, 2, 168, 14.00, 2, 3.00),
(326, 3, 161, 17.00, 1, 0.00),
(326, 4, 164, 11.00, 2, 3.00),
(326, 5, 110, 24.00, 3, 5.00),
(326, 6, 124, 9.00, 2, 3.00),
(326, 7, 125, 12.00, 1, 0.00),
(327, 1, 158, 14.00, 3, 5.00),
(327, 2, 145, 15.00, 1, 0.00),
(327, 3, 124, 9.00, 2, 3.00),
(327, 4, 127, 9.00, 2, 3.00),
(327, 5, 118, 10.00, 1, 0.00),
(327, 6, 105, 17.00, 2, 3.00),
(327, 7, 165, 12.00, 1, 0.00),
(327, 8, 161, 17.00, 1, 0.00),
(327, 9, 154, 19.00, 1, 0.00),
(327, 10, 160, 18.00, 1, 0.00),
(328, 1, 162, 14.00, 2, 3.00),
(328, 2, 112, 11.00, 1, 0.00),
(328, 3, 153, 18.00, 2, 3.00),
(328, 4, 155, 15.00, 2, 3.00),
(328, 5, 170, 12.00, 1, 0.00),
(328, 6, 146, 17.00, 2, 3.00),
(328, 7, 101, 12.00, 2, 3.00),
(328, 8, 137, 16.00, 2, 3.00),
(329, 1, 135, 24.00, 1, 0.00),
(329, 2, 159, 12.00, 1, 0.00),
(330, 1, 134, 13.00, 1, 0.00),
(330, 2, 113, 13.00, 1, 0.00),
(330, 3, 162, 14.00, 2, 3.00),
(331, 1, 162, 14.00, 1, 0.00),
(331, 2, 107, 12.00, 3, 5.00),
(331, 3, 148, 12.00, 1, 0.00),
(331, 4, 102, 18.00, 2, 3.00),
(331, 5, 110, 24.00, 1, 0.00),
(331, 6, 167, 12.00, 1, 0.00),
(331, 7, 140, 17.00, 1, 0.00),
(331, 8, 108, 18.00, 2, 3.00),
(331, 9, 109, 8.00, 1, 0.00),
(332, 1, 168, 14.00, 2, 3.00),
(332, 2, 160, 18.00, 3, 5.00),
(332, 3, 163, 12.00, 2, 3.00),
(333, 1, 132, 16.00, 2, 3.00),
(333, 2, 116, 10.00, 2, 3.00),
(333, 3, 165, 12.00, 2, 3.00),
(333, 4, 150, 18.00, 2, 3.00),
(333, 5, 102, 18.00, 3, 5.00),
(333, 6, 105, 17.00, 2, 3.00),
(333, 7, 106, 18.00, 2, 3.00),
(333, 8, 107, 12.00, 2, 3.00),
(333, 9, 118, 10.00, 2, 3.00),
(334, 1, 135, 24.00, 1, 0.00),
(334, 2, 141, 19.00, 1, 0.00),
(334, 3, 149, 11.00, 1, 0.00),
(334, 4, 123, 22.00, 2, 3.00),
(334, 5, 154, 19.00, 1, 0.00),
(334, 6, 161, 17.00, 1, 0.00),
(334, 7, 164, 11.00, 2, 3.00),
(334, 8, 157, 16.00, 1, 0.00),
(334, 9, 105, 17.00, 1, 0.00),
(335, 1, 169, 10.00, 2, 3.00),
(335, 2, 142, 21.00, 2, 3.00),
(335, 3, 107, 12.00, 1, 0.00),
(335, 4, 123, 22.00, 2, 3.00),
(335, 5, 103, 12.00, 1, 0.00),
(336, 1, 102, 18.00, 1, 0.00),
(336, 2, 128, 12.00, 2, 3.00),
(336, 3, 113, 13.00, 2, 3.00),
(336, 4, 136, 14.00, 1, 0.00),
(336, 5, 127, 9.00, 2, 3.00),
(336, 6, 105, 17.00, 2, 3.00),
(336, 7, 103, 12.00, 1, 0.00),
(337, 1, 148, 12.00, 2, 3.00),
(337, 2, 116, 10.00, 2, 3.00),
(337, 3, 142, 21.00, 2, 3.00),
(337, 4, 119, 12.00, 2, 3.00),
(337, 5, 120, 9.00, 2, 3.00),
(337, 6, 140, 17.00, 2, 3.00),
(337, 7, 167, 12.00, 2, 3.00),
(337, 8, 103, 12.00, 1, 0.00),
(338, 1, 130, 14.00, 1, 0.00),
(338, 2, 152, 10.00, 2, 3.00),
(338, 3, 112, 11.00, 1, 0.00),
(338, 4, 145, 15.00, 1, 0.00),
(338, 5, 150, 18.00, 1, 0.00),
(338, 6, 122, 8.00, 2, 3.00),
(338, 7, 164, 11.00, 1, 0.00),
(338, 8, 157, 16.00, 2, 3.00),
(338, 9, 117, 8.00, 2, 3.00),
(339, 1, 102, 18.00, 2, 3.00),
(339, 2, 135, 24.00, 1, 0.00),
(339, 3, 160, 18.00, 2, 3.00),
(339, 4, 104, 21.00, 2, 3.00),
(340, 1, 168, 14.00, 2, 3.00),
(340, 2, 147, 13.00, 2, 3.00),
(340, 3, 115, 8.00, 1, 0.00),
(340, 4, 108, 18.00, 2, 3.00),
(340, 5, 148, 12.00, 1, 0.00),
(340, 6, 121, 15.00, 2, 3.00),
(340, 7, 158, 14.00, 1, 0.00),
(341, 1, 108, 18.00, 1, 0.00),
(341, 2, 149, 11.00, 1, 0.00),
(341, 3, 125, 12.00, 1, 0.00),
(341, 4, 142, 21.00, 1, 0.00),
(341, 5, 171, 23.00, 1, 0.00),
(341, 6, 151, 15.00, 1, 0.00),
(341, 7, 129, 11.00, 1, 0.00),
(341, 8, 155, 15.00, 3, 5.00),
(341, 9, 145, 15.00, 1, 0.00),
(342, 1, 109, 8.00, 2, 3.00),
(342, 2, 169, 10.00, 2, 3.00),
(342, 3, 120, 9.00, 1, 0.00),
(343, 1, 106, 18.00, 1, 0.00),
(343, 2, 132, 16.00, 1, 0.00),
(343, 3, 110, 24.00, 1, 0.00),
(344, 1, 112, 11.00, 2, 3.00),
(344, 2, 120, 9.00, 1, 0.00),
(344, 3, 143, 8.00, 1, 0.00),
(344, 4, 140, 17.00, 2, 3.00),
(344, 5, 149, 11.00, 2, 3.00),
(344, 6, 115, 8.00, 1, 0.00),
(344, 7, 128, 12.00, 1, 0.00),
(344, 8, 146, 17.00, 2, 3.00),
(345, 1, 116, 10.00, 2, 3.00),
(345, 2, 104, 21.00, 2, 3.00),
(345, 3, 125, 12.00, 2, 3.00),
(345, 4, 154, 19.00, 2, 3.00),
(345, 5, 166, 15.00, 2, 3.00),
(345, 6, 152, 10.00, 1, 0.00),
(345, 7, 153, 18.00, 2, 3.00),
(345, 8, 147, 13.00, 3, 5.00),
(345, 9, 112, 11.00, 2, 3.00),
(346, 1, 142, 21.00, 1, 0.00),
(346, 2, 159, 12.00, 2, 3.00),
(347, 1, 105, 17.00, 1, 0.00),
(347, 2, 168, 14.00, 1, 0.00),
(347, 3, 125, 12.00, 2, 3.00),
(347, 4, 140, 17.00, 1, 0.00),
(347, 5, 124, 9.00, 1, 0.00),
(347, 6, 147, 13.00, 1, 0.00),
(348, 1, 152, 10.00, 2, 3.00),
(348, 2, 146, 17.00, 1, 0.00),
(348, 3, 122, 8.00, 2, 3.00),
(348, 4, 154, 19.00, 1, 0.00),
(348, 5, 141, 19.00, 2, 3.00),
(348, 6, 121, 15.00, 2, 3.00),
(348, 7, 105, 17.00, 2, 3.00),
(348, 8, 134, 13.00, 2, 3.00),
(348, 9, 103, 12.00, 2, 3.00),
(349, 1, 102, 18.00, 1, 0.00),
(349, 2, 108, 18.00, 1, 0.00),
(349, 3, 139, 16.00, 1, 0.00),
(350, 1, 153, 18.00, 1, 0.00),
(350, 2, 119, 12.00, 3, 5.00),
(350, 3, 129, 11.00, 2, 3.00),
(350, 4, 156, 12.00, 2, 3.00),
(350, 5, 170, 12.00, 3, 5.00),
(350, 6, 133, 23.00, 2, 3.00),
(351, 1, 133, 23.00, 1, 0.00),
(352, 1, 131, 18.00, 1, 0.00),
(353, 1, 152, 10.00, 2, 3.00),
(353, 2, 156, 12.00, 1, 0.00),
(353, 3, 145, 15.00, 2, 3.00),
(353, 4, 129, 11.00, 2, 3.00),
(353, 5, 106, 18.00, 1, 0.00),
(353, 6, 101, 12.00, 2, 3.00),
(353, 7, 134, 13.00, 1, 0.00),
(353, 8, 111, 9.00, 2, 3.00),
(354, 1, 115, 8.00, 2, 3.00),
(354, 2, 164, 11.00, 2, 3.00),
(354, 3, 160, 18.00, 1, 0.00),
(354, 4, 140, 17.00, 2, 3.00),
(355, 1, 102, 18.00, 1, 0.00),
(355, 2, 134, 13.00, 2, 3.00),
(355, 3, 130, 14.00, 2, 3.00),
(355, 4, 152, 10.00, 2, 3.00),
(355, 5, 151, 15.00, 1, 0.00),
(355, 6, 118, 10.00, 1, 0.00),
(355, 7, 124, 9.00, 2, 3.00),
(355, 8, 166, 15.00, 1, 0.00),
(356, 1, 110, 24.00, 2, 3.00),
(356, 2, 169, 10.00, 1, 0.00),
(356, 3, 128, 12.00, 2, 3.00),
(356, 4, 171, 23.00, 1, 0.00),
(356, 5, 162, 14.00, 1, 0.00),
(356, 6, 159, 12.00, 1, 0.00),
(357, 1, 116, 10.00, 1, 0.00),
(357, 2, 159, 12.00, 1, 0.00),
(357, 3, 141, 19.00, 2, 3.00),
(357, 4, 147, 13.00, 1, 0.00),
(357, 5, 140, 17.00, 2, 3.00),
(357, 6, 135, 24.00, 1, 0.00),
(357, 7, 161, 17.00, 1, 0.00),
(358, 1, 142, 21.00, 3, 5.00),
(358, 2, 138, 14.00, 1, 0.00),
(358, 3, 155, 15.00, 2, 3.00),
(358, 4, 111, 9.00, 1, 0.00),
(358, 5, 169, 10.00, 3, 5.00),
(358, 6, 163, 12.00, 1, 0.00),
(358, 7, 143, 8.00, 2, 3.00),
(358, 8, 104, 21.00, 1, 0.00),
(359, 1, 124, 9.00, 1, 0.00),
(360, 1, 167, 12.00, 3, 5.00),
(360, 2, 148, 12.00, 1, 0.00),
(360, 3, 102, 18.00, 3, 5.00),
(360, 4, 162, 14.00, 3, 5.00),
(360, 5, 155, 15.00, 2, 3.00),
(360, 6, 117, 8.00, 2, 3.00),
(361, 1, 105, 17.00, 1, 0.00),
(361, 2, 126, 8.00, 2, 3.00),
(361, 3, 156, 12.00, 2, 3.00),
(361, 4, 152, 10.00, 2, 3.00),
(361, 5, 125, 12.00, 2, 3.00),
(362, 1, 152, 10.00, 1, 0.00),
(362, 2, 129, 11.00, 1, 0.00),
(362, 3, 135, 24.00, 1, 0.00),
(362, 4, 125, 12.00, 2, 3.00),
(363, 1, 152, 10.00, 1, 0.00),
(363, 2, 171, 23.00, 2, 3.00),
(363, 3, 136, 14.00, 2, 3.00),
(363, 4, 102, 18.00, 2, 3.00),
(364, 1, 128, 12.00, 2, 3.00),
(364, 2, 148, 12.00, 2, 3.00),
(365, 1, 101, 12.00, 1, 0.00),
(365, 2, 103, 12.00, 2, 3.00),
(366, 1, 166, 15.00, 2, 3.00),
(366, 2, 148, 12.00, 2, 3.00),
(366, 3, 151, 15.00, 2, 3.00),
(367, 1, 110, 24.00, 2, 3.00),
(367, 2, 106, 18.00, 1, 0.00),
(367, 3, 161, 17.00, 1, 0.00),
(367, 4, 168, 14.00, 2, 3.00),
(367, 5, 118, 10.00, 2, 3.00),
(367, 6, 141, 19.00, 1, 0.00),
(367, 7, 164, 11.00, 2, 3.00),
(367, 8, 136, 14.00, 2, 3.00),
(367, 9, 130, 14.00, 2, 3.00),
(367, 10, 163, 12.00, 2, 3.00),
(368, 1, 167, 12.00, 1, 0.00),
(369, 1, 114, 15.00, 2, 3.00),
(369, 2, 163, 12.00, 2, 3.00),
(369, 3, 149, 11.00, 3, 5.00),
(369, 4, 118, 10.00, 2, 3.00),
(369, 5, 113, 13.00, 2, 3.00),
(369, 6, 128, 12.00, 1, 0.00),
(369, 7, 127, 9.00, 1, 0.00),
(370, 1, 120, 9.00, 2, 3.00),
(370, 2, 123, 22.00, 2, 3.00),
(371, 1, 167, 12.00, 1, 0.00),
(371, 2, 129, 11.00, 2, 3.00),
(371, 3, 117, 8.00, 2, 3.00),
(371, 4, 142, 21.00, 2, 3.00),
(371, 5, 139, 16.00, 1, 0.00),
(371, 6, 104, 21.00, 3, 5.00),
(371, 7, 147, 13.00, 2, 3.00),
(371, 8, 144, 12.00, 3, 5.00),
(371, 9, 146, 17.00, 1, 0.00),
(371, 10, 170, 12.00, 1, 0.00),
(372, 1, 108, 18.00, 1, 0.00),
(372, 2, 117, 8.00, 2, 3.00),
(372, 3, 120, 9.00, 1, 0.00),
(372, 4, 145, 15.00, 2, 3.00),
(372, 5, 148, 12.00, 1, 0.00),
(372, 6, 156, 12.00, 1, 0.00),
(372, 7, 130, 14.00, 1, 0.00),
(373, 1, 154, 19.00, 2, 3.00),
(373, 2, 112, 11.00, 2, 3.00),
(373, 3, 125, 12.00, 2, 3.00),
(374, 1, 165, 12.00, 2, 3.00),
(374, 2, 162, 14.00, 2, 3.00),
(374, 3, 133, 23.00, 2, 3.00),
(374, 4, 148, 12.00, 2, 3.00),
(374, 5, 121, 15.00, 3, 5.00),
(374, 6, 145, 15.00, 1, 0.00),
(374, 7, 107, 12.00, 1, 0.00),
(374, 8, 131, 18.00, 2, 3.00),
(375, 1, 153, 18.00, 3, 5.00),
(376, 1, 143, 8.00, 3, 5.00),
(377, 1, 127, 9.00, 1, 0.00),
(377, 2, 122, 8.00, 3, 5.00),
(377, 3, 112, 11.00, 2, 3.00),
(377, 4, 151, 15.00, 1, 0.00),
(377, 5, 110, 24.00, 1, 0.00),
(377, 6, 146, 17.00, 1, 0.00),
(377, 7, 144, 12.00, 2, 3.00),
(377, 8, 138, 14.00, 2, 3.00),
(377, 9, 148, 12.00, 1, 0.00),
(377, 10, 131, 18.00, 1, 0.00),
(378, 1, 165, 12.00, 2, 3.00),
(378, 2, 126, 8.00, 3, 5.00),
(378, 3, 107, 12.00, 1, 0.00),
(378, 4, 122, 8.00, 2, 3.00),
(378, 5, 121, 15.00, 2, 3.00),
(378, 6, 155, 15.00, 1, 0.00),
(379, 1, 115, 8.00, 1, 0.00),
(379, 2, 163, 12.00, 2, 3.00),
(379, 3, 122, 8.00, 2, 3.00),
(379, 4, 132, 16.00, 3, 5.00),
(379, 5, 117, 8.00, 2, 3.00),
(379, 6, 160, 18.00, 1, 0.00),
(380, 1, 149, 11.00, 2, 3.00),
(380, 2, 125, 12.00, 1, 0.00),
(380, 3, 114, 15.00, 1, 0.00),
(380, 4, 127, 9.00, 2, 3.00),
(380, 5, 155, 15.00, 1, 0.00),
(380, 6, 103, 12.00, 2, 3.00),
(381, 1, 102, 18.00, 2, 3.00),
(381, 2, 171, 23.00, 3, 5.00),
(381, 3, 109, 8.00, 2, 3.00),
(381, 4, 142, 21.00, 2, 3.00),
(381, 5, 134, 13.00, 1, 0.00),
(381, 6, 125, 12.00, 1, 0.00),
(381, 7, 156, 12.00, 2, 3.00),
(381, 8, 119, 12.00, 2, 3.00),
(381, 9, 169, 10.00, 2, 3.00),
(382, 1, 163, 12.00, 2, 3.00),
(382, 2, 110, 24.00, 3, 5.00),
(383, 1, 103, 12.00, 2, 3.00),
(383, 2, 161, 17.00, 1, 0.00),
(384, 1, 135, 24.00, 2, 3.00),
(384, 2, 149, 11.00, 1, 0.00),
(384, 3, 162, 14.00, 2, 3.00),
(384, 4, 161, 17.00, 1, 0.00),
(384, 5, 106, 18.00, 1, 0.00),
(384, 6, 103, 12.00, 1, 0.00),
(385, 1, 137, 16.00, 2, 3.00),
(385, 2, 149, 11.00, 2, 3.00),
(385, 3, 114, 15.00, 2, 3.00),
(386, 1, 121, 15.00, 1, 0.00),
(386, 2, 150, 18.00, 3, 5.00),
(386, 3, 105, 17.00, 2, 3.00),
(386, 4, 116, 10.00, 2, 3.00),
(386, 5, 141, 19.00, 2, 3.00),
(386, 6, 156, 12.00, 1, 0.00),
(386, 7, 154, 19.00, 2, 3.00),
(386, 8, 111, 9.00, 1, 0.00),
(386, 9, 165, 12.00, 1, 0.00),
(387, 1, 131, 18.00, 3, 5.00),
(387, 2, 165, 12.00, 1, 0.00),
(387, 3, 169, 10.00, 1, 0.00),
(387, 4, 166, 15.00, 2, 3.00),
(388, 1, 165, 12.00, 2, 3.00),
(389, 1, 160, 18.00, 2, 3.00),
(389, 2, 113, 13.00, 1, 0.00),
(389, 3, 155, 15.00, 1, 0.00),
(390, 1, 127, 9.00, 1, 0.00),
(390, 2, 129, 11.00, 1, 0.00),
(390, 3, 140, 17.00, 3, 5.00),
(390, 4, 137, 16.00, 2, 3.00),
(390, 5, 169, 10.00, 1, 0.00),
(390, 6, 116, 10.00, 1, 0.00),
(390, 7, 118, 10.00, 1, 0.00),
(391, 1, 165, 12.00, 2, 3.00),
(392, 1, 171, 23.00, 1, 0.00),
(392, 2, 143, 8.00, 3, 5.00),
(392, 3, 122, 8.00, 2, 3.00),
(392, 4, 132, 16.00, 1, 0.00),
(392, 5, 104, 21.00, 2, 3.00),
(392, 6, 140, 17.00, 1, 0.00),
(392, 7, 149, 11.00, 2, 3.00),
(392, 8, 124, 9.00, 1, 0.00),
(392, 9, 132, 16.00, 2, 3.00),
(392, 10, 162, 14.00, 2, 3.00),
(393, 1, 152, 10.00, 1, 0.00),
(394, 1, 110, 24.00, 2, 3.00),
(394, 2, 166, 15.00, 1, 0.00),
(394, 3, 149, 11.00, 1, 0.00),
(394, 4, 109, 8.00, 2, 3.00),
(394, 5, 153, 18.00, 1, 0.00),
(394, 6, 126, 8.00, 1, 0.00),
(394, 7, 124, 9.00, 1, 0.00),
(394, 8, 145, 15.00, 1, 0.00),
(394, 9, 136, 14.00, 1, 0.00),
(395, 1, 159, 12.00, 2, 3.00),
(395, 2, 151, 15.00, 1, 0.00),
(395, 3, 119, 12.00, 3, 5.00),
(396, 1, 145, 15.00, 2, 3.00),
(396, 2, 151, 15.00, 1, 0.00),
(396, 3, 148, 12.00, 2, 3.00),
(396, 4, 102, 18.00, 2, 3.00),
(396, 5, 136, 14.00, 2, 3.00),
(396, 6, 107, 12.00, 2, 3.00),
(397, 1, 119, 12.00, 2, 3.00),
(397, 2, 139, 16.00, 1, 0.00),
(397, 3, 170, 12.00, 2, 3.00),
(397, 4, 149, 11.00, 2, 3.00),
(397, 5, 116, 10.00, 2, 3.00),
(398, 1, 119, 12.00, 1, 0.00),
(398, 2, 134, 13.00, 1, 0.00),
(398, 3, 152, 10.00, 3, 5.00),
(398, 4, 127, 9.00, 2, 3.00),
(398, 5, 157, 16.00, 1, 0.00),
(398, 6, 164, 11.00, 3, 5.00),
(398, 7, 124, 9.00, 1, 0.00),
(399, 1, 125, 12.00, 2, 3.00),
(399, 2, 152, 10.00, 1, 0.00),
(399, 3, 153, 18.00, 1, 0.00),
(399, 4, 162, 14.00, 1, 0.00),
(399, 5, 140, 17.00, 1, 0.00),
(399, 6, 160, 18.00, 2, 3.00),
(399, 7, 109, 8.00, 2, 3.00),
(399, 8, 141, 19.00, 1, 0.00),
(399, 9, 119, 12.00, 2, 3.00),
(400, 1, 134, 13.00, 2, 3.00),
(400, 2, 146, 17.00, 1, 0.00),
(400, 3, 119, 12.00, 2, 3.00),
(400, 4, 152, 10.00, 2, 3.00),
(400, 5, 123, 22.00, 2, 3.00),
(400, 6, 144, 12.00, 2, 3.00),
(400, 7, 125, 12.00, 1, 0.00),
(400, 8, 102, 18.00, 2, 3.00),
(400, 9, 132, 16.00, 1, 0.00),
(400, 10, 107, 12.00, 1, 0.00),
(401, 1, 170, 12.00, 2, 3.00),
(401, 2, 134, 13.00, 1, 0.00),
(401, 3, 103, 12.00, 1, 0.00),
(401, 4, 114, 15.00, 2, 3.00),
(402, 1, 125, 12.00, 1, 0.00),
(402, 2, 143, 8.00, 1, 0.00),
(402, 3, 141, 19.00, 3, 5.00),
(402, 4, 118, 10.00, 1, 0.00),
(402, 5, 117, 8.00, 3, 5.00),
(402, 6, 151, 15.00, 2, 3.00),
(403, 1, 116, 10.00, 2, 3.00),
(403, 2, 102, 18.00, 2, 3.00),
(403, 3, 131, 18.00, 2, 3.00),
(404, 1, 122, 8.00, 1, 0.00),
(404, 2, 162, 14.00, 1, 0.00),
(404, 3, 137, 16.00, 1, 0.00),
(404, 4, 150, 18.00, 1, 0.00),
(404, 5, 145, 15.00, 1, 0.00),
(404, 6, 116, 10.00, 1, 0.00),
(404, 7, 125, 12.00, 3, 5.00),
(404, 8, 104, 21.00, 1, 0.00),
(404, 9, 146, 17.00, 1, 0.00),
(404, 10, 124, 9.00, 1, 0.00),
(405, 1, 111, 9.00, 3, 5.00),
(405, 2, 152, 10.00, 2, 3.00),
(405, 3, 118, 10.00, 2, 3.00),
(405, 4, 171, 23.00, 2, 3.00),
(405, 5, 131, 18.00, 1, 0.00),
(405, 6, 168, 14.00, 2, 3.00),
(405, 7, 105, 17.00, 1, 0.00),
(405, 8, 157, 16.00, 2, 3.00),
(405, 9, 144, 12.00, 1, 0.00),
(406, 1, 118, 10.00, 2, 3.00),
(406, 2, 134, 13.00, 3, 5.00),
(406, 3, 158, 14.00, 1, 0.00),
(406, 4, 121, 15.00, 1, 0.00),
(406, 5, 163, 12.00, 2, 3.00),
(406, 6, 160, 18.00, 2, 3.00),
(407, 1, 115, 8.00, 2, 3.00),
(407, 2, 171, 23.00, 3, 5.00),
(408, 1, 162, 14.00, 1, 0.00),
(408, 2, 116, 10.00, 2, 3.00),
(408, 3, 134, 13.00, 2, 3.00),
(408, 4, 158, 14.00, 1, 0.00),
(408, 5, 135, 24.00, 1, 0.00),
(408, 6, 133, 23.00, 1, 0.00),
(408, 7, 109, 8.00, 2, 3.00),
(408, 8, 111, 9.00, 2, 3.00),
(409, 1, 164, 11.00, 2, 3.00),
(409, 2, 118, 10.00, 1, 0.00),
(409, 3, 130, 14.00, 1, 0.00),
(409, 4, 106, 18.00, 2, 3.00),
(409, 5, 159, 12.00, 2, 3.00),
(410, 1, 139, 16.00, 2, 3.00),
(410, 2, 126, 8.00, 1, 0.00),
(410, 3, 106, 18.00, 1, 0.00),
(410, 4, 115, 8.00, 1, 0.00),
(410, 5, 165, 12.00, 2, 3.00),
(410, 6, 103, 12.00, 1, 0.00),
(410, 7, 130, 14.00, 2, 3.00),
(410, 8, 109, 8.00, 2, 3.00),
(410, 9, 133, 23.00, 1, 0.00),
(411, 1, 136, 14.00, 2, 3.00),
(411, 2, 149, 11.00, 3, 5.00),
(411, 3, 122, 8.00, 2, 3.00),
(411, 4, 125, 12.00, 1, 0.00),
(411, 5, 103, 12.00, 1, 0.00),
(411, 6, 126, 8.00, 2, 3.00),
(412, 1, 101, 12.00, 1, 0.00),
(412, 2, 140, 17.00, 1, 0.00),
(412, 3, 127, 9.00, 3, 5.00),
(413, 1, 132, 16.00, 2, 3.00),
(413, 2, 148, 12.00, 2, 3.00),
(413, 3, 157, 16.00, 1, 0.00),
(413, 4, 119, 12.00, 2, 3.00),
(413, 5, 121, 15.00, 1, 0.00),
(413, 6, 155, 15.00, 1, 0.00),
(413, 7, 115, 8.00, 2, 3.00),
(413, 8, 163, 12.00, 1, 0.00),
(413, 9, 142, 21.00, 2, 3.00),
(414, 1, 149, 11.00, 2, 3.00),
(414, 2, 126, 8.00, 2, 3.00),
(414, 3, 125, 12.00, 2, 3.00),
(414, 4, 128, 12.00, 1, 0.00),
(414, 5, 159, 12.00, 1, 0.00),
(414, 6, 127, 9.00, 1, 0.00),
(415, 1, 102, 18.00, 3, 5.00),
(415, 2, 105, 17.00, 1, 0.00),
(415, 3, 154, 19.00, 2, 3.00),
(416, 1, 123, 22.00, 1, 0.00),
(416, 2, 156, 12.00, 1, 0.00),
(416, 3, 121, 15.00, 2, 3.00),
(416, 4, 157, 16.00, 2, 3.00),
(416, 5, 143, 8.00, 1, 0.00),
(416, 6, 112, 11.00, 2, 3.00),
(416, 7, 171, 23.00, 2, 3.00),
(416, 8, 158, 14.00, 2, 3.00),
(416, 9, 119, 12.00, 3, 5.00),
(417, 1, 143, 8.00, 1, 0.00),
(417, 2, 147, 13.00, 2, 3.00),
(417, 3, 107, 12.00, 2, 3.00),
(418, 1, 126, 8.00, 1, 0.00),
(418, 2, 140, 17.00, 1, 0.00),
(418, 3, 109, 8.00, 2, 3.00),
(418, 4, 132, 16.00, 1, 0.00),
(418, 5, 149, 11.00, 1, 0.00),
(419, 1, 151, 15.00, 1, 0.00),
(419, 2, 103, 12.00, 1, 0.00),
(419, 3, 126, 8.00, 1, 0.00),
(419, 4, 168, 14.00, 1, 0.00),
(419, 5, 164, 11.00, 2, 3.00),
(420, 1, 138, 14.00, 1, 0.00),
(420, 2, 156, 12.00, 2, 3.00),
(420, 3, 149, 11.00, 2, 3.00),
(420, 4, 144, 12.00, 1, 0.00),
(420, 5, 148, 12.00, 2, 3.00),
(420, 6, 126, 8.00, 2, 3.00),
(420, 7, 153, 18.00, 2, 3.00),
(420, 8, 142, 21.00, 2, 3.00),
(420, 9, 129, 11.00, 1, 0.00),
(420, 10, 123, 22.00, 2, 3.00),
(421, 1, 143, 8.00, 1, 0.00),
(421, 2, 120, 9.00, 2, 3.00),
(421, 3, 123, 22.00, 1, 0.00),
(422, 1, 162, 14.00, 1, 0.00),
(422, 2, 161, 17.00, 1, 0.00),
(422, 3, 153, 18.00, 1, 0.00),
(423, 1, 144, 12.00, 1, 0.00),
(423, 2, 154, 19.00, 1, 0.00),
(423, 3, 137, 16.00, 1, 0.00),
(423, 4, 129, 11.00, 2, 3.00),
(424, 1, 114, 15.00, 1, 0.00),
(424, 2, 120, 9.00, 1, 0.00),
(424, 3, 115, 8.00, 1, 0.00),
(424, 4, 138, 14.00, 2, 3.00),
(424, 5, 116, 10.00, 3, 5.00),
(424, 6, 154, 19.00, 3, 5.00),
(424, 7, 157, 16.00, 1, 0.00),
(424, 8, 139, 16.00, 1, 0.00),
(424, 9, 141, 19.00, 2, 3.00),
(424, 10, 106, 18.00, 2, 3.00),
(425, 1, 106, 18.00, 1, 0.00),
(425, 2, 132, 16.00, 1, 0.00),
(425, 3, 144, 12.00, 1, 0.00),
(425, 4, 127, 9.00, 2, 3.00),
(425, 5, 112, 11.00, 1, 0.00),
(425, 6, 149, 11.00, 1, 0.00),
(425, 7, 134, 13.00, 2, 3.00),
(425, 8, 103, 12.00, 2, 3.00),
(425, 9, 146, 17.00, 2, 3.00),
(425, 10, 119, 12.00, 1, 0.00),
(426, 1, 129, 11.00, 1, 0.00),
(426, 2, 152, 10.00, 3, 5.00),
(427, 1, 130, 14.00, 3, 5.00),
(428, 1, 145, 15.00, 1, 0.00),
(428, 2, 140, 17.00, 1, 0.00),
(428, 3, 147, 13.00, 2, 3.00),
(428, 4, 146, 17.00, 1, 0.00),
(428, 5, 111, 9.00, 2, 3.00),
(429, 1, 164, 11.00, 1, 0.00),
(429, 2, 155, 15.00, 2, 3.00),
(429, 3, 133, 23.00, 2, 3.00),
(430, 1, 133, 23.00, 1, 0.00),
(430, 2, 139, 16.00, 2, 3.00),
(431, 1, 123, 22.00, 2, 3.00),
(431, 2, 120, 9.00, 2, 3.00),
(431, 3, 119, 12.00, 1, 0.00),
(431, 4, 139, 16.00, 1, 0.00),
(431, 5, 108, 18.00, 2, 3.00),
(431, 6, 165, 12.00, 1, 0.00),
(431, 7, 113, 13.00, 2, 3.00),
(431, 8, 105, 17.00, 1, 0.00),
(432, 1, 105, 17.00, 2, 3.00),
(432, 2, 107, 12.00, 1, 0.00),
(432, 3, 102, 18.00, 2, 3.00),
(433, 1, 116, 10.00, 1, 0.00),
(434, 1, 149, 11.00, 2, 3.00),
(434, 2, 106, 18.00, 1, 0.00),
(434, 3, 155, 15.00, 1, 0.00),
(434, 4, 158, 14.00, 1, 0.00),
(434, 5, 128, 12.00, 1, 0.00),
(434, 6, 120, 9.00, 2, 3.00),
(434, 7, 142, 21.00, 2, 3.00),
(434, 8, 153, 18.00, 2, 3.00),
(434, 9, 143, 8.00, 1, 0.00),
(434, 10, 121, 15.00, 2, 3.00),
(435, 1, 109, 8.00, 1, 0.00),
(435, 2, 162, 14.00, 2, 3.00),
(435, 3, 114, 15.00, 1, 0.00),
(435, 4, 132, 16.00, 1, 0.00),
(435, 5, 101, 12.00, 1, 0.00),
(435, 6, 166, 15.00, 3, 5.00),
(436, 1, 116, 10.00, 1, 0.00),
(436, 2, 111, 9.00, 1, 0.00),
(437, 1, 111, 9.00, 1, 0.00),
(437, 2, 154, 19.00, 2, 3.00),
(438, 1, 107, 12.00, 3, 5.00),
(438, 2, 147, 13.00, 2, 3.00),
(438, 3, 149, 11.00, 2, 3.00),
(439, 1, 147, 13.00, 2, 3.00),
(439, 2, 131, 18.00, 1, 0.00),
(439, 3, 148, 12.00, 3, 5.00),
(440, 1, 107, 12.00, 3, 5.00),
(440, 2, 110, 24.00, 2, 3.00),
(440, 3, 121, 15.00, 1, 0.00),
(440, 4, 151, 15.00, 2, 3.00),
(440, 5, 149, 11.00, 2, 3.00),
(441, 1, 132, 16.00, 2, 3.00),
(441, 2, 133, 23.00, 2, 3.00),
(441, 3, 126, 8.00, 1, 0.00),
(442, 1, 161, 17.00, 1, 0.00),
(442, 2, 109, 8.00, 2, 3.00),
(442, 3, 133, 23.00, 1, 0.00),
(442, 4, 137, 16.00, 1, 0.00),
(442, 5, 107, 12.00, 2, 3.00),
(442, 6, 119, 12.00, 1, 0.00),
(442, 7, 151, 15.00, 2, 3.00),
(442, 8, 131, 18.00, 2, 3.00),
(442, 9, 139, 16.00, 1, 0.00),
(442, 10, 142, 21.00, 3, 5.00),
(443, 1, 124, 9.00, 2, 3.00),
(443, 2, 111, 9.00, 2, 3.00),
(443, 3, 103, 12.00, 1, 0.00),
(443, 4, 106, 18.00, 1, 0.00),
(443, 5, 162, 14.00, 1, 0.00),
(443, 6, 131, 18.00, 2, 3.00),
(443, 7, 109, 8.00, 2, 3.00),
(443, 8, 112, 11.00, 3, 5.00),
(443, 9, 123, 22.00, 2, 3.00),
(444, 1, 126, 8.00, 1, 0.00),
(445, 1, 124, 9.00, 1, 0.00),
(445, 2, 118, 10.00, 1, 0.00),
(445, 3, 114, 15.00, 1, 0.00),
(446, 1, 151, 15.00, 3, 5.00),
(447, 1, 140, 17.00, 3, 5.00),
(448, 1, 122, 8.00, 1, 0.00),
(448, 2, 125, 12.00, 1, 0.00),
(448, 3, 165, 12.00, 2, 3.00),
(449, 1, 129, 11.00, 1, 0.00),
(449, 2, 136, 14.00, 1, 0.00),
(449, 3, 134, 13.00, 1, 0.00),
(449, 4, 103, 12.00, 2, 3.00),
(449, 5, 112, 11.00, 1, 0.00),
(450, 1, 120, 9.00, 1, 0.00),
(450, 2, 122, 8.00, 2, 3.00),
(450, 3, 134, 13.00, 1, 0.00),
(450, 4, 104, 21.00, 2, 3.00),
(450, 5, 150, 18.00, 1, 0.00),
(450, 6, 163, 12.00, 2, 3.00),
(450, 7, 126, 8.00, 3, 5.00),
(450, 8, 160, 18.00, 1, 0.00),
(450, 9, 117, 8.00, 1, 0.00),
(450, 10, 168, 14.00, 2, 3.00),
(451, 1, 112, 11.00, 2, 3.00),
(451, 2, 114, 15.00, 1, 0.00),
(451, 3, 143, 8.00, 2, 3.00),
(451, 4, 108, 18.00, 2, 3.00),
(452, 1, 135, 24.00, 3, 5.00),
(452, 2, 131, 18.00, 2, 3.00),
(452, 3, 118, 10.00, 3, 5.00),
(452, 4, 168, 14.00, 1, 0.00),
(452, 5, 143, 8.00, 2, 3.00),
(452, 6, 138, 14.00, 2, 3.00),
(452, 7, 110, 24.00, 2, 3.00),
(452, 8, 152, 10.00, 2, 3.00),
(452, 9, 137, 16.00, 2, 3.00),
(452, 10, 157, 16.00, 2, 3.00),
(453, 1, 102, 18.00, 2, 3.00),
(453, 2, 160, 18.00, 2, 3.00),
(453, 3, 112, 11.00, 2, 3.00),
(453, 4, 118, 10.00, 2, 3.00),
(453, 5, 114, 15.00, 1, 0.00),
(453, 6, 127, 9.00, 2, 3.00),
(453, 7, 146, 17.00, 2, 3.00),
(453, 8, 148, 12.00, 1, 0.00),
(454, 1, 101, 12.00, 1, 0.00),
(455, 1, 151, 15.00, 1, 0.00),
(456, 1, 160, 18.00, 2, 3.00),
(456, 2, 141, 19.00, 2, 3.00),
(456, 3, 148, 12.00, 3, 5.00),
(456, 4, 112, 11.00, 2, 3.00),
(456, 5, 128, 12.00, 2, 3.00),
(456, 6, 165, 12.00, 2, 3.00),
(456, 7, 138, 14.00, 1, 0.00),
(457, 1, 118, 10.00, 2, 3.00),
(457, 2, 140, 17.00, 1, 0.00),
(457, 3, 131, 18.00, 3, 5.00),
(457, 4, 170, 12.00, 1, 0.00),
(457, 5, 134, 13.00, 1, 0.00),
(458, 1, 119, 12.00, 3, 5.00),
(458, 2, 121, 15.00, 2, 3.00),
(458, 3, 138, 14.00, 1, 0.00),
(459, 1, 149, 11.00, 2, 3.00),
(459, 2, 166, 15.00, 1, 0.00),
(459, 3, 127, 9.00, 2, 3.00),
(459, 4, 147, 13.00, 3, 5.00),
(459, 5, 107, 12.00, 2, 3.00),
(460, 1, 131, 18.00, 1, 0.00),
(460, 2, 122, 8.00, 2, 3.00),
(460, 3, 162, 14.00, 2, 3.00),
(461, 1, 124, 9.00, 1, 0.00),
(461, 2, 131, 18.00, 2, 3.00),
(461, 3, 115, 8.00, 1, 0.00),
(461, 4, 118, 10.00, 3, 5.00),
(461, 5, 168, 14.00, 2, 3.00),
(461, 6, 142, 21.00, 1, 0.00),
(461, 7, 148, 12.00, 3, 5.00),
(462, 1, 114, 15.00, 1, 0.00),
(462, 2, 130, 14.00, 1, 0.00),
(462, 3, 146, 17.00, 2, 3.00),
(462, 4, 167, 12.00, 2, 3.00),
(462, 5, 127, 9.00, 2, 3.00),
(462, 6, 124, 9.00, 2, 3.00),
(462, 7, 142, 21.00, 2, 3.00),
(462, 8, 140, 17.00, 3, 5.00),
(462, 9, 144, 12.00, 2, 3.00),
(463, 1, 159, 12.00, 1, 0.00),
(463, 2, 123, 22.00, 2, 3.00),
(463, 3, 129, 11.00, 3, 5.00),
(463, 4, 139, 16.00, 2, 3.00),
(464, 1, 138, 14.00, 1, 0.00),
(464, 2, 129, 11.00, 2, 3.00),
(465, 1, 120, 9.00, 2, 3.00),
(466, 1, 108, 18.00, 2, 3.00),
(466, 2, 136, 14.00, 2, 3.00),
(466, 3, 102, 18.00, 1, 0.00),
(466, 4, 162, 14.00, 1, 0.00),
(466, 5, 115, 8.00, 1, 0.00),
(466, 6, 132, 16.00, 1, 0.00),
(466, 7, 135, 24.00, 1, 0.00),
(467, 1, 118, 10.00, 1, 0.00),
(468, 1, 112, 11.00, 1, 0.00),
(468, 2, 154, 19.00, 1, 0.00),
(468, 3, 157, 16.00, 1, 0.00),
(468, 4, 149, 11.00, 2, 3.00),
(468, 5, 128, 12.00, 2, 3.00),
(469, 1, 106, 18.00, 1, 0.00),
(469, 2, 157, 16.00, 2, 3.00),
(469, 3, 102, 18.00, 1, 0.00),
(469, 4, 123, 22.00, 1, 0.00),
(469, 5, 134, 13.00, 1, 0.00),
(469, 6, 145, 15.00, 2, 3.00),
(469, 7, 160, 18.00, 2, 3.00),
(469, 8, 170, 12.00, 1, 0.00),
(470, 1, 118, 10.00, 3, 5.00),
(470, 2, 102, 18.00, 2, 3.00),
(471, 1, 164, 11.00, 2, 3.00),
(471, 2, 141, 19.00, 1, 0.00),
(472, 1, 141, 19.00, 2, 3.00),
(472, 2, 103, 12.00, 1, 0.00),
(473, 1, 126, 8.00, 2, 3.00),
(473, 2, 136, 14.00, 1, 0.00),
(473, 3, 102, 18.00, 2, 3.00),
(473, 4, 166, 15.00, 2, 3.00),
(474, 1, 121, 15.00, 1, 0.00),
(474, 2, 129, 11.00, 1, 0.00),
(474, 3, 110, 24.00, 1, 0.00),
(474, 4, 130, 14.00, 3, 5.00),
(474, 5, 123, 22.00, 2, 3.00),
(474, 6, 120, 9.00, 2, 3.00),
(474, 7, 112, 11.00, 1, 0.00),
(474, 8, 128, 12.00, 2, 3.00),
(474, 9, 162, 14.00, 2, 3.00),
(474, 10, 165, 12.00, 2, 3.00),
(475, 1, 143, 8.00, 1, 0.00),
(475, 2, 145, 15.00, 2, 3.00),
(475, 3, 135, 24.00, 2, 3.00),
(475, 4, 130, 14.00, 3, 5.00),
(475, 5, 141, 19.00, 3, 5.00),
(475, 6, 115, 8.00, 3, 5.00),
(475, 7, 132, 16.00, 1, 0.00),
(476, 1, 132, 16.00, 3, 5.00),
(476, 2, 153, 18.00, 2, 3.00),
(476, 3, 110, 24.00, 2, 3.00),
(476, 4, 148, 12.00, 1, 0.00),
(477, 1, 151, 15.00, 3, 5.00),
(477, 2, 122, 8.00, 2, 3.00),
(477, 3, 128, 12.00, 2, 3.00),
(477, 4, 154, 19.00, 2, 3.00),
(477, 5, 157, 16.00, 1, 0.00),
(477, 6, 115, 8.00, 2, 3.00),
(478, 1, 123, 22.00, 3, 5.00),
(478, 2, 171, 23.00, 2, 3.00),
(478, 3, 162, 14.00, 2, 3.00),
(478, 4, 118, 10.00, 2, 3.00),
(478, 5, 143, 8.00, 1, 0.00),
(478, 6, 125, 12.00, 2, 3.00),
(478, 7, 146, 17.00, 3, 5.00),
(478, 8, 149, 11.00, 2, 3.00),
(478, 9, 122, 8.00, 2, 3.00),
(478, 10, 127, 9.00, 1, 0.00),
(479, 1, 151, 15.00, 2, 3.00),
(479, 2, 170, 12.00, 2, 3.00),
(479, 3, 159, 12.00, 1, 0.00),
(479, 4, 171, 23.00, 2, 3.00),
(480, 1, 116, 10.00, 2, 3.00),
(480, 2, 139, 16.00, 1, 0.00),
(481, 1, 164, 11.00, 1, 0.00),
(481, 2, 146, 17.00, 3, 5.00),
(481, 3, 152, 10.00, 2, 3.00),
(481, 4, 165, 12.00, 1, 0.00),
(481, 5, 169, 10.00, 1, 0.00),
(482, 1, 133, 23.00, 2, 3.00),
(482, 2, 136, 14.00, 2, 3.00),
(482, 3, 153, 18.00, 2, 3.00),
(482, 4, 131, 18.00, 2, 3.00),
(482, 5, 110, 24.00, 1, 0.00),
(482, 6, 108, 18.00, 2, 3.00),
(482, 7, 143, 8.00, 1, 0.00),
(482, 8, 167, 12.00, 2, 3.00),
(482, 9, 106, 18.00, 2, 3.00),
(482, 10, 154, 19.00, 2, 3.00),
(483, 1, 141, 19.00, 2, 3.00),
(483, 2, 120, 9.00, 1, 0.00),
(483, 3, 161, 17.00, 2, 3.00),
(483, 4, 156, 12.00, 2, 3.00),
(483, 5, 130, 14.00, 1, 0.00),
(483, 6, 160, 18.00, 3, 5.00),
(483, 7, 122, 8.00, 1, 0.00),
(483, 8, 106, 18.00, 2, 3.00),
(483, 9, 112, 11.00, 3, 5.00),
(483, 10, 134, 13.00, 3, 5.00),
(484, 1, 158, 14.00, 2, 3.00),
(484, 2, 147, 13.00, 2, 3.00),
(484, 3, 166, 15.00, 2, 3.00),
(484, 4, 109, 8.00, 2, 3.00),
(484, 5, 168, 14.00, 2, 3.00),
(484, 6, 155, 15.00, 2, 3.00),
(485, 1, 150, 18.00, 2, 3.00),
(485, 2, 166, 15.00, 1, 0.00),
(485, 3, 130, 14.00, 2, 3.00),
(485, 4, 170, 12.00, 1, 0.00),
(485, 5, 116, 10.00, 2, 3.00),
(485, 6, 124, 9.00, 2, 3.00),
(485, 7, 160, 18.00, 2, 3.00),
(485, 8, 125, 12.00, 1, 0.00),
(486, 1, 156, 12.00, 2, 3.00),
(486, 2, 132, 16.00, 1, 0.00),
(486, 3, 107, 12.00, 3, 5.00),
(487, 1, 167, 12.00, 1, 0.00),
(487, 2, 101, 12.00, 2, 3.00),
(487, 3, 121, 15.00, 1, 0.00),
(487, 4, 129, 11.00, 2, 3.00),
(487, 5, 149, 11.00, 1, 0.00),
(487, 6, 126, 8.00, 1, 0.00),
(487, 7, 153, 18.00, 2, 3.00),
(488, 1, 127, 9.00, 1, 0.00),
(488, 2, 150, 18.00, 2, 3.00),
(488, 3, 163, 12.00, 2, 3.00),
(488, 4, 139, 16.00, 2, 3.00),
(488, 5, 145, 15.00, 2, 3.00),
(489, 1, 170, 12.00, 1, 0.00),
(489, 2, 124, 9.00, 1, 0.00),
(490, 1, 165, 12.00, 1, 0.00),
(490, 2, 157, 16.00, 1, 0.00),
(490, 3, 159, 12.00, 1, 0.00);
/*!40000 ALTER TABLE lineas_fac ENABLE KEYS */;

-- 
-- Enable foreign keys
-- 
/*!40014 SET FOREIGN_KEY_CHECKS = @OLD_FOREIGN_KEY_CHECKS */;