﻿-- Script was generated by Devart dbForge Studio for MySQL, Version 6.0.128.0
-- Product home page: http://www.devart.com/dbforge/mysql/studio
-- Script date 29/05/2015 13:54:12
-- Server version: 5.6.16
-- Client version: 4.1

--
-- Definition for database tema3
--
DROP DATABASE IF EXISTS tema3;
CREATE DATABASE IF NOT EXISTS tema3
CHARACTER SET utf8
COLLATE utf8_spanish_ci;

-- 
-- Disable foreign keys
-- 
/*!40014 SET @OLD_FOREIGN_KEY_CHECKS=@@FOREIGN_KEY_CHECKS, FOREIGN_KEY_CHECKS=0 */;

-- 
-- Set character set the client will use to send SQL statements to the server
--
SET NAMES 'utf8';

-- 
-- Set default database
--
USE tema3;

--
-- Definition for table provincias
--
CREATE TABLE IF NOT EXISTS provincias (
  CodPro varchar(2) NOT NULL,
  NombPro varchar(30) DEFAULT NULL,
  iniciales varchar(255) DEFAULT NULL,
  cantidad int(11) DEFAULT 0,
  PRIMARY KEY (CodPro)
)
ENGINE = INNODB
AVG_ROW_LENGTH = 303
CHARACTER SET utf8
COLLATE utf8_spanish_ci;

--
-- Definition for table localidades
--
CREATE TABLE IF NOT EXISTS localidades (
  CodLoc varchar(5) NOT NULL,
  NombLoc varchar(40) DEFAULT NULL,
  CodPro varchar(2) DEFAULT NULL,
  PRIMARY KEY (CodLoc),
  INDEX CodPro (CodPro),
  CONSTRAINT FK_localidades_provincias_CodPro FOREIGN KEY (CodPro)
  REFERENCES provincias (CodPro) ON DELETE RESTRICT ON UPDATE RESTRICT
)
ENGINE = INNODB
AVG_ROW_LENGTH = 157
CHARACTER SET utf8
COLLATE utf8_spanish_ci;

--
-- Definition for table clientes
--
CREATE TABLE IF NOT EXISTS clientes (
  CodCli int(10) NOT NULL,
  NombCli varchar(50) DEFAULT NULL,
  Direccion varchar(50) DEFAULT NULL,
  CP varchar(5) DEFAULT NULL,
  CodLoc varchar(5) DEFAULT NULL,
  edad int(11) DEFAULT 0,
  PRIMARY KEY (CodCli),
  INDEX CodLoc (CodLoc),
  CONSTRAINT FK_clientes_localidades_CodLoc FOREIGN KEY (CodLoc)
  REFERENCES localidades (CodLoc) ON DELETE RESTRICT ON UPDATE RESTRICT
)
ENGINE = INNODB
AVG_ROW_LENGTH = 126
CHARACTER SET utf8
COLLATE utf8_spanish_ci;

-- 
-- Dumping data for table provincias
--
INSERT INTO provincias VALUES
('00', 'Extranjero', 'E', 0),
('01', 'ALAVA', 'A', 0),
('02', 'ALBACETE', 'A', 1),
('03', 'ALICANTE', 'A', 4),
('04', 'ALMERIA', 'A', 1),
('05', 'AVILA', 'A', 2),
('06', 'BADAJOZ', 'B', 0),
('07', 'BALEARES', 'B', 11),
('08', 'BARCELONA', 'B', 5),
('09', 'BURGOS', 'B', 1),
('10', 'CACERES', 'C', 1),
('11', 'CADIZ', 'C', 2),
('12', 'CASTELLON', 'C', 11),
('13', 'CIUDAD REAL', 'C', 0),
('14', 'CORDOBA', 'C', 1),
('15', 'LA CORUÑA', 'L', 1),
('16', 'CUENCA', 'C', 3),
('17', 'GERONA', 'G', 0),
('18', 'GRANADA', 'G', 1),
('19', 'GUADALAJARA', 'G', 3),
('20', 'GUIPUZCOA', 'G', 2),
('21', 'HUELVA', 'H', 1),
('22', 'HUESCA', 'H', 0),
('23', 'JAEN', 'J', 1),
('24', 'LEON', 'L', 6),
('25', 'LERIDA', 'L', 2),
('26', 'LA RIOJA', 'L', 1),
('27', 'LUGO', 'L', 0),
('28', 'MADRID', 'M', 7),
('29', 'MALAGA', 'M', 0),
('30', 'MURCIA', 'M', 0),
('31', 'NAVARRA', 'N', 2),
('32', 'ORENSE', 'O', 1),
('33', 'ASTURIAS', 'A', 2),
('34', 'PALENCIA', 'P', 1),
('35', 'LAS PALMAS', 'L', 1),
('36', 'PONTEVEDRA', 'P', 1),
('37', 'SALAMANCA', 'S', 1),
('38', 'STA CRUZ DE TENERIFE', 'S', 2),
('39', 'CANTABRIA', 'C', 1),
('40', 'SEGOVIA', 'S', 1),
('41', 'SEVILLA', 'S', 1),
('42', 'SORIA', 'S', 1),
('43', 'TARRAGONA', 'T', 3),
('44', 'TERUEL', 'T', 5),
('45', 'TOLEDO', 'T', 0),
('46', 'VALENCIA', 'V', 8),
('47', 'VALLADOLID', 'V', 0),
('48', 'VIZCAYA', 'V', 0),
('49', 'ZAMORA', 'Z', 0),
('50', 'ZARAGOZA', 'Z', 5),
('51', 'CEUTA', 'C', 1),
('52', 'MELILLA', 'M', 0),
('99', 'ANDORRA', 'A', 0);

-- 
-- Dumping data for table localidades
--
INSERT INTO localidades VALUES
('00021', 'AQON DE MONCAYO', '50'),
('01651', 'ALGAR (EL)', '03'),
('01839', 'ALMARCHA (LA)', '16'),
('02050', 'ALTERO DE MOMPOY', '46'),
('02814', 'ARAYA', '12'),
('03061', 'ARENAL (EL)', '07'),
('04033', 'AUZOTXIKIA', '20'),
('05495', 'BASANOVA (LA)', '12'),
('05754', 'BEG', '02'),
('05998', 'BENAMAHOMA', '11'),
('06362', 'BERROCALES DEL JARAMA (LOS)', '28'),
('06571', 'BINIAMAR', '07'),
('06579', 'BINISALEM', '07'),
('06905', 'BONRETORN', '43'),
('07625', 'BUGARRA', '46'),
('07766', 'BURRIANA', '12'),
('07951', 'CAQADA (LA)', '16'),
('08751', 'CALA LLITERAS', '07'),
('08764', 'CALA ROMANA', '43'),
('08820', 'CALATAYUD', '50'),
('08993', 'CALLUS', '08'),
('09248', 'CAMINO DE PARACUELLOS', '28'),
('10917', 'CARNICERA', '33'),
('11024', 'CARRASCA (LA)', '46'),
('11408', 'CASA GRANDE', '44'),
('12', 'dsfds', '24'),
('12060', 'CASILLAS (LAS)', '14'),
('12309', 'CASTELLON', '12'),
('13003', 'CELADA', '24'),
('13541', 'CEUTA (CIUDAD)', '51'),
('13996', 'CIADUEQA', '42'),
('14140', 'CINT (EL)', '08'),
('14637', 'COLOMER CUADRA', '25'),
('15424', 'CORTIJO (EL)', '28'),
('15619', 'COSTA DE LOS PINOS', '07'),
('16745', 'CURRELO (O)', '36'),
('16926', 'DEHESA DE VILLANDRANDO', '34'),
('17791', 'ENCINAS (LAS)', '28'),
('17859', 'ENRAMONA', '12'),
('20267', 'FORMICHE ALTO', '44'),
('20295', 'FORNADEIROS (SAN PEDRO)', '32'),
('20875', 'FUENDEJALON', '50'),
('21104', 'FUENTES DE JILOCA', '50'),
('21355', 'GALILEA', '07'),
('21819', 'GENESTOSA', '24'),
('24263', 'IZANA', '38'),
('25630', 'LENTEJI', '18'),
('26289', 'LLUCALARY', '07'),
('27215', 'MAHAVE', '26'),
('27861', 'MARRATXINET', '07'),
('27948', 'MARTINEZ (LOS)', '04'),
('28023', 'MAS D''EN ROCA', '08'),
('28097', 'MAS DEL SECO', '12'),
('28370', 'MATALUENGA', '24'),
('28623', 'MECO', '28'),
('29149', 'MIQANA', '03'),
('30586', 'MORERA DE MONTSANT (LA)', '43'),
('30996', 'MUGUETA', '31'),
('31195', 'MURUZABAL', '31'),
('31289', 'NARANJEROS (LOS)', '38'),
('31481', 'NAVARREDONDA DE LA RINCONADA', '37'),
('31527', 'NAVASEQUILLA', '05'),
('31982', 'NOVELE', '46'),
('32003', 'NOVILLAS', '50'),
('32093', 'NULES', '12'),
('32101', 'NURTAL-CDA. FARANDOLA', '46'),
('32112', 'OASIS', '35'),
('32419', 'OLMOS (LOS)', '44'),
('32457', 'OMAQAS (LAS)', '24'),
('32550', 'ORBITA', '05'),
('33246', 'PAIPORTA', '46'),
('33534', 'PALOS DE LA FRONTERA', '21'),
('36300', 'PLANASSA (LA)', '08'),
('37953', 'PUEBLA DE SAN MIGUEL', '46'),
('38168', 'PUERTO (EL)', '07'),
('38576', 'QUESADA', '23'),
('39063', 'RAIGUERO (EL)', '03'),
('39486', 'REBON', '15'),
('40066', 'RENTERIA', '20'),
('40332', 'RIAHUELAS', '40'),
('41550', 'ROSAMIANA', '33'),
('42277', 'SALINAS (LAS)', '19'),
('42366', 'SALTO DE TORREJON', '10'),
('42567', 'SAN ANTONIO DE PORMANY', '07'),
('43446', 'SAN SALVADOR', '39'),
('45004', 'SAX', '03'),
('46278', 'SOMOSAGUAS (CENTRO)', '28'),
('46302', 'SON DEL PUERTO', '44'),
('46305', 'SON FERRER', '07'),
('46332', 'SONEJA', '12'),
('46876', 'TABLADA DE VILLADIEGO', '09'),
('47218', 'TARTANEDO', '19'),
('47731', 'TIURANA', '25'),
('47881', 'TOMILLERAS (LAS)', '28'),
('47974', 'TORIL', '44'),
('48037', 'TORO (EL)', '12'),
('48192', 'TORRE-BELTRAN', '12'),
('48367', 'TORREQUINTO', '41'),
('49180', 'TURIS', '46'),
('49866', 'VALDEARENAS', '19'),
('50500', 'VALLS DE TORRUELLA', '08'),
('50646', 'VARA DE REY', '16'),
('53027', 'VILLAMARTIN', '11'),
('53596', 'VILLARREAL', '12'),
('53608', 'VILLARROAQE', '24');

-- 
-- Dumping data for table clientes
--
INSERT INTO clientes VALUES
(3, 'DAMBORENEA CORBATO, ALICIA', 'CALLE MADRID, 83', '12425', '17859', 100),
(6, 'FOLCH CASABO, MARIA MERCEDES', 'SANT RAFAEL, 158-17', '38894', '31289', 0),
(9, 'FERNANDEZ MARTIN, CRISTINA', 'URBANIZACION LAS PALMAS, 1-5', '08738', '50500', 0),
(12, 'VIVES GOZALBO, INMACULADA', 'DE BAIX, 123', '50769', '21104', 0),
(15, 'GUAL SALES, MARIA', 'FELIPE II, 49', '03707', '39063', 0),
(18, 'MATEU MARTI, MARIA DOLORES', 'CALLE PADRE LUIS MADRE LLOP, 30', '03607', '29149', 0),
(21, 'BELTRAN MENEU, CRISTINA', 'GABRIEL SOLE, 10-6', '46186', '31982', 0),
(24, 'SIMO GONZALEZ, NOEMI', 'DOCTOR SANCHIS BERGON, 148', '26707', '27215', 0),
(27, 'HERRERO BERENGUER, IRENE', 'CALLE SAN ISIDRO, 118', '11334', '53027', 0),
(30, 'CANCELAS MORA, MARIA', 'PINTOR ZARIQENA, 117-4', '46501', '07625', 0),
(33, 'MARTI GALVAN, ALICIA', 'EL BARRANQUET, 117', '44144', '11408', 0),
(36, 'TICHELL MONLLEO, MARIA ANGELES', 'CORAZON DE JESUS, 171', '46426', '33246', 0),
(39, 'GARCIA MARTI, MONICA', 'AVENIDA CAMPANAR, 171-1', '44163', '46302', 0),
(42, 'CUBEDO FIBLA, MILAGROS', 'MAESTRO MARTI, 69', '34476', '16926', 0),
(45, 'GALLEN GOZALBO, PATRICIA', 'CONSTITUCIO, 115-15', '23911', '38576', 0),
(48, 'LUIS MARIN, MARIA', 'CALLE COSANTA Y BORRAS, 34-11', '16186', '01839', 0),
(51, 'SABORIT DOMENECH, ELENA', 'FERRANDIS SALVADOR PALMERAS, 124-6', '07101', '15619', 0),
(54, 'FUENTES VILLALONGA, MARIA', 'MEDITERRANEO, 91', '07521', '38168', 0),
(57, 'ORENGA CUCO, MARIA PILAR', 'POETA VERDAGUER, 189', '50044', '32003', 0),
(60, 'MIRALLES OGAYA, ANA', 'GENERAL ARANDA, 95-1', '31955', '31195', 0),
(63, 'AMO ZAMBRANA, SUSANA', 'PINTOR RIBALTA, 131', '15425', '39486', 0),
(66, 'VIVES TORRES, LAURA', 'CARMEN, 114', '16860', '07951', 0),
(69, 'GALLEN HUERTA, OLGA', 'RICARDO CARRERAS, 75', '12094', '48192', 0),
(72, 'NAVARRO BARBERO, MARIA LLEDO', 'BURRIANA, 19-15', '12406', '48037', 0),
(75, 'CASTELL VIVES, MARIA', 'CASTELLDEFELS, 102-10', '28192', '15424', 0),
(78, 'IGLESIAS NAVARRO, IGNACIO', 'ESCULTOR VICIANA, 30-15', '03615', '45004', 0),
(81, 'DURAN VICENTE, DIEGO', 'PLAZA SANTA ANA, 46', '19793', '49866', 0),
(84, 'MARTINEZ FORNER, JOSE', 'SAN MARCOS, 176-10', '32364', '20295', 0),
(87, 'ATIENZA CASADO, RAMON FRANCISCO', 'FALCO, 60-17', '07061', '42567', 0),
(90, 'RIPOLLES VILLALONGA, JUAN RAUL', 'CALLE DOCTOR FLEMING, 189-18', '28388', '28623', 0),
(93, 'LOPEZ VICENS, MANUEL VICTOR', 'PLAZA ESCULTOR ADSUARA, 173-5', '50934', '00021', 0),
(96, 'GARZON CALVO, GABRIEL', 'MAESTRO MARTI, 152-15', '24485', '28370', 0),
(99, 'CATALA REVERTE, GUILLERMO JOSE', 'ESPERANZA, 198-6', '44335', '32419', 0),
(102, 'BARRACHINA BUESO, LUIS JORGE', 'CLAPISA, 58', '39137', '43446', 0),
(105, 'EGEA HERNANDEZ, CARLOS ANTONIO', 'PASAJE PEQAGOLOSA, 108', '37812', '31481', 0),
(108, 'BLASCO ESCUREDO, CESAR LUIS', 'ALFONDEGUILLA, 127', '44953', '20267', 0),
(111, 'GARCIA GIRONA, MANUEL', 'BARON DE CARCER, 88-8', '05933', '31527', 0),
(114, 'VIDAGANY GISBERT, ADOLFO', 'JOVER, 82-3', '33227', '10917', 0),
(117, 'HERRERO ORENGA, FRANCISCO TEO', 'AVENIDA CAPUCHINOS, 149', '35476', '32112', 0),
(120, 'CASTELLO DAMBORENEA, ENRIQUE JAVIER', 'GRUPO SAN VICENTE, 138-11', '12257', '46332', 0),
(123, 'VIDAL VILARROYA, VICENTE', 'CALLE AMALIO GIMENO, 139-1', '04540', '27948', 0),
(126, 'MORA RUBERT, FRANCISCO', 'VIRGEN DE LOS DOLORES, 128-7', '24228', '21819', 0),
(129, 'PALANCO MARTINEZ, CARLOS', 'MAESTRO SANCHIS, 28', '19599', '42277', 0),
(132, 'CUCO NAVARRO, JAVIER SERGIO', 'PALANQUES, 164', '44219', '47974', 0),
(135, 'SERRANO MUNYOZ, ENRIQUE FERNANDO', 'CORTS VALENCIANES, 128-13', '19130', '47218', 0),
(138, 'CHINE BARRACHINA, JOSE MANUEL', 'MEDICO NEBOT, 23', '42293', '13996', 0),
(141, 'LOPEZ DOBON, VICENTE RAMON', 'GASSET, 81-14', '08288', '36300', 0),
(144, 'SIMO MARTINEZ, RAMON', 'ALIAGA, 118-3', '11745', '05998', 0),
(147, 'SALES LOPEZ, MIQUEL', 'CARRER TELLOLA, 124', '21560', '33534', 0),
(150, 'FUENTES RIVERA, JOSE', 'CURA PLEBAN, 25-14', '10674', '42366', 0),
(153, 'LOPEZ SANMIGUEL, CARLOS', 'URBANIZACION EL BALCO, 142-13', '28241', '06362', 0),
(156, 'ANDRES GARGALLO, DIEGO JAVIER', 'SANTA CRUZ, 18', '24432', '53608', 0),
(159, 'EGEA HUEDO, VICENTE CARLOS', 'SAN PASQUAL, 50', '28193', '46278', 0),
(162, 'REINA VIDAL, LLUIS', 'CALLE BARTOLOME REUS, 11', '24593', '32457', 0),
(165, 'BUESO ORDOÑEZ, JUAN MANUEL', 'CALLE LA PUNTA, 46', '05359', '32550', 0),
(168, 'ALOS CONESA, SABINA', 'PINTOR VERGARA, 102-2', '02536', '05754', 0),
(171, 'RODRIGUEZ HERNANDEZ, CESAR', 'GENERAL MARTINEZ CAMPOS, 119', '07340', '26289', 0),
(174, 'RODRIGUEZ ALOS, JORDI SABINA', 'EL PLA, 100-8', '12042', '02814', 0),
(177, 'LLEO GUAITA, MARCOS', 'CAMINO DONACION, 144-3', '07604', '06571', 0),
(180, 'CABALLERO GALLEGO, ANTONIO', 'CAMINO DE ONDA, 51', '33807', '41550', 0),
(183, 'CARRETERO PAVIA, FRANCISCO CARLOS', 'PLAZA DE LA FONT, 105', '43163', '06905', 0),
(186, 'FABUEL CEPRIA, RAFAEL DAVID', 'AVENIDA ESPRONCEDA, 116-15', '50084', '20875', 0),
(189, 'NEBOT VITAL, SERGIO MOISES', 'LUIS MADRE LLOP, 4-19', '07119', '06579', 0),
(192, 'CASAS ROMERO, CARLOS JOSE', 'GENERAL ARANDA, 180-3', '43292', '30586', 0),
(195, 'LLEO SORIANO, JOSE IGNACIO', 'AVENIDA DE LAS CONCHAS, 191', '25057', '47731', 0),
(198, 'SERRET JOVER, JOSE', 'ENMEDIO, 110', '07339', '08751', 0),
(201, 'MARIN RAMIREZ, SERGIO VICENTE', 'FERNANDO EL CATOLICO, 6', '07350', '03061', 0),
(204, 'VERA GOMEZ, VICTOR', 'ORFEBRES SANTALINEA, 124-14', '51965', '13541', 0),
(207, 'DOMENECH FLORES, RAMON', 'GENERAL MARTINEZ CAMPOS, 172-7', '07541', '46305', 0),
(210, 'CEPRIA AGOST, FERNANDO LUIS', 'ERMITA, 75', '07284', '21355', 0),
(213, 'MEDRANO FELIS, FERNANDO', 'SALVADO BARRI, 141', '46454', '49180', 0),
(216, 'DAMBORENEA VALLS, DIEGO RAFAEL', 'AVENIDA ALMASSORA, 51', '03008', '01651', 0),
(219, 'CASTELLANOS ANDRES, JULIO', 'CONDE PESTAGUA, 43-4', '08681', '08993', 0),
(222, 'RAMON LEON, JULIAN', 'BENITANDUS, 183-15', '14197', '12060', 0),
(225, 'PERIS VIVES, MANUEL', 'LUIS CENDOYA, 124', '09168', '46876', 0),
(228, 'ROBRES FRANCO, VICENTE IGNACIO', 'VALL DE UXO, 179', '07771', '27861', 0),
(231, 'BARBERO VALANZUELA, IGNACIO JAIME', 'GENERAL MARTINEZ CAMPOS, 5', '24913', '13003', 0),
(234, 'FIBLA ROMERO, EMILIO', 'PLAZA SANTA CLARA, 64-8', '28406', '17791', 0),
(237, 'BURRIEL SANCHEZ, JOSE', 'COS DE GRACIA, 196-10', '28460', '09248', 0),
(240, 'FERNANDEZ VENDRELL, DAVID JUAN', 'POETA DURAN Y TORTAJADA, 29', '28563', '47881', 0),
(243, 'ROMERO AGUILELLA, SERGIO', 'SAN ABDON, 15-14', '43748', '08764', 0),
(246, 'FORTUNYO GRANGEL, JOSE', 'PIEDAD, 148', '08408', '28023', 0),
(249, 'CUBEDO ANICETO, JAVIER RUBEN', 'ALBUFERA, 43', '08602', '14140', 0),
(252, 'CEPRIA LORENTE, CARLOS MIGUEL', 'VINAROZ, 137', '12974', '05495', 0),
(255, 'GALLEN MOLINER, JORGE TEO', 'RIO ESCALONA, 132-3', '16555', '50646', 0),
(258, 'TORRES PEREZ, ANTONIO', 'MARIA VICTORIA, 117-5', '36848', '16745', 0),
(261, 'AMO MONTSN, RAMON FERNANDO', 'CALLE BENICARLO, 42', '46332', '32101', 0),
(264, 'ADELL VILLALONGA, LUIS JOSE', 'MANUEL BECERRA, 61', '12712', '28097', 0),
(267, 'FONSECA ALMELA, JOSE', 'PLAZA SANT JOAN, 81', '38572', '24263', 0),
(270, 'MONSONIS SALA, FABRICIANO', 'CARMADAY, 116', '25683', '14637', 0),
(273, 'GALLEN IZQUIERDO, EMILIO', 'PLAZA BORRULL, 72', '41924', '48367', 0),
(276, 'GARCMA LIZONDO, CARLOS FRANCISCO', 'BENEDITO, 124-14', '31157', '30996', 0),
(279, 'SANMIGUEL CORET, FERNANDO JOSE', 'CORDON, 182', '50725', '08820', 0),
(282, 'MORA RIBES, ENRIQUE MIGUEL', 'CALLE BENASAL, 146-14', '46367', '11024', 0),
(285, 'BERGES REGODON, JUAN', 'FARIGOLA, 80', '20399', '04033', 0),
(288, 'BETORET ABRIL, FRANCISCO', 'ALCANAR, 169-11', '20052', '40066', 0),
(291, 'FABUEL CEBRIA, FERNANDO ADRIAN', 'CALLE CISCAR, 49-20', '18288', '25630', 0),
(294, 'BELTRAN MUNYOZ, JAIME VICENTE', 'DEL ANGEL, 79-2', '46390', '02050', 0),
(297, 'NAVARRO GARGALLO, CARLOS', 'PEDRO ALCAZAR, 72-6', '46470', '37953', 0),
(300, 'RIOS MARTINEZ, LUIS ABEL', 'MEDICO MIGUEL GIMENO, 44', '40742', '40332', 0),
(303, 'MIRAVET SALA, MARIA MERCEDES', 'URBANIZACION EL BALCO, 84-11', NULL, '53596', 0),
(306, 'SAMPEDRO SIMO, MARIA MERCEDES', 'FINELLO, 161', '12217', '07766', 0),
(309, 'GISBERT MIRALLES, BEATRIZ LAURA', 'CALLE ASUNCION FRANCH, 79', '12111', '12309', 0),
(312, 'DE LA CRUZ AZNAR, CONCHITA PATRICIA', 'GRUPO ZAFER, 55', '12868', '53596', 0),
(315, 'VILLALONGA SANCHIS, MILAGROS', 'RONDA ESCALANTE, 71-11', NULL, '53596', 0),
(318, 'PITARCH MONSONIS, MARIA CARMEN', 'SALVADOR, 136', '12708', '12309', 0),
(321, 'GARCIA CASADO, YOLANDA', 'CONCEPCION ARENAL, 18-14', '12914', '53596', 0),
(324, 'ADELL GALMES, MERCEDES ROSARIO', 'MAJOR POBLENOV, 18', '12597', '53596', 0),
(327, 'HERRERA SALA, ANA', 'FOIA DE BUNYOL, 15', '12162', '32093', 0),
(330, 'MARTI MOLTO, CONCHITA', 'SAN ABDON, 152', NULL, '53596', 0),
(333, 'SOS CARRETERO, JESUS', 'MOSEN COMPTE, 14', '12964', '53596', 0),
(336, 'MIGUEL ARCHILES, OSCAR RAMON', 'HISANT BERNARDO MUNDINA, 132-5', '12652', '07766', 0),
(339, 'CHALER SORIANO, MANUEL DIEGO', 'SAN ROBERTO, 27', NULL, '53596', 0),
(342, 'PINEL HUERTA, VICENTE', 'FRANCISCO SEMPERE, 37-10', '12112', '07766', 0),
(345, 'LOPEZ BOTELLA, MAURO', 'AVENIDA DEL PUERTO, 20-1', '12439', '12309', 0),
(348, 'PALAU MARTINEZ, JORGE', 'RAVAL DE SANT JOSEP, 97-2', '12401', '12309', 0),
(351, 'RINCON VERNIA, DAVID', 'BORRIOL, 74', NULL, '12309', 0),
(354, 'MURIA VINAIZA, JOSE', 'CIUDADELA, 90-18', '12990', '12309', 0),
(357, 'HUGUET PERIS, JUAN ANGEL', 'CALLE MESTRE RODRIGI, 7', '12930', '12309', 0),
(360, 'FABREGA GARGORI, JAVIER SEBASTIAN', 'SANTA GEMA GALGANI, 130', '12939', '32093', 0),
(363, 'VILLALONGA RAMIREZ, DIEGO SERGIO', 'CALLE BARTOLOME REUS, 98-7', '12332', '32093', 0),
(366, 'BADENES CEPRIA, ANDRES RICARDO', 'MAESTRO CABALLEROS, 30-4', '12397', '12309', 0),
(369, 'BOTELLA CATALA, JUAN', 'MONCADA, 70', '12572', '07766', 0),
(372, 'LOPEZ LLORENS, SANCHEZ MARCOS', 'CALLE DOLORS, 6', '12967', '53596', 0),
(375, 'LOPEZ RINCON, LUIS MIGUEL', 'PADRE MELIA, 49', NULL, '07766', 0),
(378, 'GUIMERA AGOST, LUIS', 'PADRE PEDRO VELASCO, 89', '12423', '53596', 0),
(381, 'GUILLOT BELDA, FRANCISCO JOSE', 'PLAZA MAYOR, 200', '12059', '12309', 0),
(384, 'LOPEZ GUITART, XAVIER', 'CALLE PUIG RODA, 162', NULL, '07766', 0),
(387, 'TUR MARTIN, MANUEL FRANCISCO', 'CALLE PEDRO VIRUELA, 108-8', '12008', '07766', 0),
(390, 'AZNAR MONFERRER, ADRIAN', 'EBANISANTA HERVAS, 138', NULL, '32093', 0);

DELIMITER $$

--
-- Definition for trigger t3
--
CREATE
DEFINER = 'root'@'localhost'
TRIGGER t3
BEFORE UPDATE
ON clientes
FOR EACH ROW
BEGIN
  IF (NEW.edad NOT BETWEEN 18 AND 70) THEN
    SIGNAL SQLSTATE '45000' SET MESSAGE_TEXT = 'la edad no es valida';
  END IF;
END
$$

--
-- Definition for trigger t4
--
CREATE
DEFINER = 'root'@'localhost'
TRIGGER t4
BEFORE INSERT
ON clientes
FOR EACH ROW
BEGIN
  IF (NEW.edad NOT BETWEEN 18 AND 70) THEN
    SIGNAL SQLSTATE '45000' SET MESSAGE_TEXT = 'la edad no es valida';
  END IF;
END
$$

--
-- Definition for trigger t5
--
CREATE
DEFINER = 'root'@'localhost'
TRIGGER t5
BEFORE INSERT
ON localidades
FOR EACH ROW
BEGIN
  -- declaro la variable para almacenar el numero de localidades de la provincia
  DECLARE numero int DEFAULT 0;

  -- le asigno el numero de localidades a la variable
  SELECT
    p.cantidad INTO numero
  FROM provincias p
  WHERE p.CodPro = NEW.CodPro;

  IF (numero = 12) THEN
    SIGNAL SQLSTATE '45000' SET MESSAGE_TEXT = 'la provincia esta a tope';
  END IF;

  UPDATE provincias
  SET cantidad = cantidad + 1
  WHERE provincias.CodPro = NEW.CodPro;
END
$$

--
-- Definition for trigger t6
--
CREATE
DEFINER = 'root'@'localhost'
TRIGGER t6
AFTER DELETE
ON localidades
FOR EACH ROW
BEGIN
  UPDATE provincias
  SET cantidad = cantidad - 1
  WHERE provincias.CodPro = OLD.CodPro;
END
$$

--
-- Definition for trigger t7
--
CREATE
DEFINER = 'root'@'localhost'
TRIGGER t7
AFTER UPDATE
ON localidades
FOR EACH ROW
BEGIN
  -- declaro la variable para almacenar el numero de localidades de la provincia
  DECLARE numero int DEFAULT 0;

  IF (NEW.CodPro <> OLD.CodPro) THEN
    -- le asigno el numero de localidades a la variable
    SELECT
      p.cantidad INTO numero
    FROM provincias p
    WHERE p.CodPro = NEW.CodPro;

    IF (numero = 12) THEN
      SIGNAL SQLSTATE '45000' SET MESSAGE_TEXT = 'la provincia esta a tope';
    END IF;

    UPDATE provincias
    SET cantidad = cantidad - 1
    WHERE provincias.CodPro = OLD.CodPro;
    UPDATE provincias
    SET cantidad = cantidad + 1
    WHERE provincias.CodPro = NEW.CodPro;
  END IF;

END
$$

--
-- Definition for trigger t1
--
CREATE
DEFINER = 'root'@'localhost'
TRIGGER t1
BEFORE UPDATE
ON provincias
FOR EACH ROW
BEGIN
  SET new.iniciales = LEFT(NEW.NombPro, 1);
END
$$

--
-- Definition for trigger t2
--
CREATE
DEFINER = 'root'@'localhost'
TRIGGER t2
BEFORE INSERT
ON provincias
FOR EACH ROW
BEGIN
  SET new.iniciales = LEFT(NEW.NombPro, 1);
END
$$

DELIMITER ;

-- 
-- Enable foreign keys
-- 
/*!40014 SET FOREIGN_KEY_CHECKS = @OLD_FOREIGN_KEY_CHECKS */;