﻿--
-- Script was generated by Devart dbForge Studio for MySQL, Version 8.0.40.0
-- Product home page: http://www.devart.com/dbforge/mysql/studio
-- Script date 26/02/2019 11:53:41
-- Server version: 5.5.5-10.1.36-MariaDB
-- Client version: 4.1
--

-- 
-- Disable foreign keys
-- 
/*!40014 SET @OLD_FOREIGN_KEY_CHECKS=@@FOREIGN_KEY_CHECKS, FOREIGN_KEY_CHECKS=0 */;

-- 
-- Set SQL mode
-- 
/*!40101 SET @OLD_SQL_MODE=@@SQL_MODE, SQL_MODE='NO_AUTO_VALUE_ON_ZERO' */;

-- 
-- Set character set the client will use to send SQL statements to the server
--
SET NAMES 'utf8';

--
-- Set default database
--
USE practica13apoyo;

--
-- Drop view `ejercicio01`
--
DROP VIEW IF EXISTS ejercicio01 CASCADE;

--
-- Drop procedure `ejercicio02b`
--
DROP PROCEDURE IF EXISTS ejercicio02b;

--
-- Drop view `ejercicio02max`
--
DROP VIEW IF EXISTS ejercicio02max CASCADE;

--
-- Drop view `ejercicio02min`
--
DROP VIEW IF EXISTS ejercicio02min CASCADE;

--
-- Drop procedure `ejercicio03_con_cursor`
--
DROP PROCEDURE IF EXISTS ejercicio03_con_cursor;

--
-- Drop procedure `ejercicio03_sin_cursor`
--
DROP PROCEDURE IF EXISTS ejercicio03_sin_cursor;

--
-- Drop procedure `ejercicio05`
--
DROP PROCEDURE IF EXISTS ejercicio05;

--
-- Drop procedure `ejercicio08a`
--
DROP PROCEDURE IF EXISTS ejercicio08a;

--
-- Drop table `notas`
--
DROP TABLE IF EXISTS notas;

--
-- Drop table `opositores`
--
DROP TABLE IF EXISTS opositores;

--
-- Drop procedure `ejercicio04_vocales`
--
DROP PROCEDURE IF EXISTS ejercicio04_vocales;

--
-- Drop table `tribunales`
--
DROP TABLE IF EXISTS tribunales;

--
-- Drop view `ejercicio04`
--
DROP VIEW IF EXISTS ejercicio04 CASCADE;

--
-- Drop table `vocales`
--
DROP TABLE IF EXISTS vocales;

--
-- Drop table `examenes`
--
DROP TABLE IF EXISTS examenes;

--
-- Set default database
--
USE practica13apoyo;

--
-- Create table `examenes`
--
CREATE TABLE examenes (
  CODIGOEXA tinyint(4) NOT NULL DEFAULT 0,
  DESCRIPCIONEXA varchar(50) DEFAULT NULL,
  PRIMARY KEY (CODIGOEXA)
)
ENGINE = INNODB,
AVG_ROW_LENGTH = 2730,
CHARACTER SET latin1,
COLLATE latin1_swedish_ci;

--
-- Create table `vocales`
--
CREATE TABLE vocales (
  id int(11) NOT NULL AUTO_INCREMENT,
  vocal varchar(30) DEFAULT NULL,
  PRIMARY KEY (id)
)
ENGINE = INNODB,
AUTO_INCREMENT = 19,
AVG_ROW_LENGTH = 910,
CHARACTER SET utf8,
COLLATE utf8_spanish_ci;

--
-- Create view `ejercicio04`
--
CREATE
DEFINER = 'root'@'localhost'
VIEW ejercicio04
AS
SELECT
  `v`.`vocal` AS `vocal`
FROM `vocales` `v`
GROUP BY `v`.`vocal`
HAVING (COUNT(0) > 1);

--
-- Create table `tribunales`
--
CREATE TABLE tribunales (
  CODIGOTRI tinyint(4) NOT NULL DEFAULT 0,
  PRESIDENTE varchar(50) DEFAULT NULL,
  SECRETARIO varchar(50) DEFAULT NULL,
  VOCAL1 varchar(50) DEFAULT NULL,
  VOCAL2 varchar(50) DEFAULT NULL,
  VOCAL3 varchar(50) DEFAULT NULL,
  PRIMARY KEY (CODIGOTRI)
)
ENGINE = INNODB,
AVG_ROW_LENGTH = 3276,
CHARACTER SET latin1,
COLLATE latin1_swedish_ci;

DELIMITER $$

--
-- Create procedure `ejercicio04_vocales`
--
CREATE DEFINER = 'root'@'localhost'
PROCEDURE ejercicio04_vocales ()
COMMENT 'Procedimiento para guardar en una tabla los vocales que repiten en más de un tribunal'
BEGIN
  DECLARE finished integer DEFAULT 0;

  DECLARE o_vocal1 varchar(255) DEFAULT "";
  DECLARE o_vocal2 varchar(255) DEFAULT "";
  DECLARE o_vocal3 varchar(255) DEFAULT "";

  -- declare cursor for employee email
  DECLARE vocales_cursor CURSOR FOR
  SELECT DISTINCT
    t.VOCAL1,
    t.VOCAL2,
    t.VOCAL3
  FROM tribunales t;

  -- declare NOT FOUND handler
  DECLARE CONTINUE HANDLER FOR NOT FOUND SET finished = 1;

  CREATE TABLE IF NOT EXISTS vocales (
    id int AUTO_INCREMENT PRIMARY KEY,
    vocal varchar(30)
  );

  OPEN vocales_cursor;

  REPEAT
    FETCH vocales_cursor INTO o_vocal1, o_vocal2, o_vocal3;
    INSERT INTO vocales
    SET vocal = o_vocal1;
    INSERT INTO vocales
    SET vocal = o_vocal2;
    INSERT INTO vocales
    SET vocal = o_vocal3;
  UNTIL finished = 1
  END REPEAT;
  CLOSE vocales_cursor;
END
$$

DELIMITER ;

--
-- Create table `opositores`
--
CREATE TABLE opositores (
  DNIOPO varchar(14) NOT NULL DEFAULT '',
  NOMOPO varchar(255) DEFAULT NULL,
  CIUOPO varchar(255) DEFAULT NULL,
  CPOPO varchar(255) DEFAULT NULL,
  TFALU varchar(14) DEFAULT NULL,
  TRIBUNALOPO tinyint(4) DEFAULT NULL,
  PRIMARY KEY (DNIOPO)
)
ENGINE = INNODB,
AVG_ROW_LENGTH = 156,
CHARACTER SET latin1,
COLLATE latin1_swedish_ci;

--
-- Create index `fi0` on table `opositores`
--
ALTER TABLE opositores
ADD INDEX fi0 (TRIBUNALOPO);

--
-- Create foreign key
--
ALTER TABLE opositores
ADD CONSTRAINT fk_opo_tri FOREIGN KEY (TRIBUNALOPO)
REFERENCES tribunales (CODIGOTRI) ON DELETE CASCADE ON UPDATE CASCADE;

--
-- Create table `notas`
--
CREATE TABLE notas (
  DNIOPOSITOR varchar(255) NOT NULL DEFAULT '',
  CODIGOEXAMEN tinyint(4) NOT NULL DEFAULT 0,
  NOTA tinyint(4) DEFAULT NULL,
  PRIMARY KEY (DNIOPOSITOR, CODIGOEXAMEN)
)
ENGINE = INNODB,
AVG_ROW_LENGTH = 71,
CHARACTER SET latin1,
COLLATE latin1_swedish_ci;

--
-- Create index `fi0` on table `notas`
--
ALTER TABLE notas
ADD INDEX fi0 (CODIGOEXAMEN);

--
-- Create index `fi1` on table `notas`
--
ALTER TABLE notas
ADD INDEX fi1 (DNIOPOSITOR);

--
-- Create foreign key
--
ALTER TABLE notas
ADD CONSTRAINT fk_notas_opo FOREIGN KEY (DNIOPOSITOR)
REFERENCES opositores (DNIOPO);

DELIMITER $$

--
-- Create procedure `ejercicio08a`
--
CREATE DEFINER = 'root'@'localhost'
PROCEDURE ejercicio08a ()
COMMENT 'Procedimiento almacenado'
BEGIN
  START TRANSACTION;
    REPLACE INTO examenes (CODIGOEXA)
      VALUES (examen);
    INSERT INTO notas
      VALUES (opositor, examen, nota);
  END
  $$

--
-- Create procedure `ejercicio05`
--
CREATE DEFINER = 'root'@'localhost'
PROCEDURE ejercicio05 ()
COMMENT 'Procedimiento para calcular la nota media'
BEGIN
  SELECT
    AVG(n.NOTA)
  FROM notas n;
END
$$

--
-- Create procedure `ejercicio03_sin_cursor`
--
CREATE DEFINER = 'root'@'localhost'
PROCEDURE ejercicio03_sin_cursor ()
COMMENT 'Procedimiento para recibir listado de alumnos suspendidos sin cursores'
BEGIN
  SELECT DISTINCT
    o.NOMOPO,
    o.DNIOPO,
    n.CODIGOEXAMEN
  FROM notas n
    JOIN opositores o
      ON n.DNIOPOSITOR = o.DNIOPO
  WHERE n.NOTA < 5;
END
$$

--
-- Create procedure `ejercicio03_con_cursor`
--
CREATE DEFINER = 'root'@'localhost'
PROCEDURE ejercicio03_con_cursor ()
COMMENT 'Procedimiento para recibir listado de alumnos suspendidos con cursores'
BEGIN
  DECLARE finished integer DEFAULT 0;
  DECLARE o_NOMOPO varchar(255) DEFAULT "";
  DECLARE o_DNIOPO varchar(255) DEFAULT "";
  DECLARE o_CODIGOEXAMEN varchar(255) DEFAULT "";

  -- declare cursor for employee email
  DECLARE notas_cursor CURSOR FOR
  SELECT DISTINCT
    o.NOMOPO,
    o.DNIOPO,
    n.CODIGOEXAMEN
  FROM notas n
    JOIN opositores o
      ON n.DNIOPOSITOR = o.DNIOPO
  WHERE n.NOTA < 5;

  -- declare NOT FOUND handler
  DECLARE CONTINUE HANDLER FOR NOT FOUND SET finished = 1;

  CREATE TEMPORARY TABLE suspendidos (
    id int AUTO_INCREMENT PRIMARY KEY,
    nombre varchar(30),
    dni varchar(30),
    codigo varchar(30)
  );

  OPEN notas_cursor;

  REPEAT
    FETCH notas_cursor INTO o_NOMOPO, o_DNIOPO, o_CODIGOEXAMEN;
    INSERT INTO suspendidos
    SET nombre = o_NOMOPO,
        dni = o_DNIOPO,
        codigo = o_CODIGOEXAMEN;
  UNTIL finished = 1
  END REPEAT;


  CLOSE notas_cursor;

  SELECT
    *
  FROM suspendidos;
END
$$

DELIMITER ;

--
-- Create view `ejercicio02min`
--
CREATE
DEFINER = 'root'@'localhost'
VIEW ejercicio02min
AS
SELECT
  `o`.`NOMOPO` AS `nombre`
FROM (`opositores` `o`
  JOIN `notas` `n`
    ON ((`o`.`DNIOPO` = `n`.`DNIOPOSITOR`)))
ORDER BY `n`.`NOTA` LIMIT 1;

--
-- Create view `ejercicio02max`
--
CREATE
DEFINER = 'root'@'localhost'
VIEW ejercicio02max
AS
SELECT
  `o`.`NOMOPO` AS `nombre`
FROM (`opositores` `o`
  JOIN `notas` `n`
    ON ((`o`.`DNIOPO` = `n`.`DNIOPOSITOR`)))
ORDER BY `n`.`NOTA` DESC LIMIT 1;

DELIMITER $$

--
-- Create procedure `ejercicio02b`
--
CREATE DEFINER = 'root'@'localhost'
PROCEDURE ejercicio02b (IN valor varchar(255))
COMMENT 'Procedimiento  que dependiendo de lo que pongamos nos dará el alumno con la nota maximo o la minima'
BEGIN
  DECLARE mensaje CONDITION FOR SQLSTATE '45000';
  IF valor = 'maximo' THEN
    SELECT
      ejercicio02max e;
  ELSEIF valor = 'minimo' THEN
    SELECT
      ejercicio02min e;
  ELSE
    SIGNAL mensaje
    SET MESSAGE_TEXT = 'Tienes que introducir maximo o minimo';
  END IF;
END
$$

DELIMITER ;

--
-- Create view `ejercicio01`
--
CREATE
DEFINER = 'root'@'localhost'
VIEW ejercicio01
AS
SELECT
  `o`.`NOMOPO` AS `nombre`
FROM (`opositores` `o`
  JOIN `notas` `n`)
WHERE (`n`.`DNIOPOSITOR` = `o`.`DNIOPO`)
ORDER BY `n`.`NOTA` DESC LIMIT 1;

-- 
-- Dumping data for table tribunales
--
INSERT INTO tribunales VALUES
(1, 'PEDRO FERNANDEZ', 'ISABEL FRESNEDA', 'LUIS MERLO', 'ANTONIO ROBLES', 'VICENTE ROBLES'),
(2, 'ANA LIMA', 'TOMAS RODRIGUEZ', 'ROCIO CINTIA', 'MODESTA HERMOSO', 'JUAN ARGUETA'),
(3, 'PEDRO MUOZ', 'ANTONIO JESUS MUÑOZ', 'EVA MATA', 'MONTSERRAT ISAMA', 'RUBEN BLADES'),
(4, 'JOAQUIN TENA', 'MANOLO SABINA', 'ANA CIMA', 'VICTOR FUENTES', 'MIGUEL RIOS'),
(5, 'MATIAS PRATS', 'FEDERICO JIMENEZ', 'IÑAQUI ASEUTUNA', 'LUIS DEL OLMO', 'EVA LATEX');

-- 
-- Dumping data for table opositores
--
INSERT INTO opositores VALUES
('1173391', 'GUTIERREZ MARTIN, JUAN JOSE', 'BADAJOZ', NULL, '924493332', 1),
('11841394', 'MAESTRE PEÑALBA, PATRICIA', 'BADAJOZ', NULL, '924493333', 1),
('11843671', 'TRUJILLO GALLEGO, MONICA', 'BADAJOZ', NULL, '924493334', 2),
('11843982', 'PLACER DE MIGUEL, VICTOR', 'BADAJOZ', NULL, '924493335', 3),
('11844272', 'KAISSI CHERRIB, LAMIA', 'BADAJOZ', NULL, '924493336', 4),
('11845343', 'GIGORRO CUBERO, IZASKUN', 'BADAJOZ', NULL, '924493337', 5),
('11849578', 'ROJAS GARCIA,\r\nMARTA', 'BADAJOZ', NULL, '924493338', 5),
('11850727', 'SANCHEZ RUIZ, MARTA', 'BADAJOZ', NULL, '924493339', 5),
('11850969', 'JARDON MENDEZ, MANUEL LEOPOLDO', 'BADAJOZ', NULL, '924493340', 5),
('11851761', 'CRISTINA FERNANDEZ, ROBERTO', 'BADAJOZ', NULL, '924493341', 4),
('11852345', 'ALONSO MUÑOZ, ALEJANDRO', 'BADAJOZ', NULL, '924493342', 4),
('14308556', 'COLINA MORA, ANGEL', 'BADAJOZ', NULL, '924493343', 3),
('1932986', 'MUÑOZ SANCHEZ, DAVID', 'BADAJOZ', NULL, '924493344', 2),
('1933685', 'COBO LENDINEZ, JUAN ANTONIO', 'BADAJOZ', NULL, '924493345', 2),
('1937101', 'ALONSO GARCIA, JESUS', 'BADAJOZ', NULL, '924493346', 2),
('2238233', 'COBOS MARTIN, ANA BELEN', 'BADAJOZ', NULL, '924493347', 2),
('2263918', 'GARCIA BALLESTEROS, MYRIAM', 'BADAJOZ', NULL, '924493348', 2),
('2267650', 'ARIAS ESCOLAR, MARI CARMEN', 'BADAJOZ', NULL, '924493349', 2),
('2269028', 'MOLINERO RODRIGUEZ, FERNANDO', NULL, NULL, '924493350', 2),
('2270188', 'LOPEZ GIL, CRISTINA', 'BADAJOZ', NULL, '924493351', 2),
('2271897', 'CARRASCO GAMEZ, FRANCISCO JAVIER', 'BADAJOZ', NULL, '924493352', 1),
('2272581', 'RODRIGUEZ MERINERO, MARTA', 'BADAJOZ', NULL, '924493353', 1),
('2276630', 'GALAN DOMINGUEZ, DIANA', 'BADAJOZ', NULL, '924493354', 2),
('2276800', 'SALAS FERNANDEZ, CLARA', 'BADAJOZ', NULL, '924493355', 3),
('2277835', 'BONILLA PINTADO, PATRICIA', 'BADAJOZ', NULL, '924493356', 4),
('2278639', 'LANDETE MANTEROLA, JAVIER', 'BADAJOZ', NULL, '924493357', 5),
('2282590', 'TORRICO PORTERO, PAULA', 'BADAJOZ', NULL, '924493358', 5),
('2283491', 'RIVAS CARRASCO, EDUARDO', 'BADAJOZ', NULL, '924493359', 5),
('2284256', 'PLAZA NAVAS, ROCIO', 'BADAJOZ', NULL, '924493360', 5),
('2647631', 'SOBRADO PANIAGUA, SARA', 'BADAJOZ', NULL, '924493361', 4),
('2649085', 'MALAGON GOMEZ, DAVID', 'BADAJOZ', NULL, '924493362', 4),
('2659710', 'GARCIA VOCES, JUAN PEDRO', 'BADAJOZ', NULL, '924493363', 3),
('2666680', 'PEREZ SANCHEZ, MARIA JESUS', 'BADAJOZ', NULL, '924493364', 2),
('2667675', 'NAVARRO CABEZAS, MARIA IMILCE', 'BADAJOZ', NULL, '924493365', 2),
('2668273', 'MERINO ESPINOSA, ROCIO', 'BADAJOZ', NULL, '924493366', 2),
('2669111', 'LEAL ALCOCER, ALEJANDRO', 'BADAJOZ', NULL, '924493367', 2),
('2669560', 'CHEN LIN, LIJUN', 'BADAJOZ', NULL, '924493368', 2),
('2669749', 'MARCOS TEJADA,\r\nRODRIGO', 'BADAJOZ', NULL, '924493369', 2),
('2670956', 'GANDARA VALVERDE, CARLOS EUFRASIO', 'BADAJOZ', NULL, '924493370', 1),
('30745766', 'DIEZ SANCHEZ, JORGE', 'BADAJOZ', NULL, '924493371', 1),
('3093893', 'BASCO ANTONA, EVA', 'BADAJOZ', NULL, '924493372', 2),
('32703586', 'SERRANO BLANCO, LORETO', 'BADAJOZ', NULL, '924493373', 3),
('33523948', 'DIMITROVA METCHKAROVA, GUERGANA', 'BADAJOZ', NULL, '924493374', 4),
('36106722', 'HORRILLO SANCHEZ ­ OCA\\\\A, CARLOS', NULL, NULL, '924493375', 5),
('3867773', 'JIMENEZ CAMPOS, TERESA', 'BADAJOZ', NULL, '924493376', 5),
('3877296', 'GARAYALDE LOPEZ, MIREN ELISABET', 'BADAJOZ', NULL, '924493377', 5),
('3888843', 'MARIN CHICHARRO, LAURA', 'BADAJOZ', NULL, '924493378', 5),
('3897830', 'CAMPO ARRANZ, RAQUEL', 'BADAJOZ', NULL, '924493379', 4),
('3898800', 'FERNANDEZ DE CORDOBA GOMEZ, ANA CRISTINA', 'BADAJOZ', NULL, '924493380', 4),
('3899484', 'SUAREZ GONZALEZ, LAURA', 'BADAJOZ', NULL, '924493381', 3),
('3900635', 'MARIN LANCHA, RUBEN', 'BADAJOZ', NULL, '924493382', 2),
('3904537', 'ATANASIO JIMENEZ, NURIA', 'BADAJOZ', NULL, '924493383', 2),
('3904786', 'ROLDAN RODRIGUEZ, MARIA DEL CARMEN', 'BADAJOZ', NULL, '924493384', 2),
('3905226', 'SERRANO AVILA, BEATRIZ', 'BADAJOZ', NULL, '924493385', 2),
('3905411', 'GARCIA LOPEZ, ELENA', 'BADAJOZ', NULL, '924493386', 2),
('3907718', 'QUINTANA GARCIA, MIGUEL ANGEL', 'BADAJOZ', NULL, '924493387', 2),
('3907803', 'GUTIERREZ LLORENTE, MA DEL CARMEN', 'BADAJOZ', NULL, '924493388', 2),
('4213464', 'REYES DE FRUTOS, ESTHER', 'BADAJOZ', NULL, '924493389', 2),
('4214130', 'LEON RODRIGUEZ, BEGOÑA DE', 'BADAJOZ', NULL, '924493390', 1),
('4216552', 'SEVILLA SANTIAGO, INES', 'BADAJOZ', NULL, '924493391', 1),
('4216993', 'ALONSO NICOLAS, CRISTINA', 'BADAJOZ', NULL, '924493392', 2),
('43125083', 'BAENA MEDINA, MARIA CARMEN', 'MERIDA', NULL, '924493393', 3),
('46841117', 'TORRES AGUILERA,\r\nEDUARDO', 'MERIDA', NULL, '924493394', 4),
('46845978', 'JIMENEZ SUAREZ, ALBERTO', 'MERIDA', NULL, '924493395', 5),
('46851690', 'MENGUEZ MURCIANO, DAVID', 'MERIDA', NULL, '924493396', 5),
('46922311', 'COLOMO GOMEZ, MARCIAL', 'MERIDA', NULL, '924493397', 5),
('46924533', 'TORREÑO CARRERA, JUAN ANTONIO', 'MERIDA', NULL, '924493398', 5),
('46925960', 'CUADRADO GUTIERREZ, LORENA', 'MERIDA', NULL, '924493399', 4),
('46928330', 'RODRIGUEZ MOGOLLON,\r\nSILVIA', 'MERIDA', NULL, '924493400', 4),
('46928725', 'LOPEZ DIAZ, VANESA', 'MERIDA', NULL, '924493401', 3),
('46938891', 'CORDON HORNILLOS, SARA', 'MERIDA', NULL, '924493402', 2),
('47024986', 'JUNCO MOLPECERES, RAMON', 'MERIDA', NULL, '924493403', 2),
('47031921', 'ARROYO NOBLEJAS, MARIA LUISA', 'MERIDA', NULL, '924493404', 2),
('47034100', 'VILCHES SERRANO, ALFONSO', 'MERIDA', NULL, '924493405', 2),
('47034404', 'MOLINA GOMEZ, DANIEL', 'MERIDA', NULL, '924493406', 2),
('47035769', 'MUÑOZ MUÑOZ, SARA', NULL, NULL, '924493407', 2),
('47042006', 'ROL OLIVER, GLORIA', 'ZAFRA', NULL, '924493408', 2),
('47042385', 'GRANJA ROCA, ALBA', 'ZAFRA', NULL, '924493409', 2),
('47042399', 'GALLEGO RODRIGUEZ, RAQUEL', 'ZAFRA', NULL, '924493410', 1),
('47044073', 'LOPEZ ALAEZ, SARAY', 'ZAFRA', NULL, '924493411', 1),
('47045618', 'DOMINGUEZ RUBIO, BEGOÑA', 'ZAFRA', NULL, '924493412', 2),
('47046526', 'VARA PEREZ, BERTA', 'ZAFRA', NULL, '924493413', 3),
('47046930', 'BLANCO MURILLO, CRISTINA', 'ZAFRA', NULL, '924493414', 4),
('47047937', 'ALBILLO ARRIBAS, JOSE IGNACIO', 'ZAFRA', NULL, '924493415', 5),
('47049228', 'SIMON LOPEZ, MARIA', 'ZAFRA', NULL, '924493416', 5),
('47049316', 'RAMIREZ SIERRA, MARIA', 'ZAFRA', NULL, '924493417', 5),
('47049392', 'LOPEZ DE LA VIEJA NUÑEZ, MARTA', 'ZAFRA', NULL, '924493418', 5),
('47217990', 'CUESTA SANCHEZ,\r\nFRANCISCO', 'ZAFRA', NULL, '924493419', 4),
('47220902', 'LOPEZ TOURON, VANESSA', 'ZAFRA', NULL, '924493420', 4),
('47280013', 'RODRIGUEZ MORENO, JOSE ANGEL', 'ZAFRA', NULL, '924493421', 3),
('47301118', 'PRIETO MURILLO, JOSE CARLOS', 'ZAFRA', NULL, '924493422', 2),
('47302239', 'BENAYAS NIETO, BEATRIZ', 'ZAFRA', NULL, '924493423', 2),
('47450428', 'GUARIDO RINCON, ALEJANDRO', 'ZAFRA', NULL, '924493424', 2),
('47456054', 'ENCINAS ORTIZ,\r\nCRISTINA', 'ZAFRA', NULL, '924493425', 2),
('47456601', 'CUMPLIDO JIMENEZ, M. ESMERALDA', 'ZAFRA', NULL, '924493426', 2),
('47457503', 'YEBENES CALVINO, M. DEL MAR', 'ZAFRA', NULL, '924493427', 2),
('47457939', 'CARO RODRIGUEZ, MIGUEL ANGEL', 'ZAFRA', NULL, '924493428', 2),
('47458251', 'RODAS YLLATOPA, JAKELIN', 'ZAFRA', NULL, '924493429', 2),
('47458460', 'GONZALEZ GARCIA, EDUARDO', 'ZAFRA', NULL, '924493430', 1),
('47458552', 'LOPEZ TUDELA, LAURA', 'ZAFRA', NULL, '924493431', 1),
('47458849', 'MONTES VILLASEVIL, MIRIAM', 'ZAFRA', NULL, '924493432', 2),
('47459361', 'ONRAITA CACHAFEIRO, MARIA INES', 'ZAFRA', NULL, '924493433', 3),
('47460015', 'MANUEL PEDROSA, NOELIA DE', 'ZAFRA', NULL, '924493434', 4),
('47491189', 'BENITO GARCIA, MIGUEL', 'ZAFRA', NULL, '924493435', 5),
('47495786', 'PAJARES PALMA, BLANCA', 'ZAFRA', NULL, '924493436', 5),
('47496281', 'MARTIN MORA, ADRIAN', 'ZAFRA', NULL, '924493437', 5),
('47497218', 'HERRANZ FERNANDEZ, ALICIA', 'ZAFRA', NULL, '924493438', 5),
('47499160', 'LOZANO SANCHEZ, DAVID', 'ZAFRA', NULL, '924493439', 4),
('48997059', 'POS SANCHEZ, CAROLINA', 'ZAFRA', NULL, '924493440', 4),
('48997274', 'SANCHEZ LAHUERTA, JOSE MANUEL', 'ZAFRA', NULL, '924493441', 3),
('49003272', 'ALGABA DIEZ, NURIA', 'ZAFRA', NULL, '924493442', 2),
('49003605', 'SANCHEZ ALCARAZ, ALMUDENA', 'ZAFRA', NULL, '924493443', 2),
('49004517', 'VALDES MARTIN, EVA', 'ZAFRA', NULL, '924493444', 2),
('49004747', 'GUTIERREZ TABLADO, RAQUEL', 'ZAFRA', NULL, '924493445', 2),
('49005132', 'PINEDO VARA, CARLOS', 'ZAFRA', NULL, '924493446', 2),
('49006338', 'GONZALEZ DELGADO, MARCOS', 'ZAFRA', NULL, '924493447', 2),
('49011941', 'GARCIA SANCHEZ, PABLO', 'ZAFRA', NULL, '924493448', 2),
('49013123', 'DIAZ HERNANDEZ, ANGEL JULIAN', 'ZAFRA', NULL, '924493449', 2),
('49013614', 'APARICIO MORENILLA,\r\nRAQUEL', 'ZAFRA', NULL, '924493450', 5),
('49013775', 'MARTINEZ GUARDIA, DAVID', 'ZAFRA', NULL, '924493451', 5),
('49013815', 'GAYOL PINTADO, JAVIER', 'ZAFRA', NULL, '924493452', 4),
('49013889', 'DOMINGUEZ GARCIA, IRENE', 'ZAFRA', NULL, '924493453', 4),
('49013944', 'HERNANDEZ MATUTE, JORGE', 'ZAFRA', NULL, '924493454', 3),
('49014316', 'ARRIBAS RODRIGUEZ, DIANA', 'ZAFRA', NULL, '924493455', 2),
('49015728', 'PEREIRA MORENA, CAROLINA', 'ZAFRA', NULL, '924493456', 2),
('49016849', 'PESCADOR SANCHEZ, ANA ISABEL', 'ZAFRA', NULL, '924493457', 2),
('49017419', 'GALLARDO SANCHEZ, MÂª CARMEN', 'ZAFRA', NULL, '924493458', 2),
('49017896', 'MARTIN DIAZ, ANA M.', 'ZAFRA', NULL, '924493459', 2),
('49018965', 'BORONDO COBO, ANTONIO', 'ZAFRA', NULL, '924493460', 2),
('49020051', 'PEREZ LOPEZ, RICARDO', 'ZAFRA', NULL, '924493461', 2),
('50107211', 'GONZALEZ PARRA, JESUS', 'ZAFRA', NULL, '924493462', 2),
('50113980', 'NEVARES MORENO, MARIO', 'ZAFRA', NULL, '924493463', 1),
('50117251', 'CHIAS MARCHIANDI, PALOMA', 'ZAFRA', NULL, '924493464', 1),
('50119480', 'TORNOS YEBES, JESSICA', 'ZAFRA', NULL, '924493465', 2),
('50127926', 'GUTIERREZ GARCIA, PATRICIA', 'ZAFRA', NULL, '924493466', 3),
('50128111', 'HERNANDEZ CASTILLA, VERONICA', 'ZAFRA', NULL, '924493467', 4),
('50128158', 'ROMERA ALVAREZ, M. ROSARIO', 'ZAFRA', NULL, '924493468', 5),
('50129298', 'DIAZ GONZALEZ,\r\nMARCOS', 'ZAFRA', NULL, '924493469', 5),
('50129650', 'YUSTE JIMENEZ, DAVID', 'ZAFRA', NULL, '924493470', 5),
('50211749', 'RODRIGUEZ DE VICENTE, ALFREDO', 'ZAFRA', NULL, '924493471', 5),
('50218486', 'GONZALEZ MARTIN, SARA', 'ZAFRA', NULL, '924493472', 4),
('50220753', 'MARTIN NIETO, BELEN', 'ZAFRA', NULL, '924493473', 4),
('50221127', 'MERINO ALVAREZ, DAVID', 'ZAFRA', NULL, '924493474', 3),
('50221454', 'ORELLANA MORILLAS,\r\nJOSE LUIS', 'ZAFRA', NULL, '924493475', 2),
('50221778', 'DIAZ PAGE, ARTURO ANGEL', 'ZAFRA', NULL, '924493476', 2),
('50222200', 'HERRANZ DIAZ, RAQUEL', 'ZAFRA', NULL, '924493477', 2),
('50222579', 'SANCHEZ FERNANDEZ, ELENA', 'ZAFRA', NULL, '924493478', 2),
('50222877', 'BARREIROS GARCIA, PILAR', 'ZAFRA', NULL, '924493479', 2),
('50224174', 'SANZ ARCAS, MARIA ELENA', 'ZAFRA', NULL, '924493480', 2),
('50318962', 'SISON MENA, ELENA', 'ZAFRA', NULL, '924493481', 2),
('50323408', 'CRESPO NUÑEZ, DAVID', 'ZAFRA', NULL, '924493482', 2),
('50443489', 'PEÑUELAS FERNANDEZ, LUIS', 'ZAFRA', NULL, '924493483', 5),
('50466830', 'LOPEZ YUSTA, M TERESA', 'ZAFRA', NULL, '924493484', 5),
('50542633', 'VALADES FERNANDEZ, LAURA', 'ZAFRA', NULL, '924493485', 4),
('50542635', 'MONTERO MARTIN, ARACELI', 'ZAFRA', NULL, '924493486', 4),
('50543536', 'SANTO TOMAS AGULLO, LUIS', 'ZAFRA', NULL, '924493487', 3),
('50543825', 'LOZOYA NOMBELA, M.DEL SAGRARIO DE', 'ZAFRA', NULL, '924493488', 2),
('50543951', 'ALVAREZ BERMEJO, JOSE', 'ZAFRA', NULL, '924493489', 2),
('50733568', 'VICENTE ROSA, ANA MARIA', 'ZAFRA', NULL, '924493490', 2),
('50739304', 'VILLAR SAEZ, JESUS', 'ZAFRA', NULL, '924493491', 2),
('50741553', 'GARCIA MEDINA, NURIA', 'ZAFRA', NULL, '924493492', 2),
('50741554', 'GARCIA SANCHEZ, ANTONIO', 'ZAFRA', NULL, '924493493', 2),
('50749620', 'DOMINGUEZ SAIZ,\r\nCAROLINA', 'ZAFRA', NULL, '924493494', 2),
('50751029', 'JUAN MUÑOZ, IVAN', 'ZAFRA', NULL, '924493495', 2),
('50752579', 'PEÑA LOPEZ, MARIA TERESA', 'ZAFRA', NULL, '924493496', 1),
('50753061', 'LOPEZ LANCHO, ANA MARIA', 'ZAFRA', NULL, '924493497', 1),
('50754253', 'CABELLO GUTIERREZ, TANIA', 'ZAFRA', NULL, '924493498', 2),
('50755331', 'HERNANDEZ PEREZ, SARA', 'ZAFRA', NULL, '924493499', 3),
('50755563', 'GARROTE SANCHEZ,\r\nDANIEL', 'ZAFRA', NULL, '924493500', 4),
('50755712', 'SANCHEZ CISNEROS, PEDRO', 'ZAFRA', NULL, '924493501', 5),
('50755775', 'GIL TOLMO, CRISTINA', 'ZAFRA', NULL, '924493502', 5),
('50756221', 'FERNANDEZ GARCIA­ OCHOA, SANTIAGO', 'ZAFRA', NULL, '924493503', 5),
('50868738', 'CALLAU ZORI, MARIA DEL MAR', 'ZAFRA', NULL, '924493504', 5),
('50875209', 'PASTOR CAMPOS, MARIA DEL MAR', 'ZAFRA', NULL, '924493505', 4),
('50880732', 'FERNANDEZ HERREROS, ANA', 'ZAFRA', NULL, '924493506', 4),
('50884239', 'FLORES BARRERO, NURIA', 'ZAFRA', NULL, '924493507', 3),
('50885221', 'PEREZ MARTINEZ, SERGIO', 'ZAFRA', NULL, '924493508', 2),
('50885336', 'GUILLEN ALONSO, OSCAR', 'ZAFRA', NULL, '924493509', 2),
('50885927', 'ALBA RODRIGUEZ, DAVID', 'ZAFRA', NULL, '924493510', 2),
('50886453', 'SAEZ RAMOS, GUADALUPE', 'ZAFRA', NULL, '924493511', 2),
('50886959', 'SANCHEZ MORENO, MIGUEL ANGEL', 'ZAFRA', NULL, '924493512', 2),
('50887483', 'CARRION MARTINEZ, MIRIAM', 'ZAFRA', NULL, '924493513', 2),
('50888252', 'AGUILAR GONZALEZ, SALVADOR R', 'ZAFRA', NULL, '924493514', 2),
('50891348', 'CASTRO MULAS, MARTA', 'ZAFRA', NULL, '924493515', 2),
('51076828', 'FERNANDEZ CASTELLANO, ISMAEL', 'ZAFRA', NULL, '924493516', 5),
('51083987', 'LIBRAN FRAILE, ISABEL', 'ZAFRA', NULL, '924493517', 5),
('51087952', 'ORTEGA ARRANZ, CARLOS', 'ZAFRA', NULL, '924493518', 4),
('51093870', 'REVILLA HERRANZ,\r\nVIRGINIA', 'ZAFRA', NULL, '924493519', 4),
('51096901', 'HIDALGO BLAZQUEZ, VICTOR MANUEL', 'ZAFRA', NULL, '924493520', 3),
('51097958', 'RODRIGUEZ GIL­ ORTEGA, MARIA ISABEL', 'ZAFRA', NULL, '924493521', 2),
('51449111', 'GUERRERO DURANGO, ANGEL', 'ZAFRA', NULL, '924493522', 2),
('51455418', 'TENA COBOS, ESTHER', 'ZAFRA', NULL, '924493523', 2),
('51457246', 'DIAZ HERNANDEZ, RAUL', 'ZAFRA', NULL, '924493524', 2),
('51457720', 'CONDE RODRIGUEZ,\r\nMANUEL', 'ZAFRA', NULL, '924493525', 2),
('51458752', 'GORDO TAEÑO, VICTOR', 'ZAFRA', NULL, '924493526', 2),
('51458893', 'MANCHON PEREZ, ELENA', 'ZAFRA', NULL, '924493527', 2),
('51927823', 'MARTIN PERALTA, CRISTINA', 'ZAFRA', NULL, '924493528', 2),
('51985756', 'BOCERO CRUZ, MONICA', 'ZAFRA', NULL, '924493529', 1),
('52107712', 'GONZALEZ TRABADO, ANA', 'ZAFRA', NULL, '924493530', 1),
('52355704', 'PUERTO MOYA, ISABEL DEL', 'ZAFRA', NULL, '924493531', 2),
('52860180', 'RAMOS MOINO, GUADALUPE', 'ZAFRA', NULL, '924493532', 3),
('52887513', 'ABAD ROBLES, ARANZAZU', 'ZAFRA', NULL, '924493533', 4),
('52959160', 'SANCHEZ RUIZ, LAURA', 'ZAFRA', NULL, '924493534', 5),
('52964122', 'MARCOS MAYORDOMO, JAVIER', 'ZAFRA', NULL, '924493535', 5),
('52975621', 'PASTRANA PORTILLO, DANIEL', 'ZAFRA', NULL, '924493536', 5),
('52978402', 'FORONDA DELGADO, ALBERTO', 'ZAFRA', NULL, '924493537', 5),
('52980097', 'GUO , XIAOLI', 'ZAFRA', NULL, '924493538', 4),
('52980664', 'PRAENA SANCHEZ, JONATHAN', 'ZAFRA', NULL, '924493539', 4),
('52984948', 'PEREZ SANCHEZ, MARTA JULIA', 'ZAFRA', NULL, '924493540', 3),
('52997923', 'MOZAS VOZMEDIANO, PATRICIA', 'ZAFRA', NULL, '924493541', 2),
('52999706', 'OSPINA TOVAR, JAIME EDUARDO', 'ZAFRA', NULL, '924493542', 2),
('52999879', 'TALAVERA MARTIN, FRANCISCO JAVIER', 'ZAFRA', NULL, '924493543', 2),
('53022980', 'GONZALEZ MARTIN,\r\nBEATRIZ', 'ZAFRA', NULL, '924493544', 2),
('53047850', 'VINUESA GOMEZ, LAURA', 'ZAFRA', NULL, '924493545', 2),
('53049672', 'LOPEZ DEL AMO, SONIA', 'ZAFRA', NULL, '924493546', 2),
('53105927', 'ESTANGUI SANCHEZ ESCRIBANO, SONIA', 'ZAFRA', NULL, '924493547', 2),
('53132863', 'GOMEZ DIAZ, M. DEL CAMINO', 'ZAFRA', NULL, '924493548', 2),
('53134085', 'SAUCE GUERRA, SERGIO', 'ZAFRA', NULL, '924493549', 5),
('53137477', 'RUEDAS SANCHEZ,\r\nANGEL', 'ZAFRA', NULL, '924493550', 5),
('53386548', 'GARCIA DE LA TORRE, TERESA', 'ZAFRA', NULL, '924493551', 4),
('53389834', 'SALVADOR GARCIA, JOSE PABLO', 'ZAFRA', NULL, '924493552', 4),
('53389853', 'NEVADO ZURITA, JOSE', 'ZAFRA', NULL, '924493553', 3),
('53390061', 'CASTELLANOS SANCHEZ, LETICIA', 'ZAFRA', NULL, '924493554', 2),
('53392543', 'GARCIA BARARADO, JAVIER', 'ZAFRA', NULL, '924493555', 2),
('53416739', 'MADRIGAL VICENTE, AZUCENA', 'ZAFRA', NULL, '924493556', 2),
('53417961', 'CAMPILLO RODRIGUEZ, SILVIA', 'ZAFRA', NULL, '924493557', 2),
('53418213', 'VILLASEÑOR ROMAN, MARIA NIEVES', 'ZAFRA', NULL, '924493558', 2),
('53418326', 'GUTIERREZ GONZALEZ, ANA VICTORIA', 'ZAFRA', NULL, '924493559', 2),
('53419163', 'MANCHON MUÑOZ, BEGOÑA', 'ZAFRA', NULL, '924493560', 2),
('53419959', 'GUILLEN ALVAREZ, FERNANDO', 'ZAFRA', NULL, '924493561', 2),
('53420473', 'TORRE CABRERO, DELIA ANA', 'ZAFRA', NULL, '924493562', 1),
('53422123', 'RUIZ PORTANOVA, NOELIA', 'ZAFRA', NULL, '924493563', 1),
('53422257', 'HERRAEZ PEREZ, SARA', 'ZAFRA', NULL, '924493564', 2),
('53422330', 'MUÑOZ PEÑA, PABLO', 'ZAFRA', NULL, '924493565', 3),
('53423041', 'HERRAIZ SALAN, ANGEL', 'ZAFRA', NULL, '924493566', 4),
('53423243', 'VIERA ROMERAL, JUAN JOSE', 'ZAFRA', NULL, '924493567', 5),
('53423313', 'JIMENEZ RODRIGUEZ, BORIS', 'ZAFRA', NULL, '924493568', 5),
('53423815', 'RODRIGUEZ BENITO,\r\nANGELINA', NULL, NULL, '924493569', 5),
('53423817', 'GARCIA MANCHA, NOELIA', 'VILLAFRANCA', NULL, '924493570', 5),
('53423916', 'PALENCIA LOPEZ, RAUL', 'VILLAFRANCA', NULL, '924493571', 4),
('53424700', 'RODRIGUEZ PANDO, BARBARA', 'VILLAFRANCA', NULL, '924493572', 4),
('53425387', 'ARSUAGA BENITO, M. ELENA', 'VILLAFRANCA', NULL, '924493573', 3),
('53428006', 'VALENZUELA GONZALEZ, ARANZAZU', 'VILLAFRANCA', NULL, '924493574', 2),
('53431089', 'ARROYO NIETO,\r\nDAVID', 'VILLAFRANCA', NULL, '924493575', 2),
('53432616', 'VELAZQUEZ JARILLO, AGUSTIN', 'VILLAFRANCA', NULL, '924493576', 2),
('53433387', 'GARRIDO EGEA, JUAN', 'VILLAFRANCA', NULL, '924493577', 2),
('53434567', 'HERMIDA AYALA, LOURDES A', 'VILLAFRANCA', NULL, '924493578', 2),
('53442156', 'LOPEZ OLIVARES, PABLO', 'VILLAFRANCA', NULL, '924493579', 2),
('53446287', 'CHICA ARROYO, JAVIER', 'VILLAFRANCA', NULL, '924493580', 2),
('53446583', 'PEREZ MARINA, ANGEL ARTURO', 'VILLAFRANCA', NULL, '924493581', 2),
('53446663', 'FERNANDEZ SANCHEZ, LIDIA', NULL, NULL, '924493582', 5),
('53446822', 'FERNANDEZ LAMERA, LUCIA', 'VILLAFRANCA', NULL, '924493583', 5),
('53446893', 'ROMERO HUERTAS, CESAR', 'VILLAFRANCA', NULL, '924493584', 4),
('53446947', 'ALONSO MARTIN, FERNANDO', 'VILLAFRANCA', NULL, '924493585', 4),
('53447056', 'SANCHEZ BELLON, ELENA', 'VILLAFRANCA', NULL, '924493586', 3),
('53447071', 'MUÑOZ MEJIAS, DAVID', 'VILLAFRANCA', NULL, '924493587', 2),
('53447680', 'GARCIA LOPEZ, SANTIAGO', 'VILLAFRANCA', NULL, '924493588', 2),
('53448199', 'FERNANDEZ SANCHEZ, MANUEL', 'VILLAFRANCA', NULL, '924493589', 2),
('53448494', 'GONZALEZ GOMEZ, SILVIA', NULL, NULL, '924493590', 2),
('53448818', 'ALONSO MAÑAS, OSCAR', 'ACEUCHAL', NULL, '924493591', 2),
('53449882', 'HERNANDEZ RODRIGUEZ, JAIME', 'ACEUCHAL', NULL, '924493592', 2),
('53450152', 'SANCHEZ ESQUIVIAS, MARIA', 'ACEUCHAL', NULL, '924493593', 2),
('53450600', 'BLANCO MORO, LIDIA\r\nMARIA', 'ACEUCHAL', NULL, '924493594', 2),
('53450717', 'ROJO RAYO, MARIA GLORIA', 'ACEUCHAL', NULL, '924493595', 1),
('53450747', 'PEREZ ORTEGA, ANDRES', 'ACEUCHAL', NULL, '924493596', 1),
('53451001', 'MANRIQUE DE LARA FERNANDEZ, MIGUEL', 'ACEUCHAL', NULL, '924493597', 2),
('53451123', 'MARTIN MARTINEZ, CARLOS', 'ACEUCHAL', NULL, '924493598', 3),
('53452083', 'ESCAMILLA PADILLA, JAVIER', 'ACEUCHAL', NULL, '924493599', 4),
('53453335', 'MANSILLA GARCIA,\r\nLUIS', 'ACEUCHAL', NULL, '924493600', 5),
('53453665', 'MORENO ROMERO, VERONICA', 'ACEUCHAL', NULL, '924493601', 5),
('53460755', 'GOMEZ-ALVAREZ DOMINGUEZ, MARIA CARMEN', 'ACEUCHAL', NULL, '924493602', 5),
('53461159', 'ALHAMBRA FERNANDEZ, GEMMA', 'ACEUCHAL', NULL, '924493603', 5),
('53461178', 'LASHERAS ROMERO, ALEJANDRO', 'ACEUCHAL', NULL, '924493604', 4),
('53461338', 'MARTIN CANES, RAUL', 'ACEUCHAL', NULL, '924493605', 4),
('53462493', 'SAEZ ESPERANZA, RUTH', 'ACEUCHAL', NULL, '924493606', 3),
('53462871', 'DUATO NAVARRO, RAMON', 'ACEUCHAL', NULL, '924493607', 2),
('53463340', 'SALAMANCA FELIX, ZAIDA', 'ACEUCHAL', NULL, '924493608', 2),
('53464562', 'CARRETERO PIRES, ANA', NULL, NULL, '924493609', 2),
('53464701', 'ESCRIBANO ARIAS, BEATRIZ', 'DON BENITO', NULL, '924493610', 2),
('53465947', 'CALSO GONZALEZ, ANGEL', 'DON BENITO', NULL, '924493611', 2),
('53490626', 'SANCHEZ VAQUERIZO, TANIA MARAVILLAS', 'DON BENITO', NULL, '924493612', 2),
('5422989', 'SANZ RUBIO, PABLO', 'BADAJOZ', NULL, '924493613', 2),
('6573699', 'GARCIA LOBIT, SARA', 'BADAJOZ', NULL, '924493614', 2),
('70056580', 'RODRIGUEZ VEGA, VERONICA', 'DON BENITO', NULL, '924493615', 5),
('70059204', 'BATANERO OCHAITA, M. CONCEPCION', 'DON BENITO', NULL, '924493616', 5),
('70060073', 'ARRIBAS RAMOS, ESTEFANIA', 'DON BENITO', NULL, '924493617', 4),
('70063468', 'GIRON MARTIN, MARIO', 'DON BENITO', NULL, '924493618', 4),
('70245204', 'GONZALEZ GARCIA,\r\nMARIA', 'DON BENITO', NULL, '924493619', 3),
('70245815', 'GARRIDO GARCIA, MARIA', 'DON BENITO', NULL, '924493620', 2),
('70250031', 'LUACES FEIJOO, TAMARA', 'DON BENITO', NULL, '924493621', 2),
('70254462', 'CHEN , YUANJIE', 'DON BENITO', NULL, '924493622', 2),
('71277949', 'SIERRA GONZALEZ, MARIA', 'DON BENITO', NULL, '924493623', 2),
('71431342', 'CENTENO GONZALEZ, ELENA', 'DON BENITO', NULL, '924493624', 2),
('71442335', 'DIAZ PANIAGUA,\r\nELENA', 'DON BENITO', NULL, '924493625', 2),
('71506039', 'NUÑEZ NUÑEZ, ESTEFANIA', NULL, NULL, '924493626', 2),
('71517440', 'FERNANDEZ HURTADO DE MENDOZA, TAMARA', 'DON BENITO', NULL, '924493627', 2),
('71517910', 'JIMENEZ JIMENEZ, BEATRIZ', 'DON BENITO', NULL, '924493628', 1),
('7244258', 'MARTIN MARTINEZ, VANESA', 'BADAJOZ', NULL, '924493629', 1),
('72886268', 'RODRIGUEZ DE PABLO, CRISTINA', 'DON BENITO', NULL, '924493630', 2),
('74515243', 'TAYLOR ARIAS, ROCIO', 'DON BENITO', NULL, '924493631', 3),
('74933254', 'SUAREZ DE SOUSA, CANDELAS', 'DON BENITO', NULL, '924493632', 4),
('75774199', 'AVILES AVILES, JESUS', 'DON BENITO', NULL, '924493633', 5),
('76019529', 'FAJARDO ROMAN, PATRICIA', 'DON BENITO', NULL, '924493634', 5),
('76123032', 'RIO ALVAREZ, SARA DEL', 'DON BENITO', NULL, '924493635', 5),
('76123615', 'GARCIA MANRIQUE, PATRICIA', 'DON BENITO', NULL, '924493636', 5),
('76730681', 'GONZALEZ DE LA CUERDA, MARIA', 'DON BENITO', NULL, '924493637', 4),
('77335978', 'MARTINEZ GONZALEZ, ANGELICA', NULL, NULL, '924493638', 4),
('7960007', 'CARO ECHEGARAY, RAUL', 'BADAJOZ', NULL, '924493639', 3),
('8042400', 'GOMEZ DOMINGUEZ, ADORACION', 'BADAJOZ', NULL, '924493640', 2),
('9001990', 'CARRASCO GONZALEZ, CARLOS', 'BADAJOZ', NULL, '924493641', 2),
('9036331', 'ARRIAGA SANDOVAL, MARIA JOSE', 'BADAJOZ', NULL, '924493642', 2),
('9039942', 'HERNANDEZ BRAVO, SOLEDAD', 'BADAJOZ', NULL, '924493643', 2),
('9191786', 'ABELLA BULE, ISABEL', 'BADAJOZ', NULL, '924493644', 2),
('9456432', 'MELLADO GONZALEZ, ANTONIO', 'BADAJOZ', NULL, '924493645', 2),
('9457570', 'CASTIEIRA ROMERO, NIEVES', 'BADAJOZ', NULL, '924493646', 2);

-- 
-- Dumping data for table vocales
--
INSERT INTO vocales VALUES
(1, 'LUIS MERLO'),
(2, 'ANTONIO ROBLES'),
(3, 'VICENTE ROBLES'),
(4, 'ROCIO CINTIA'),
(5, 'MODESTA HERMOSO'),
(6, 'JUAN ARGUETA'),
(7, 'EVA MATA'),
(8, 'MONTSERRAT ISAMA'),
(9, 'RUBEN BLADES'),
(10, 'ANA CIMA'),
(11, 'VICTOR FUENTES'),
(12, 'MIGUEL RIOS'),
(13, 'IÑAQUI ASEUTUNA'),
(14, 'LUIS DEL OLMO'),
(15, 'EVA LATEX'),
(16, 'IÑAQUI ASEUTUNA'),
(17, 'LUIS DEL OLMO'),
(18, 'EVA LATEX');

-- 
-- Dumping data for table notas
--
INSERT INTO notas VALUES
('1173391', 1, 2),
('1173391', 2, 5),
('1173391', 3, 6),
('1173391', 10, 3),
('1173391', 40, 8),
('1173391', 101, 10),
('11841394', 1, 3),
('11841394', 2, 5),
('11841394', 3, 3),
('11841394', 50, 5),
('11843671', 1, 3),
('11843671', 2, 4),
('11843671', 3, 3),
('11843982', 1, 4),
('11843982', 2, 7),
('11843982', 3, 3),
('11844272', 1, 5),
('11844272', 2, 9),
('11844272', 3, 3),
('11845343', 1, 6),
('11845343', 2, 8),
('11845343', 3, 3),
('11849578', 1, 7),
('11849578', 2, 8),
('11849578', 3, 5),
('11850727', 1, 8),
('11850727', 2, 8),
('11850727', 3, 5),
('11850969', 1, 7),
('11850969', 2, 8),
('11850969', 3, 5),
('11851761', 1, 7),
('11851761', 2, 8),
('11851761', 3, 4),
('11852345', 1, 1),
('11852345', 2, 8),
('11852345', 3, 7),
('14308556', 1, 2),
('14308556', 2, 8),
('14308556', 3, 9),
('1932986', 1, 2),
('1932986', 2, 9),
('1932986', 3, 8),
('1933685', 1, 3),
('1933685', 2, 2),
('1933685', 3, 8),
('1937101', 1, 3),
('1937101', 2, 3),
('1937101', 3, 8),
('2238233', 1, 5),
('2238233', 2, 3),
('2238233', 3, 8),
('2263918', 1, 5),
('2263918', 2, 4),
('2263918', 3, 8),
('2267650', 1, 5),
('2267650', 2, 5),
('2267650', 3, 8),
('2269028', 1, 4),
('2269028', 2, 6),
('2269028', 3, 8),
('2270188', 1, 6),
('2270188', 2, 7),
('2270188', 3, 9),
('2271897', 1, 3),
('2271897', 2, 8),
('2271897', 3, 7),
('2272581', 1, 3),
('2272581', 2, 7),
('2272581', 3, 2),
('2276630', 1, 3),
('2276630', 2, 7),
('2276630', 3, 3),
('2276800', 1, 3),
('2276800', 2, 1),
('2276800', 3, 3),
('2277835', 1, 3),
('2277835', 2, 2),
('2277835', 3, 4),
('2278639', 1, 5),
('2278639', 2, 2),
('2278639', 3, 5),
('2282590', 1, 5),
('2282590', 2, 3),
('2282590', 3, 6),
('2283491', 1, 5),
('2283491', 2, 3),
('2283491', 3, 7),
('2284256', 1, 4),
('2284256', 2, 5),
('2284256', 3, 8),
('2647631', 1, 7),
('2647631', 2, 5),
('2647631', 3, 7),
('2649085', 1, 9),
('2649085', 2, 5),
('2649085', 3, 7),
('2659710', 1, 8),
('2659710', 2, 4),
('2659710', 3, 1),
('2666680', 1, 8),
('2666680', 2, 2),
('2666680', 3, 2),
('2667675', 1, 8),
('2667675', 2, 3),
('2667675', 3, 2),
('2668273', 1, 8),
('2668273', 2, 3),
('2668273', 3, 3),
('2669111', 1, 8),
('2669111', 2, 4),
('2669111', 3, 3),
('2669560', 1, 8),
('2669560', 2, 5),
('2669560', 3, 5),
('2669749', 1, 8),
('2669749', 2, 6),
('2669749', 3, 5),
('2670956', 1, 9),
('2670956', 2, 7),
('2670956', 3, 5),
('30745766', 1, 2),
('30745766', 2, 8),
('30745766', 3, 4),
('3093893', 1, 3),
('3093893', 2, 7),
('3093893', 3, 6),
('32703586', 1, 3),
('32703586', 2, 7),
('32703586', 3, 3),
('33523948', 1, 4),
('33523948', 2, 1),
('33523948', 3, 3),
('36106722', 1, 5),
('36106722', 2, 2),
('36106722', 3, 3),
('3867773', 1, 6),
('3867773', 2, 2),
('3867773', 3, 3),
('3877296', 1, 7),
('3877296', 2, 3),
('3877296', 3, 3),
('3888843', 1, 8),
('3888843', 2, 3),
('3888843', 3, 5),
('3897830', 1, 7),
('3897830', 2, 5),
('3897830', 3, 5),
('3898800', 1, 7),
('3898800', 2, 5),
('3898800', 3, 5),
('3899484', 1, 1),
('3899484', 2, 5),
('3899484', 3, 4),
('3900635', 1, 2),
('3900635', 2, 4),
('3900635', 3, 7),
('3904537', 1, 2),
('3904537', 2, 6),
('3904537', 3, 9),
('3904786', 1, 3),
('3904786', 2, 3),
('3904786', 3, 8),
('3905226', 1, 3),
('3905226', 2, 3),
('3905226', 3, 8),
('3905411', 1, 5),
('3905411', 2, 3),
('3905411', 3, 8),
('3907718', 1, 5),
('3907718', 2, 3),
('3907718', 3, 8),
('3907803', 1, 5),
('3907803', 2, 3),
('3907803', 3, 8),
('4213464', 1, 4),
('4213464', 2, 5),
('4213464', 3, 8),
('4214130', 1, 6),
('4214130', 2, 5),
('4214130', 3, 8),
('4216552', 1, 3),
('4216552', 2, 5),
('4216552', 3, 9),
('4216993', 1, 3),
('4216993', 2, 4),
('4216993', 3, 7),
('43125083', 1, 3),
('43125083', 2, 2),
('43125083', 3, 5),
('46841117', 1, 3),
('46841117', 2, 3),
('46841117', 3, 4),
('46845978', 1, 3),
('46845978', 2, 3),
('46845978', 3, 4),
('46851690', 1, 5),
('46851690', 2, 4),
('46851690', 3, 2),
('46922311', 1, 5),
('46922311', 2, 5),
('46922311', 3, 4),
('46924533', 1, 5),
('46924533', 2, 6),
('46924533', 3, 2),
('46925960', 1, 4),
('46925960', 2, 7),
('46925960', 3, 3),
('46928330', 1, 7),
('46928330', 2, 8),
('46928330', 3, 3),
('46928725', 1, 9),
('46928725', 2, 7),
('46928725', 3, 4),
('46938891', 1, 8),
('46938891', 2, 7),
('46938891', 3, 5),
('47024986', 1, 8),
('47024986', 2, 1),
('47024986', 3, 6),
('47031921', 1, 8),
('47031921', 2, 2),
('47031921', 3, 7),
('47034100', 1, 8),
('47034100', 2, 2),
('47034100', 3, 8),
('47034404', 1, 8),
('47034404', 2, 3),
('47034404', 3, 7),
('47035769', 1, 8),
('47035769', 2, 3),
('47035769', 3, 7),
('47042006', 1, 8),
('47042006', 2, 5),
('47042006', 3, 1),
('47042385', 1, 9),
('47042385', 2, 5),
('47042385', 3, 2),
('47042399', 1, 7),
('47042399', 2, 5),
('47042399', 3, 2),
('47044073', 1, 2),
('47044073', 2, 4),
('47044073', 3, 3),
('47045618', 1, 3),
('47045618', 2, 6),
('47045618', 3, 3),
('47046526', 1, 3),
('47046526', 2, 3),
('47046526', 3, 5),
('47046930', 1, 4),
('47046930', 2, 3),
('47046930', 3, 5),
('47047937', 1, 5),
('47047937', 2, 3),
('47047937', 3, 5),
('47049228', 1, 6),
('47049228', 2, 3),
('47049228', 3, 4),
('47049316', 1, 7),
('47049316', 2, 3),
('47049316', 3, 6),
('47049392', 1, 8),
('47049392', 2, 5),
('47049392', 3, 3),
('47217990', 1, 7),
('47217990', 2, 5),
('47217990', 3, 3),
('47220902', 1, 7),
('47220902', 2, 5),
('47220902', 3, 2),
('47280013', 1, 1),
('47280013', 2, 4),
('47280013', 3, 3),
('47301118', 1, 2),
('47301118', 2, 7),
('47301118', 3, 3),
('47302239', 1, 2),
('47302239', 2, 9),
('47302239', 3, 4),
('47450428', 1, 3),
('47450428', 2, 8),
('47450428', 3, 5),
('47456054', 1, 3),
('47456054', 2, 8),
('47456054', 3, 6),
('47456601', 1, 5),
('47456601', 2, 8),
('47456601', 3, 7),
('47457503', 1, 5),
('47457503', 2, 8),
('47457503', 3, 8),
('47457939', 1, 5),
('47457939', 2, 8),
('47457939', 3, 7),
('47458251', 1, 4),
('47458251', 2, 8),
('47458251', 3, 7),
('47458460', 1, 6),
('47458460', 2, 8),
('47458460', 3, 1),
('47458552', 1, 3),
('47458552', 2, 9),
('47458552', 3, 2),
('47458849', 1, 3),
('47458849', 2, 2),
('47458849', 3, 2),
('47459361', 1, 3),
('47459361', 2, 3),
('47459361', 3, 3),
('47460015', 1, 3),
('47460015', 2, 3),
('47460015', 3, 3),
('47491189', 1, 3),
('47491189', 2, 4),
('47491189', 3, 5),
('47495786', 1, 5),
('47495786', 2, 5),
('47495786', 3, 5),
('47496281', 1, 5),
('47496281', 2, 6),
('47496281', 3, 5),
('47497218', 1, 5),
('47497218', 2, 7),
('47497218', 3, 4),
('47499160', 1, 4),
('47499160', 2, 8),
('47499160', 3, 6),
('48997059', 1, 7),
('48997059', 2, 7),
('48997059', 3, 3),
('48997274', 1, 9),
('48997274', 2, 7),
('48997274', 3, 3),
('49003272', 1, 8),
('49003272', 2, 1),
('49003272', 3, 3),
('49003605', 1, 8),
('49003605', 2, 2),
('49003605', 3, 3),
('49004517', 1, 8),
('49004517', 2, 2),
('49004517', 3, 3),
('49004747', 1, 8),
('49004747', 2, 3),
('49004747', 3, 5),
('49005132', 1, 8),
('49005132', 2, 3),
('49005132', 3, 5),
('49006338', 1, 8),
('49006338', 2, 5),
('49006338', 3, 5),
('49011941', 1, 8),
('49011941', 2, 5),
('49011941', 3, 4),
('49013123', 1, 9),
('49013123', 2, 5),
('49013123', 3, 7),
('49013614', 1, 7),
('49013614', 2, 4),
('49013614', 3, 2),
('49013775', 1, 5),
('49013775', 2, 6),
('49013775', 3, 3),
('49013815', 1, 4),
('49013815', 2, 3),
('49013815', 3, 3),
('49013889', 1, 4),
('49013889', 2, 3),
('49013889', 3, 4),
('49013944', 1, 2),
('49013944', 2, 3),
('49013944', 3, 5),
('49014316', 1, 4),
('49014316', 2, 3),
('49014316', 3, 6),
('49015728', 1, 2),
('49015728', 2, 3),
('49015728', 3, 7),
('49016849', 1, 3),
('49016849', 2, 5),
('49016849', 3, 8),
('49017419', 1, 3),
('49017419', 2, 5),
('49017419', 3, 7),
('49017896', 1, 4),
('49017896', 2, 5),
('49017896', 3, 7),
('49018965', 1, 5),
('49018965', 2, 4),
('49018965', 3, 1),
('49020051', 1, 6),
('49020051', 2, 7),
('49020051', 3, 2),
('50107211', 1, 7),
('50107211', 2, 9),
('50107211', 3, 2),
('50113980', 1, 8),
('50113980', 2, 8),
('50113980', 3, 3),
('50117251', 1, 7),
('50117251', 2, 8),
('50117251', 3, 3),
('50119480', 1, 7),
('50119480', 2, 8),
('50119480', 3, 5),
('50127926', 1, 1),
('50127926', 2, 8),
('50127926', 3, 5),
('50128111', 1, 2),
('50128111', 2, 8),
('50128111', 3, 5),
('50128158', 1, 2),
('50128158', 2, 8),
('50128158', 3, 4),
('50129298', 1, 3),
('50129298', 2, 8),
('50129298', 3, 6),
('50129650', 1, 3),
('50129650', 2, 9),
('50129650', 3, 3),
('50211749', 1, 5),
('50211749', 2, 7),
('50211749', 3, 3),
('50218486', 1, 5),
('50218486', 2, 2),
('50218486', 3, 3),
('50220753', 1, 5),
('50220753', 2, 3),
('50220753', 3, 3),
('50221127', 1, 4),
('50221127', 2, 3),
('50221127', 3, 3),
('50221454', 1, 6),
('50221454', 2, 4),
('50221454', 3, 5),
('50221778', 1, 3),
('50221778', 2, 5),
('50221778', 3, 5),
('50222200', 1, 3),
('50222200', 2, 6),
('50222200', 3, 5),
('50222579', 1, 2),
('50222579', 2, 7),
('50222579', 3, 4),
('50222877', 1, 3),
('50222877', 2, 8),
('50222877', 3, 7),
('50224174', 1, 3),
('50224174', 2, 7),
('50224174', 3, 9),
('50318962', 1, 4),
('50318962', 2, 7),
('50318962', 3, 8),
('50323408', 1, 5),
('50323408', 2, 1),
('50323408', 3, 8),
('50443489', 1, 6),
('50443489', 2, 2),
('50443489', 3, 8),
('50466830', 1, 7),
('50466830', 2, 2),
('50466830', 3, 8),
('50542633', 1, 8),
('50542633', 2, 3),
('50542633', 3, 8),
('50542635', 1, 7),
('50542635', 2, 3),
('50542635', 3, 8),
('50543536', 1, 7),
('50543536', 2, 5),
('50543536', 3, 8),
('50543825', 1, 1),
('50543825', 2, 5),
('50543825', 3, 9),
('50543951', 1, 2),
('50543951', 2, 5),
('50543951', 3, 7),
('50733568', 1, 2),
('50733568', 2, 4),
('50733568', 3, 5),
('50739304', 1, 3),
('50739304', 2, 6),
('50739304', 3, 4),
('50741553', 1, 3),
('50741553', 2, 3),
('50741553', 3, 4),
('50741554', 1, 5),
('50741554', 2, 3),
('50741554', 3, 2),
('50749620', 1, 5),
('50749620', 2, 3),
('50749620', 3, 3),
('50751029', 1, 5),
('50751029', 2, 3),
('50751029', 3, 3),
('50752579', 1, 4),
('50752579', 2, 3),
('50752579', 3, 4),
('50753061', 1, 6),
('50753061', 2, 5),
('50753061', 3, 5),
('50754253', 1, 3),
('50754253', 2, 5),
('50754253', 3, 6),
('50755331', 1, 3),
('50755331', 2, 5),
('50755331', 3, 7),
('50755563', 1, 3),
('50755563', 2, 4),
('50755563', 3, 8),
('50755712', 1, 3),
('50755712', 2, 7),
('50755712', 3, 7),
('50755775', 1, 3),
('50755775', 2, 2),
('50755775', 3, 7),
('50756221', 1, 5),
('50756221', 2, 3),
('50756221', 3, 1),
('50868738', 1, 5),
('50868738', 2, 3),
('50868738', 3, 2),
('50875209', 1, 5),
('50875209', 2, 4),
('50875209', 3, 2),
('50880732', 1, 4),
('50880732', 2, 5),
('50880732', 3, 3),
('50884239', 1, 7),
('50884239', 2, 6),
('50884239', 3, 3),
('50885221', 1, 2),
('50885221', 2, 7),
('50885221', 3, 5),
('50885336', 1, 3),
('50885336', 2, 8),
('50885336', 3, 5),
('50885927', 1, 3),
('50885927', 2, 7),
('50885927', 3, 5),
('50886453', 1, 4),
('50886453', 2, 7),
('50886453', 3, 4),
('50886959', 1, 5),
('50886959', 2, 1),
('50886959', 3, 6),
('50887483', 1, 6),
('50887483', 2, 2),
('50887483', 3, 3),
('50888252', 1, 7),
('50888252', 2, 2),
('50888252', 3, 3),
('50891348', 1, 8),
('50891348', 2, 3),
('50891348', 3, 3),
('51076828', 1, 7),
('51076828', 2, 3),
('51076828', 3, 3),
('51083987', 1, 7),
('51083987', 2, 5),
('51083987', 3, 3),
('51087952', 1, 1),
('51087952', 2, 5),
('51087952', 3, 5),
('51093870', 1, 2),
('51093870', 2, 5),
('51093870', 3, 5),
('51096901', 1, 2),
('51096901', 2, 4),
('51096901', 3, 5),
('51097958', 1, 3),
('51097958', 2, 6),
('51097958', 3, 4),
('51449111', 1, 3),
('51449111', 2, 3),
('51449111', 3, 7),
('51455418', 1, 5),
('51455418', 2, 3),
('51455418', 3, 9),
('51457246', 1, 5),
('51457246', 2, 3),
('51457246', 3, 8),
('51457720', 1, 5),
('51457720', 2, 3),
('51457720', 3, 8),
('51458752', 1, 4),
('51458752', 2, 3),
('51458752', 3, 8),
('51458893', 1, 6),
('51458893', 2, 5),
('51458893', 3, 8),
('51927823', 1, 3),
('51927823', 2, 5),
('51927823', 3, 8),
('51985756', 1, 3),
('51985756', 2, 5),
('51985756', 3, 8),
('52107712', 1, 3),
('52107712', 2, 4),
('52107712', 3, 8),
('52355704', 1, 3),
('52355704', 2, 7),
('52355704', 3, 9),
('52860180', 1, 3),
('52860180', 2, 9),
('52860180', 3, 7),
('52887513', 1, 5),
('52887513', 2, 8),
('52887513', 3, 5),
('52959160', 1, 5),
('52959160', 2, 8),
('52959160', 3, 4),
('52964122', 1, 5),
('52964122', 2, 8),
('52964122', 3, 4),
('52975621', 1, 4),
('52975621', 2, 8),
('52975621', 3, 2),
('52978402', 1, 7),
('52978402', 2, 8),
('52978402', 3, 4),
('52980097', 1, 9),
('52980097', 2, 8),
('52980097', 3, 2),
('52980664', 1, 8),
('52980664', 2, 8),
('52980664', 3, 3),
('52984948', 1, 8),
('52984948', 2, 9),
('52984948', 3, 3),
('52997923', 1, 8),
('52997923', 2, 2),
('52997923', 3, 4),
('52999706', 1, 8),
('52999706', 2, 3),
('52999706', 3, 5),
('52999879', 1, 8),
('52999879', 2, 3),
('52999879', 3, 6),
('53022980', 1, 8),
('53022980', 2, 4),
('53022980', 3, 7),
('53047850', 1, 8),
('53047850', 2, 5),
('53047850', 3, 8),
('53049672', 1, 9),
('53049672', 2, 6),
('53049672', 3, 7),
('53105927', 1, 7),
('53105927', 2, 7),
('53105927', 3, 7),
('53132863', 1, 5),
('53132863', 2, 8),
('53132863', 3, 1),
('53134085', 1, 4),
('53134085', 2, 7),
('53134085', 3, 2),
('53137477', 1, 4),
('53137477', 2, 7),
('53137477', 3, 2),
('53386548', 1, 2),
('53386548', 2, 1),
('53386548', 3, 3),
('53389834', 1, 3),
('53389834', 2, 2),
('53389834', 3, 3),
('53389853', 1, 3),
('53389853', 2, 2),
('53389853', 3, 5),
('53390061', 1, 4),
('53390061', 2, 3),
('53390061', 3, 5),
('53392543', 1, 5),
('53392543', 2, 3),
('53392543', 3, 5),
('53416739', 1, 6),
('53416739', 2, 5),
('53416739', 3, 4),
('53417961', 1, 7),
('53417961', 2, 5),
('53417961', 3, 0),
('53418213', 1, 8),
('53418213', 2, 5),
('53418213', 3, 0),
('53418326', 1, 7),
('53418326', 2, 4),
('53418326', 3, 0),
('53419163', 1, 7),
('53419163', 2, 6),
('53419163', 3, 0),
('53419959', 1, 1),
('53419959', 2, 3),
('53419959', 3, 0),
('53420473', 1, 2),
('53420473', 2, 3),
('53420473', 3, 0),
('53422123', 1, 2),
('53422123', 2, 3),
('53422123', 3, 5),
('53422257', 1, 3),
('53422257', 2, 3),
('53422257', 3, 5),
('53422330', 1, 3),
('53422330', 2, 3),
('53422330', 3, 0),
('53423041', 1, 5),
('53423041', 2, 5),
('53423041', 3, 0),
('53423243', 1, 5),
('53423243', 2, 5),
('53423243', 3, 7),
('53423313', 1, 5),
('53423313', 2, 5),
('53423313', 3, 9),
('53423815', 1, 4),
('53423815', 2, 4),
('53423815', 3, 0),
('53423817', 1, 6),
('53423817', 2, 7),
('53423817', 3, 0),
('53423916', 1, 3),
('53423916', 2, 9),
('53423916', 3, 8),
('53424700', 1, 3),
('53424700', 2, 8),
('53424700', 3, 8),
('53425387', 1, 3),
('53425387', 2, 8),
('53425387', 3, 0),
('53428006', 1, 3),
('53428006', 2, 8),
('53428006', 3, 0),
('53431089', 1, 3),
('53431089', 2, 8),
('53431089', 3, 0),
('53432616', 1, 5),
('53432616', 2, 8),
('53432616', 3, 9),
('53433387', 1, 5),
('53433387', 2, 8),
('53433387', 3, 9),
('53434567', 1, 5),
('53434567', 2, 8),
('53434567', 3, 3),
('53442156', 1, 4),
('53442156', 2, 9),
('53442156', 3, 9),
('53446287', 1, 7),
('53446287', 2, 7),
('53446287', 3, 9),
('53446583', 1, 9),
('53446583', 2, 2),
('53446583', 3, 5),
('53446663', 1, 8),
('53446663', 2, 3),
('53446663', 3, 9),
('53446822', 1, 8),
('53446822', 2, 3),
('53446822', 3, 9),
('53446893', 1, 8),
('53446893', 2, 4),
('53446893', 3, 9),
('53446947', 1, 8),
('53446947', 2, 5),
('53446947', 3, 9),
('53447056', 1, 8),
('53447056', 2, 6),
('53447056', 3, 7),
('53447071', 1, 8),
('53447071', 2, 7),
('53447071', 3, 1),
('53447680', 1, 8),
('53447680', 2, 8),
('53447680', 3, 2),
('53448199', 1, 9),
('53448199', 2, 2),
('53448199', 3, 2),
('53448494', 1, 7),
('53448494', 2, 3),
('53448494', 3, 9),
('53448818', 1, 5),
('53448818', 2, 3),
('53448818', 3, 8),
('53449882', 1, 4),
('53449882', 2, 4),
('53449882', 3, 5),
('53450152', 1, 4),
('53450152', 2, 5),
('53450152', 3, 8),
('53450600', 1, 2),
('53450600', 2, 6),
('53450600', 3, 5),
('53450717', 1, 4),
('53450717', 2, 7),
('53450717', 3, 8),
('53450747', 1, 2),
('53450747', 2, 8),
('53450747', 3, 6),
('53451001', 1, 3),
('53451001', 2, 7),
('53451001', 3, 6),
('53451123', 1, 3),
('53451123', 2, 7),
('53451123', 3, 3),
('53452083', 1, 4),
('53452083', 2, 1),
('53452083', 3, 6),
('53453335', 1, 5),
('53453335', 2, 2),
('53453335', 3, 3),
('53453665', 1, 6),
('53453665', 2, 2),
('53453665', 3, 4),
('53460755', 1, 7),
('53460755', 2, 3),
('53460755', 3, 5),
('53461159', 1, 8),
('53461159', 2, 3),
('53461159', 3, 2),
('53461178', 1, 7),
('53461178', 2, 5),
('53461178', 3, 5),
('53461338', 1, 7),
('53461338', 2, 5),
('53461338', 3, 2),
('53462493', 1, 1),
('53462493', 2, 5),
('53462493', 3, 2),
('53462871', 1, 2),
('53462871', 2, 4),
('53462871', 3, 2),
('53463340', 1, 2),
('53463340', 2, 6),
('53463340', 3, 8),
('53464562', 1, 3),
('53464562', 2, 3),
('53464562', 3, 2),
('53464701', 1, 3),
('53464701', 2, 3),
('53464701', 3, 8),
('53465947', 1, 5),
('53465947', 2, 3),
('53465947', 3, 3),
('53490626', 1, 5),
('53490626', 2, 3),
('53490626', 3, 8),
('5422989', 1, 5),
('5422989', 2, 3),
('5422989', 3, 8),
('6573699', 1, 4),
('6573699', 2, 5),
('6573699', 3, 7),
('70056580', 1, 6),
('70056580', 2, 5),
('70056580', 3, 7),
('70059204', 1, 3),
('70059204', 2, 5),
('70059204', 3, 7),
('70060073', 1, 3),
('70060073', 2, 4),
('70060073', 3, 7),
('70063468', 1, 3),
('70063468', 2, 7),
('70063468', 3, 3),
('70245204', 1, 3),
('70245204', 2, 9),
('70245204', 3, 3),
('70245815', 1, 3),
('70245815', 2, 8),
('70245815', 3, 4),
('70250031', 1, 2),
('70250031', 2, 8),
('70250031', 3, 5),
('70254462', 1, 3),
('70254462', 2, 8),
('70254462', 3, 6),
('71277949', 1, 3),
('71277949', 2, 8),
('71277949', 3, 7),
('71431342', 1, 4),
('71431342', 2, 8),
('71431342', 3, 7),
('71442335', 1, 5),
('71442335', 2, 8),
('71442335', 3, 7),
('71506039', 1, 6),
('71506039', 2, 8),
('71506039', 3, 7),
('71517440', 1, 7),
('71517440', 2, 9),
('71517440', 3, 1),
('71517910', 1, 8),
('71517910', 2, 2),
('71517910', 3, 2),
('7244258', 1, 7),
('7244258', 2, 3),
('7244258', 3, 2),
('72886268', 1, 7),
('72886268', 2, 3),
('72886268', 3, 7),
('74515243', 1, 1),
('74515243', 2, 4),
('74515243', 3, 7),
('74933254', 1, 2),
('74933254', 2, 5),
('74933254', 3, 5),
('75774199', 1, 2),
('75774199', 2, 6),
('75774199', 3, 5),
('76019529', 1, 3),
('76019529', 2, 7),
('76019529', 3, 5),
('76123032', 1, 3),
('76123032', 2, 8),
('76123032', 3, 6),
('76123615', 1, 5),
('76123615', 2, 7),
('76123615', 3, 6),
('76730681', 1, 5),
('76730681', 2, 7),
('76730681', 3, 3),
('77335978', 1, 5),
('77335978', 2, 1),
('77335978', 3, 3),
('7960007', 1, 4),
('7960007', 2, 2),
('7960007', 3, 10),
('8042400', 1, 6),
('8042400', 2, 2),
('8042400', 3, 3),
('9001990', 1, 3),
('9001990', 2, 3),
('9001990', 3, 3),
('9036331', 1, 3),
('9036331', 2, 3),
('9036331', 3, 10),
('9039942', 1, 3),
('9039942', 2, 5),
('9039942', 3, 5),
('9191786', 1, 3),
('9191786', 2, 5),
('9191786', 3, 5),
('9456432', 1, 3),
('9456432', 2, 5),
('9456432', 3, 4),
('9457570', 1, 5),
('9457570', 2, 4),
('9457570', 3, 7);

-- 
-- Dumping data for table examenes
--
INSERT INTO examenes VALUES
(0, NULL),
(1, 'EXAMEN TIPO TEST 20 \r\nPREGUNTAS'),
(2, 'SUPUESTOS PRACTICOS (3)'),
(3, 'EXAMEN TEMA TEORIA'),
(10, 'RRR'),
(50, NULL);

--
-- Set default database
--
USE practica13apoyo;

--
-- Drop trigger `ejercicio07_insert`
--
DROP TRIGGER IF EXISTS ejercicio07_insert;

--
-- Drop trigger `ejercicio07_update`
--
DROP TRIGGER IF EXISTS ejercicio07_update;

--
-- Drop trigger `introducirNota`
--
DROP TRIGGER IF EXISTS introducirNota;

--
-- Drop trigger `modificarNota`
--
DROP TRIGGER IF EXISTS modificarNota;

--
-- Set default database
--
USE practica13apoyo;

DELIMITER $$

--
-- Create trigger `ejercicio07_insert`
--
CREATE
DEFINER = 'root'@'localhost'
TRIGGER ejercicio07_insert
BEFORE INSERT
ON tribunales
FOR EACH ROW
BEGIN
  DECLARE specialty CONDITION FOR SQLSTATE '45000';
  IF NEW.Presidente <> NEW.VOCAL1
    OR NEW.Presidente <> NEW.VOCAL2
    OR NEW.Presidente <> NEW.VOCAL3 THEN
    SIGNAL SQLSTATE '45000'
    SET MESSAGE_TEXT = 'No tiene permiso.';
  END IF;
END
$$

--
-- Create trigger `ejercicio07_update`
--
CREATE
DEFINER = 'root'@'localhost'
TRIGGER ejercicio07_update
BEFORE UPDATE
ON tribunales
FOR EACH ROW
BEGIN
  DECLARE specialty CONDITION FOR SQLSTATE '45000';
  IF NEW.Presidente <> NEW.VOCAL1
    OR NEW.Presidente <> NEW.VOCAL2
    OR NEW.Presidente <> NEW.VOCAL3 THEN
    SIGNAL SQLSTATE '45000'
    SET MESSAGE_TEXT = 'No tiene permiso.';
  END IF;
END
$$

--
-- Create trigger `introducirNota`
--
CREATE
DEFINER = 'root'@'localhost'
TRIGGER introducirNota
BEFORE INSERT
ON notas
FOR EACH ROW
BEGIN
  DECLARE specialty CONDITION FOR SQLSTATE '45000';
  INSERT IGNORE INTO examenes (CODIGOEXA)
    VALUES (new.codigoexamen);

  IF NEW.NOTA NOT BETWEEN 0 AND 10 THEN
    SIGNAL SQLSTATE '45000'
    SET MESSAGE_TEXT = 'Error introduciendo la nota.';
  END IF;

END
$$

--
-- Create trigger `modificarNota`
--
CREATE
DEFINER = 'root'@'localhost'
TRIGGER modificarNota
BEFORE UPDATE
ON notas
FOR EACH ROW
BEGIN
  DECLARE specialty CONDITION FOR SQLSTATE '45000';
  INSERT IGNORE INTO examenes (CODIGOEXA)
    VALUES (new.codigoexamen);

  IF NEW.NOTA NOT BETWEEN 0 AND 10 THEN
    SIGNAL SQLSTATE '45000'
    SET MESSAGE_TEXT = 'Error introduciendo la nota.';
  END IF;

END
$$

DELIMITER ;

-- 
-- Restore previous SQL mode
-- 
/*!40101 SET SQL_MODE=@OLD_SQL_MODE */;

-- 
-- Enable foreign keys
-- 
/*!40014 SET FOREIGN_KEY_CHECKS = @OLD_FOREIGN_KEY_CHECKS */;