﻿--
-- Script was generated by Devart dbForge Studio for MySQL, Version 8.0.40.0
-- Product home page: http://www.devart.com/dbforge/mysql/studio
-- Script date 28/12/2018 9:22:52
-- Server version: 5.5.5-10.1.36-MariaDB
-- Client version: 4.1
--

-- 
-- Disable foreign keys
-- 
/*!40014 SET @OLD_FOREIGN_KEY_CHECKS=@@FOREIGN_KEY_CHECKS, FOREIGN_KEY_CHECKS=0 */;

-- 
-- Set SQL mode
-- 
/*!40101 SET @OLD_SQL_MODE=@@SQL_MODE, SQL_MODE='NO_AUTO_VALUE_ON_ZERO' */;

-- 
-- Set character set the client will use to send SQL statements to the server
--
SET NAMES 'utf8';

--
-- Set default database
--
USE practica2;

--
-- Drop table `supervisa`
--
DROP TABLE IF EXISTS supervisa;

--
-- Drop table `supervisor`
--
DROP TABLE IF EXISTS supervisor;

--
-- Drop table `trabaja`
--
DROP TABLE IF EXISTS trabaja;

--
-- Drop table `compañia`
--
DROP TABLE IF EXISTS compañia;

--
-- Drop table `persona`
--
DROP TABLE IF EXISTS persona;

--
-- Drop table `ciudad`
--
DROP TABLE IF EXISTS ciudad;

--
-- Set default database
--
USE practica2;

--
-- Create table `ciudad`
--
CREATE TABLE ciudad (
  id int(11) NOT NULL AUTO_INCREMENT,
  nombre varchar(30) DEFAULT NULL,
  poblacion int(11) DEFAULT NULL,
  PRIMARY KEY (id)
)
ENGINE = INNODB,
AUTO_INCREMENT = 6,
AVG_ROW_LENGTH = 3276,
CHARACTER SET utf8,
COLLATE utf8_spanish_ci;

--
-- Create table `persona`
--
CREATE TABLE persona (
  id int(11) NOT NULL AUTO_INCREMENT,
  nombre varchar(30) DEFAULT NULL,
  calle varchar(30) DEFAULT NULL,
  id_ciudad int(11) DEFAULT NULL,
  PRIMARY KEY (id)
)
ENGINE = INNODB,
AUTO_INCREMENT = 12,
AVG_ROW_LENGTH = 1489,
CHARACTER SET utf8,
COLLATE utf8_spanish_ci;

--
-- Create foreign key
--
ALTER TABLE persona
ADD CONSTRAINT persona_ibfk_1 FOREIGN KEY (id_ciudad)
REFERENCES ciudad (id) ON DELETE CASCADE ON UPDATE CASCADE;

--
-- Create table `compañia`
--
CREATE TABLE compañia (
  id int(11) NOT NULL AUTO_INCREMENT,
  nombre varchar(30) DEFAULT NULL,
  id_ciudad int(11) DEFAULT NULL,
  PRIMARY KEY (id)
)
ENGINE = INNODB,
AUTO_INCREMENT = 4,
AVG_ROW_LENGTH = 5461,
CHARACTER SET utf8,
COLLATE utf8_spanish_ci;

--
-- Create foreign key
--
ALTER TABLE compañia
ADD CONSTRAINT compañia_ibfk_1 FOREIGN KEY (id_ciudad)
REFERENCES ciudad (id) ON DELETE CASCADE ON UPDATE CASCADE;

--
-- Create table `trabaja`
--
CREATE TABLE trabaja (
  id int(11) NOT NULL AUTO_INCREMENT,
  id_persona int(30) DEFAULT NULL,
  id_compania int(11) DEFAULT NULL,
  salario int(11) DEFAULT NULL,
  PRIMARY KEY (id)
)
ENGINE = INNODB,
AUTO_INCREMENT = 18,
AVG_ROW_LENGTH = 1638,
CHARACTER SET utf8,
COLLATE utf8_spanish_ci;

--
-- Create foreign key
--
ALTER TABLE trabaja
ADD CONSTRAINT fk_trabaja FOREIGN KEY (id_persona)
REFERENCES persona (id);

--
-- Create foreign key
--
ALTER TABLE trabaja
ADD CONSTRAINT trabaja_ibfk_2 FOREIGN KEY (id_compania)
REFERENCES compañia (id) ON DELETE CASCADE ON UPDATE CASCADE;

--
-- Create table `supervisor`
--
CREATE TABLE supervisor (
  id int(11) NOT NULL AUTO_INCREMENT,
  nombre varchar(30) DEFAULT NULL,
  calle varchar(30) DEFAULT NULL,
  ciudad varchar(30) DEFAULT NULL,
  PRIMARY KEY (id)
)
ENGINE = INNODB,
AUTO_INCREMENT = 7,
AVG_ROW_LENGTH = 2730,
CHARACTER SET utf8,
COLLATE utf8_spanish_ci;

--
-- Create table `supervisa`
--
CREATE TABLE supervisa (
  id_supervisor int(11) NOT NULL,
  id_persona int(11) NOT NULL,
  id int(11) NOT NULL AUTO_INCREMENT,
  PRIMARY KEY (id)
)
ENGINE = INNODB,
AUTO_INCREMENT = 7,
AVG_ROW_LENGTH = 2730,
CHARACTER SET utf8,
COLLATE utf8_spanish_ci;

--
-- Create foreign key
--
ALTER TABLE supervisa
ADD CONSTRAINT supervisa_ibfk_1 FOREIGN KEY (id_persona)
REFERENCES persona (id) ON DELETE CASCADE ON UPDATE CASCADE;

--
-- Create foreign key
--
ALTER TABLE supervisa
ADD CONSTRAINT supervisa_ibfk_2 FOREIGN KEY (id_supervisor)
REFERENCES supervisor (id) ON DELETE CASCADE ON UPDATE CASCADE;

-- 
-- Dumping data for table ciudad
--
INSERT INTO ciudad VALUES
(1, 'CR', 60000),
(2, 'AB', 70000),
(3, 'CU', 50000),
(4, 'GU', 75000),
(5, 'TO', 80000);

-- 
-- Dumping data for table compañia
--
INSERT INTO compañia VALUES
(1, 'NESTLE', 5),
(2, 'INDRA', 1),
(3, 'FAGOR', 3);

-- 
-- Dumping data for table supervisor
--
INSERT INTO supervisor VALUES
(1, 'Manuel\t', 'Calle3', 'Santander'),
(2, 'Carlos', 'Calle33', 'Lierganes'),
(3, 'Luis', 'Calle2', 'Maliaño'),
(4, 'Maria', 'Calle1', 'Santander'),
(5, 'Chema', 'Calle0', 'Astillero'),
(6, 'Luis', 'Calle6', 'Renedo');

-- 
-- Dumping data for table persona
--
INSERT INTO persona VALUES
(1, 'Eva', 'Calle2', 5),
(2, 'Jose', 'Calle3', 1),
(3, 'Maria', 'Calle4', 1),
(4, 'Ana', 'Calle5', 2),
(5, 'Blas', 'Calle6', 1),
(6, 'Antonio', 'Calle7', 3),
(7, 'Wendy', 'Calle8', 3),
(8, 'Paco', 'Calle9', 3),
(9, 'Marga', 'Calle9', 2),
(10, 'Casimiro', 'Calle11', 5),
(11, 'Juan', 'Calle1', 4);

-- 
-- Dumping data for table trabaja
--
INSERT INTO trabaja VALUES
(1, 1, 2, 15000),
(2, 2, 2, 21000),
(3, 4, 3, 18000),
(4, 6, 1, 41000),
(5, 2, 1, 21000),
(6, 1, 3, 19000),
(7, 10, 3, 17000),
(8, 3, 2, 17000),
(9, 3, 2, 17000),
(10, 9, 1, 19000);

-- 
-- Dumping data for table supervisa
--
INSERT INTO supervisa VALUES
(2, 5, 1),
(4, 9, 2),
(1, 1, 3),
(2, 4, 4),
(5, 3, 5),
(5, 9, 6);

-- 
-- Restore previous SQL mode
-- 
/*!40101 SET SQL_MODE=@OLD_SQL_MODE */;

-- 
-- Enable foreign keys
-- 
/*!40014 SET FOREIGN_KEY_CHECKS = @OLD_FOREIGN_KEY_CHECKS */;