﻿--
-- Script was generated by Devart dbForge Studio for MySQL, Version 8.0.40.0
-- Product home page: http://www.devart.com/dbforge/mysql/studio
-- Script date 24/01/2019 18:13:33
-- Server version: 5.5.5-10.1.30-MariaDB
-- Client version: 4.1
--

-- 
-- Disable foreign keys
-- 
/*!40014 SET @OLD_FOREIGN_KEY_CHECKS=@@FOREIGN_KEY_CHECKS, FOREIGN_KEY_CHECKS=0 */;

-- 
-- Set SQL mode
-- 
/*!40101 SET @OLD_SQL_MODE=@@SQL_MODE, SQL_MODE='NO_AUTO_VALUE_ON_ZERO' */;

-- 
-- Set character set the client will use to send SQL statements to the server
--
SET NAMES 'utf8';

--
-- Set default database
--
USE practica5;

--
-- Drop view `consulta3c2`
--
DROP VIEW IF EXISTS consulta3c2 CASCADE;

--
-- Drop view `consulta4c1`
--
DROP VIEW IF EXISTS consulta4c1 CASCADE;

--
-- Drop view `consulta4c2`
--
DROP VIEW IF EXISTS consulta4c2 CASCADE;

--
-- Drop view `consulta5c1`
--
DROP VIEW IF EXISTS consulta5c1 CASCADE;

--
-- Drop view `consulta5c2`
--
DROP VIEW IF EXISTS consulta5c2 CASCADE;

--
-- Drop table `composicion`
--
DROP TABLE IF EXISTS composicion;

--
-- Drop view `consulta3c1`
--
DROP VIEW IF EXISTS consulta3c1 CASCADE;

--
-- Drop table `federacion`
--
DROP TABLE IF EXISTS federacion;

--
-- Drop table `miembro`
--
DROP TABLE IF EXISTS miembro;

--
-- Set default database
--
USE practica5;

--
-- Create table `miembro`
--
CREATE TABLE miembro (
  dni varchar(255) NOT NULL,
  nombreTitulacion varchar(255) DEFAULT NULL,
  PRIMARY KEY (dni)
)
ENGINE = INNODB,
AVG_ROW_LENGTH = 1638,
CHARACTER SET utf8,
COLLATE utf8_general_ci;

--
-- Create table `federacion`
--
CREATE TABLE federacion (
  nombre varchar(255) NOT NULL,
  direccion varchar(255) DEFAULT NULL,
  telefono varchar(255) DEFAULT NULL,
  PRIMARY KEY (nombre)
)
ENGINE = INNODB,
AVG_ROW_LENGTH = 1820,
CHARACTER SET utf8,
COLLATE utf8_general_ci;

--
-- Create view `consulta3c1`
--
CREATE
DEFINER = 'root'@'localhost'
VIEW consulta3c1
AS
SELECT
  `f`.`nombre` AS `nombre`,
  `f`.`direccion` AS `direccion`,
  `f`.`telefono` AS `telefono`
FROM `federacion` `f`;

--
-- Create table `composicion`
--
CREATE TABLE composicion (
  nombre varchar(255) NOT NULL,
  dni varchar(255) NOT NULL,
  cargo varchar(255) DEFAULT NULL,
  fechaInicio date DEFAULT NULL,
  PRIMARY KEY (nombre, dni)
)
ENGINE = INNODB,
AVG_ROW_LENGTH = 3276,
CHARACTER SET utf8,
COLLATE utf8_general_ci;

--
-- Create foreign key
--
ALTER TABLE composicion
ADD CONSTRAINT FK_composicion_dni FOREIGN KEY (dni)
REFERENCES miembro (dni) ON DELETE CASCADE ON UPDATE CASCADE;

--
-- Create foreign key
--
ALTER TABLE composicion
ADD CONSTRAINT FK_composicion_nombre FOREIGN KEY (nombre)
REFERENCES federacion (nombre) ON DELETE CASCADE ON UPDATE CASCADE;

--
-- Create view `consulta5c2`
--
CREATE
DEFINER = 'root'@'localhost'
VIEW consulta5c2
AS
SELECT
  `c`.`nombre` AS `nombre`
FROM `composicion` `c`
WHERE (`c`.`cargo` = 'Disqualified');

--
-- Create view `consulta5c1`
--
CREATE
DEFINER = 'root'@'localhost'
VIEW consulta5c1
AS
SELECT
  `c`.`nombre` AS `nombre`
FROM `composicion` `c`
WHERE (`c`.`cargo` = 'Trial');

--
-- Create view `consulta4c2`
--
CREATE
DEFINER = 'root'@'localhost'
VIEW consulta4c2
AS
SELECT DISTINCT
  `c`.`cargo` AS `cargo`
FROM `composicion` `c`;

--
-- Create view `consulta4c1`
--
CREATE
DEFINER = 'root'@'localhost'
VIEW consulta4c1
AS
SELECT
  `c`.`nombre` AS `nombre`,
  `c`.`cargo` AS `cargo`
FROM `composicion` `c`;

--
-- Create view `consulta3c2`
--
CREATE
DEFINER = 'root'@'localhost'
VIEW consulta3c2
AS
SELECT
  `c`.`nombre` AS `nombre`,
  `c`.`dni` AS `dni`,
  `c`.`cargo` AS `cargo`,
  `c`.`fechaInicio` AS `fechaInicio`
FROM `composicion` `c`
WHERE (`c`.`cargo` = 'Trial');

-- 
-- Dumping data for table miembro
--
INSERT INTO miembro VALUES
('8922001244023012237', 'PETT'),
('8923302321212333148', 'BTT'),
('8923303020210343133', 'FJT'),
('8923303130114332402', 'PONT'),
('8923303321203142220', 'NZST'),
('8926501443000143302', 'DDUT'),
('8926701402440101332', 'GMT'),
('8926703100243422444', 'CCT'),
('8932002100432432415', 'PHOT'),
('8932003424342342021', 'TLT'),
('8933003013421324010', 'KST'),
('8935201012233331102', 'MST'),
('8935201420420112120', 'FET'),
('8935302131201021415', 'FKST'),
('8935302311014100036', 'BIOT'),
('8935303424010131408', 'BIOT'),
('8935401313413141022', 'WET'),
('8935401400222212438', 'EDT'),
('8935702322143403048', 'EGT'),
('8935801022424343333', 'BIT'),
('8935801422334020336', 'AWDT'),
('8935802314120100115', 'MHT'),
('8936002023200123012', 'HMT'),
('8937001343001201340', 'IDT'),
('8937003032304141245', 'AEDT'),
('8937101413212423104', 'GET'),
('8937101421221442231', 'CDT'),
('8937102343112244113', 'FJT'),
('8937201042041212245', 'UYT'),
('8937201244302233442', 'CCT'),
('8937201404401241139', 'UYST'),
('8938501134214130117', 'MET'),
('8938502322441401036', 'FKST'),
('8938503441414410105', 'ACDT'),
('8939001041301330145', 'SAST'),
('8939002130043132227', 'AST'),
('8939002204233242313', 'PST'),
('8939003041214443220', 'CT'),
('8939003434432014217', 'IDT'),
('8942001130131340047', 'PYST'),
('8942002034414110022', 'ADT'),
('8943001112244001238', 'AFT'),
('8943002003104022000', 'PETT'),
('8945001142220030048', 'MART'),
('8945001402041243437', 'MIT'),
('8945001424010102416', 'CLT'),
('8949001423402124303', 'UTC'),
('8949002243420322203', 'EDT'),
('8950102423133444318', 'DDUT'),
('8950103411214002223', 'EEDT'),
('8950203130310123418', 'FKST'),
('8953001403333430435', 'WEST'),
('8953003311322324107', 'CIT'),
('8954002011202321140', 'AKST'),
('8954002021310302331', 'NT'),
('8954002424111223205', 'GET'),
('8955002111114211142', 'AKDT'),
('8955003134221304219', 'MDT'),
('8956002444103403008', 'EST'),
('8957001011341334106', 'IOT'),
('8957002013101121014', 'AFT'),
('8959201121240241314', 'NUT'),
('8959202124230024031', 'ACST'),
('8959202340032022304', 'LHST'),
('8959303202113423013', 'CHAST'),
('8960002224012031447', 'AEDT'),
('8961002331343144003', 'AKST'),
('8962001402004401342', 'CDT'),
('8962001422021230436', 'EGST'),
('8962002223240114418', 'FET'),
('8962002300443320343', 'PETT'),
('8962003214323124224', 'TLT'),
('8981002310103122406', 'AEST'),
('8988001113420410436', 'PETT'),
('8988001232214441112', 'SAMT'),
('8988002041214121036', 'CET'),
('8991001410304143419', 'SST'),
('8996101411140000235', 'COST'),
('8996502203012342123', 'VET'),
('8996502441243440414', 'EST'),
('8997203131311221244', 'PGT'),
('8997301300431310136', 'CLT'),
('8997302024433341441', 'EET'),
('8997302030222412108', 'CVT'),
('8997302143443230000', 'ULAT'),
('8999501114403021332', 'PETT'),
('8999501340122414200', 'FJT'),
('8999502220430220411', 'CHUT'),
('8999502423121323335', 'UZT');

-- 
-- Dumping data for table federacion
--
INSERT INTO federacion VALUES
('Admin', 'EPCCN4521L', '+44 8192 507372'),
('Advertising Director', 'IHDHG6329Y', '+380 06 932-952-4'),
('Application Engineer', 'XASPQ9639B', '+44 7707 86 3636'),
('Assistant', 'PLYPC2567D', '+49 0775 368103'),
('Assistant Manager', 'IHGBU7615C', '+55 45 3829-0462'),
('Assistant Vice President', 'UHMGG3357M', '+380 34 471-424-1'),
('Billing Clerk', 'HFYAA5857G', '+44 1125 879077'),
('Billing Manager', 'UTCKC2643T', '+33 4 86 79 37 55'),
('Board Member', NULL, '+44 517 399 6704'),
('Branch Manager', 'AHYLN4638A', '+1 136-650-2753'),
('Broker', 'GXXTO4825X', '+52 83 1199 4033'),
('Building Manager', 'QJMLZ4748O', '+49 (4093) 695082'),
('Buying Agent', 'ZYICL2949D', '+44 0739 998747'),
('Chief Executive Officer', 'GBCHM7224G', '+44 1038 94 8474'),
('Chief Financial Officer', 'GVJFK4574W', '+44 563 705 2174'),
('Chief Information Officer', 'LIXPD3774J', '+49 5333 202410'),
('Chief Technology Officer', 'HIHJJ1827E', '+44 640 057 3708'),
('Collection Manager', NULL, '+44 048 311 9819'),
('Commercial Director', 'MBCAG2495V', '+380 58 614-636-6'),
('Communication Analyst', 'WPWKQ4138W', '+32 3 492 35 09'),
('Communication Consultant', 'NOPHJ3772V', '+380 54 183-980-5'),
('Communication Engineer', 'PWKJT4554X', '+49 (7740) 749839'),
('Communication Manager', 'SYLPZ4519A', '+52 86 0910 8910'),
('Computer Operator', 'MCSLG8598W', '+32 2 820 67 68'),
('Contract Advisor', 'QBUKH3392X', '+420 847 228 836'),
('Controller', 'HOGJQ7412A', '+420 203 895 994'),
('Design Engineer', 'MKJKM3523D', '+49-4371-217592'),
('Developer', 'PMKGC9653F', '+49-4264-663036'),
('Developer/Programmer', 'GMSTX4925O', '+44 157 748 9072'),
('Development Engineer', 'HTDAI7524P', '+420 279 634 794'),
('Director of Consulting', 'JRNBR2681P', '+33 3 08 55 92 07'),
('Director of Customer Support', 'BKGPU6771L', '+1 287-039-0123'),
('Director of Finance', 'JWATV9648T', '+49 (8517) 565311'),
('Director of Human Resources', 'RZFTU7661F', '+380 79 182-620-6'),
('Director of Marketing', 'LLWBL8835H', '+971 9 583 9702'),
('Director of Sales', 'IBHKV8134K', '+44 4284 204976'),
('Executive Vice President', 'QUXHF1883P', '+33 4 62 96 79 95'),
('Facilities Manager', 'JOBBC8151W', '+49 (5022) 356986'),
('Finance Analyst', 'PBNAW3195D', '+971 1 298 3859'),
('Finance Controller', 'DOSLF5837Z', '+55 32 8550-1436'),
('Finance Manager', 'RIGBV4254E', '+1 606-402-5592'),
('Lead Engineer', 'EAZBM5726F', '+420 329 178 635'),
('Network Administrator', 'NZWAP2313O', '+33 8 32 33 28 87'),
('Network Engineer', 'PWLCD8413A', '+32 2 222 66 23'),
('Operation Manager', 'CRATK2662X', '+420 611 790 304'),
('President', 'SCYKL9585Q', '+49 9183 314688'),
('Procurement Administrator', 'XYRAW5625O', '+44 6692 218495'),
('Procurement Manager', 'QGTLL7283Q', '+49 9832 865192'),
('Product Line Manager', 'PISJE2252K', '+44 7351 746449'),
('Programmer', 'ENJGR3556M', '+49-0650-745283'),
('Project Coordinator', 'NOSLH3751N', '+420 763 679 800'),
('Project Supervisor', 'PVKPB5747S', '+420 359 711 006'),
('Purchasing Agent', 'VCVPP6618R', '+380 36 791-537-0'),
('QA Manager', 'SLALT5775S', '+971 9 155 1410'),
('Regional Director', 'HSKJE3514Q', '+55 98 8425-7087'),
('Regional Vice President', 'KINPU4276M', '+52 03 7480 0158'),
('Reseller Manager', 'FWIAP2988B', '+32 4 790 47 06'),
('Revenue Manager', 'FXSHW7468O', '+44 133 014 7042'),
('Sales Administrator', 'SSFLN6579R', '+32 4 920 05 56'),
('Sales Agent', 'OQBGN9911M', '+32 6 182 01 14'),
('Sales Consultant', 'JJBPT6753N', '+49 (2450) 823711'),
('Secretary', 'PFGKI1545Z', '+33 3 58 49 49 22'),
('Section Manager', 'NKIKM6924C', '+380 26 861-473-5'),
('Security Engineer', 'PPVBD6618B', '+44 221 042 1874'),
('Senior Accountant', 'GIVAT3647C', '+52 14 4150 1698'),
('Senior Analyst', 'WTQCF8187R', '+55 84 5417-9041'),
('Senior Architect', 'VISFZ9163G', '+44 3739 98 7625'),
('Senior Business Consultant', 'CJHFT2476H', '+44 6550 23 4216'),
('Senior Consultant', 'HEMKM1361P', '+380 67 838-546-0'),
('Senior Financial Analyst', 'IRFCJ1698T', '+380 60 902-594-0'),
('Senior Specialist', 'URTBT8455C', '+33 6 66 48 03 40'),
('Service Manager', 'XBFJL3893X', '+1 493-249-4900'),
('Site Manager', 'HPWGQ5872Y', '+44 9515 72 3551'),
('Software Engineer', 'NAYHR3152G', '+49 1559 592782'),
('Solution Engineer', 'UBCJO9248W', '+44 4000 641378'),
('Specialist', 'MJCHM6483W', '+49 (0475) 924826'),
('Technical Architect', 'OGMCS6421O', '+380 03 733-030-2'),
('Technical Assistant', 'KYVFW9714Z', '+420 384 725 540'),
('Technical Director', 'WLZJM5765H', '+32 1 871 42 80'),
('Technical Editor', 'YYGFS4719Q', '+52 29 1117 1474'),
('Technical Engineer', 'IJHPL6291A', '+32 8 486 10 59'),
('Technical Specialist', 'NARFK2718J', '+420 086 349 475'),
('Technology Manager', 'OBCBH2963L', '+380 39 060-430-2'),
('Trainer/Consultant', 'UKBBG1231R', '+49 (2801) 242717'),
('Training Manager', 'UMZPB4457A', '+44 5798 861470'),
('Vice President', 'IDWJN4665U', '+44 3337 244574');

-- 
-- Dumping data for table composicion
--
INSERT INTO composicion VALUES
('Admin', '8999501340122414200', 'Contacted', '1993-01-11'),
('Advertising Director', '8939002130043132227', 'Contacted', '1992-03-03'),
('Application Engineer', '8937201244302233442', 'Converted', '2005-04-27'),
('Assistant', '8999501114403021332', 'Contacted', '1997-12-22'),
('Assistant Vice President', '8962001402004401342', 'Disqualified', '1991-01-05'),
('Billing Clerk', '8932002100432432415', 'Trial', '1996-08-25'),
('Billing Manager', '8961002331343144003', 'Disqualified', '1996-07-27'),
('Branch Manager', '8953003311322324107', 'Converted', '2004-04-04'),
('Broker', '8937101421221442231', 'Converted', '1999-10-09'),
('Building Manager', '8962002300443320343', 'Disqualified', '1999-04-18'),
('Buying Agent', '8926703100243422444', 'Converted', '1996-08-13'),
('Chief Executive Officer', '8962003214323124224', 'Converted', '2001-09-27'),
('Chief Financial Officer', '8937201404401241139', 'Disqualified', '2003-09-06'),
('Chief Information Officer', '8953001403333430435', 'Trial', '1997-06-20'),
('Collection Manager', '8954002424111223205', 'Converted', '1996-03-03'),
('Commercial Director', '8935303424010131408', 'Contacted', '1993-07-31'),
('Communication Analyst', '8999502220430220411', 'Disqualified', '1995-09-22'),
('Communication Consultant', '8937101413212423104', 'Disqualified', '1998-09-04'),
('Communication Engineer', '8935801422334020336', 'Trial', '1991-01-01'),
('Communication Manager', '8935201012233331102', 'Contacted', '1992-03-24'),
('Controller', '8923303130114332402', 'Trial', '1991-01-10'),
('Design Engineer', '8997302143443230000', 'New', '1996-03-20'),
('Developer', '8936002023200123012', 'New', '1998-12-01'),
('Developer/Programmer', '8997301300431310136', 'Converted', '2008-08-16'),
('Development Engineer', '8954002021310302331', 'New', '2002-09-29'),
('Director of Customer Support', '8943002003104022000', 'New', '1991-01-05'),
('Director of Human Resources', '8932003424342342021', 'Deleted', '1995-06-04'),
('Director of Marketing', '8996101411140000235', 'Contacted', '2000-10-20'),
('Executive Vice President', '8996502441243440414', 'Disqualified', '1997-03-27'),
('Facilities Manager', '8945001424010102416', 'Converted', '2007-02-21'),
('Finance Analyst', '8997203131311221244', 'Deleted', '1991-08-22'),
('Finance Controller', '8939003434432014217', 'Deleted', '2000-12-14'),
('Finance Manager', '8954002011202321140', 'New', '1993-07-30'),
('Lead Engineer', '8988002041214121036', 'Contacted', '2006-11-28'),
('Network Administrator', '8999502423121323335', 'Disqualified', '2005-04-07'),
('Network Engineer', '8955002111114211142', 'New', '1997-08-17'),
('Operation Manager', '8942001130131340047', 'Trial', '1991-03-05'),
('President', '8996502203012342123', 'New', '2005-11-27'),
('Procurement Administrator', '8935401313413141022', 'Disqualified', '2003-09-17'),
('Procurement Manager', '8939002204233242313', 'Contacted', '1991-12-30'),
('Programmer', '8935802314120100115', 'Contacted', '1998-10-22'),
('Project Coordinator', '8922001244023012237', 'Disqualified', '1993-07-30'),
('Project Supervisor', '8949002243420322203', 'Deleted', '2003-11-24'),
('Purchasing Agent', '8957002013101121014', 'Contacted', '1997-10-21'),
('QA Manager', '8926701402440101332', 'Contacted', '1994-02-19'),
('Regional Director', '8937201042041212245', 'New', '1994-02-05'),
('Regional Vice President', '8935302131201021415', 'Contacted', '1991-08-26'),
('Revenue Manager', '8923303321203142220', 'Contacted', '1996-10-12'),
('Sales Agent', '8949001423402124303', 'New', '1991-03-24'),
('Sales Consultant', '8962001422021230436', 'Converted', '1991-02-13'),
('Section Manager', '8988001232214441112', 'New', '2005-08-01'),
('Security Engineer', '8938501134214130117', 'New', '2000-02-07'),
('Senior Business Consultant', '8935702322143403048', 'New', '2009-06-02'),
('Senior Financial Analyst', '8937003032304141245', 'Trial', '2000-01-19'),
('Senior Specialist', '8935302311014100036', 'New', '1995-02-25'),
('Service Manager', '8945001402041243437', 'Trial', '1991-11-09'),
('Site Manager', '8935401400222212438', 'Deleted', '1994-05-23'),
('Software Engineer', '8937102343112244113', 'Deleted', '1991-06-21'),
('Solution Engineer', '8950102423133444318', 'Trial', '1997-08-29'),
('Specialist', '8981002310103122406', 'Contacted', '2001-01-31'),
('Technical Assistant', '8950203130310123418', 'New', '1991-03-05'),
('Technical Director', '8991001410304143419', 'Disqualified', '1991-02-01'),
('Technical Editor', '8923303020210343133', 'Contacted', '1997-05-23'),
('Technical Engineer', '8926501443000143302', 'Contacted', '2005-08-10'),
('Technical Specialist', '8942002034414110022', 'Contacted', '2008-07-29'),
('Technology Manager', '8988001113420410436', 'Trial', '2007-07-03'),
('Trainer/Consultant', '8960002224012031447', 'New', '2006-02-16'),
('Training Manager', '8950103411214002223', 'Disqualified', '1993-07-21'),
('Vice President', '8957001011341334106', 'Disqualified', '1991-04-08');

-- 
-- Restore previous SQL mode
-- 
/*!40101 SET SQL_MODE=@OLD_SQL_MODE */;

-- 
-- Enable foreign keys
-- 
/*!40014 SET FOREIGN_KEY_CHECKS = @OLD_FOREIGN_KEY_CHECKS */;