﻿--
-- Script was generated by Devart dbForge Studio for MySQL, Version 8.0.40.0
-- Product home page: http://www.devart.com/dbforge/mysql/studio
-- Script date 24/01/2019 16:31:30
-- Server version: 5.5.5-10.1.30-MariaDB
-- Client version: 4.1
--

-- 
-- Disable foreign keys
-- 
/*!40014 SET @OLD_FOREIGN_KEY_CHECKS=@@FOREIGN_KEY_CHECKS, FOREIGN_KEY_CHECKS=0 */;

-- 
-- Set SQL mode
-- 
/*!40101 SET @OLD_SQL_MODE=@@SQL_MODE, SQL_MODE='NO_AUTO_VALUE_ON_ZERO' */;

-- 
-- Set character set the client will use to send SQL statements to the server
--
SET NAMES 'utf8';

--
-- Set default database
--
USE hospital;

--
-- Drop table `diagnostica`
--
DROP TABLE IF EXISTS diagnostica;

--
-- Drop table `diagnostico`
--
DROP TABLE IF EXISTS diagnostico;

--
-- Drop table `visita`
--
DROP TABLE IF EXISTS visita;

--
-- Drop table `medico`
--
DROP TABLE IF EXISTS medico;

--
-- Drop table `existe`
--
DROP TABLE IF EXISTS existe;

--
-- Drop table `planta`
--
DROP TABLE IF EXISTS planta;

--
-- Drop table `cama`
--
DROP TABLE IF EXISTS cama;

--
-- Drop table `tarjetavisita`
--
DROP TABLE IF EXISTS tarjetavisita;

--
-- Drop table `paciente`
--
DROP TABLE IF EXISTS paciente;

--
-- Set default database
--
USE hospital;

--
-- Create table `paciente`
--
CREATE TABLE paciente (
  NºSS varchar(15) NOT NULL,
  DNI varchar(9) DEFAULT NULL,
  nombre varchar(20) DEFAULT NULL,
  fecha_nacimiento date DEFAULT NULL,
  PRIMARY KEY (NºSS)
)
ENGINE = INNODB,
AVG_ROW_LENGTH = 163,
CHARACTER SET latin1,
COLLATE latin1_swedish_ci;

--
-- Create index `DNI` on table `paciente`
--
ALTER TABLE paciente
ADD UNIQUE INDEX DNI (DNI);

--
-- Create table `tarjetavisita`
--
CREATE TABLE tarjetavisita (
  nºtarjeta varchar(10) NOT NULL,
  horacomienzo time DEFAULT NULL,
  horafinal time DEFAULT NULL,
  NºSS varchar(15) DEFAULT NULL,
  PRIMARY KEY (nºtarjeta)
)
ENGINE = INNODB,
AVG_ROW_LENGTH = 163,
CHARACTER SET latin1,
COLLATE latin1_swedish_ci;

--
-- Create foreign key
--
ALTER TABLE tarjetavisita
ADD CONSTRAINT FK_pacientetarjetavisita FOREIGN KEY (NºSS)
REFERENCES paciente (NºSS) ON DELETE CASCADE ON UPDATE CASCADE;

--
-- Create table `cama`
--
CREATE TABLE cama (
  nºcama int(11) NOT NULL,
  NºSS varchar(15) NOT NULL,
  fecha date DEFAULT NULL,
  PRIMARY KEY (nºcama, NºSS)
)
ENGINE = INNODB,
AVG_ROW_LENGTH = 163,
CHARACTER SET latin1,
COLLATE latin1_swedish_ci;

--
-- Create index `UK_cama` on table `cama`
--
ALTER TABLE cama
ADD UNIQUE INDEX UK_cama (nºcama);

--
-- Create index `UK_paciente` on table `cama`
--
ALTER TABLE cama
ADD UNIQUE INDEX UK_paciente (NºSS);

--
-- Create foreign key
--
ALTER TABLE cama
ADD CONSTRAINT FK_paciente_cama FOREIGN KEY (NºSS)
REFERENCES paciente (NºSS) ON DELETE CASCADE ON UPDATE CASCADE;

--
-- Create table `planta`
--
CREATE TABLE planta (
  nombre varchar(15) NOT NULL,
  nºplanta int(11) DEFAULT NULL,
  nºcamas int(11) DEFAULT NULL,
  PRIMARY KEY (nombre)
)
ENGINE = INNODB,
AVG_ROW_LENGTH = 163,
CHARACTER SET latin1,
COLLATE latin1_swedish_ci;

--
-- Create table `existe`
--
CREATE TABLE existe (
  nombre varchar(15) NOT NULL,
  nºcama int(11) NOT NULL,
  NºSS varchar(15) NOT NULL,
  PRIMARY KEY (nombre, nºcama, NºSS)
)
ENGINE = INNODB,
AVG_ROW_LENGTH = 163,
CHARACTER SET latin1,
COLLATE latin1_swedish_ci;

--
-- Create index `UK_cama` on table `existe`
--
ALTER TABLE existe
ADD UNIQUE INDEX UK_cama (nºcama, NºSS);

--
-- Create index `UK_nombre_planta` on table `existe`
--
ALTER TABLE existe
ADD UNIQUE INDEX UK_nombre_planta (nombre);

--
-- Create foreign key
--
ALTER TABLE existe
ADD CONSTRAINT FK_existe_cama FOREIGN KEY (nºcama, NºSS)
REFERENCES cama (nºcama, NºSS) ON DELETE CASCADE ON UPDATE CASCADE;

--
-- Create foreign key
--
ALTER TABLE existe
ADD CONSTRAINT FK_existe_planta FOREIGN KEY (nombre)
REFERENCES planta (nombre) ON DELETE CASCADE ON UPDATE CASCADE;

--
-- Create table `medico`
--
CREATE TABLE medico (
  codmedico varchar(10) NOT NULL,
  nombre varchar(20) DEFAULT NULL,
  apellidos varchar(30) DEFAULT NULL,
  PRIMARY KEY (codmedico)
)
ENGINE = INNODB,
AVG_ROW_LENGTH = 163,
CHARACTER SET latin1,
COLLATE latin1_swedish_ci;

--
-- Create table `visita`
--
CREATE TABLE visita (
  fecha date DEFAULT NULL,
  hora time DEFAULT NULL,
  NºSS varchar(15) NOT NULL,
  codmedico varchar(10) NOT NULL,
  PRIMARY KEY (NºSS, codmedico)
)
ENGINE = INNODB,
AVG_ROW_LENGTH = 163,
CHARACTER SET latin1,
COLLATE latin1_swedish_ci;

--
-- Create foreign key
--
ALTER TABLE visita
ADD CONSTRAINT FK_visita_medico FOREIGN KEY (codmedico)
REFERENCES medico (codmedico) ON DELETE CASCADE ON UPDATE CASCADE;

--
-- Create foreign key
--
ALTER TABLE visita
ADD CONSTRAINT FK_visita_paciente FOREIGN KEY (NºSS)
REFERENCES paciente (NºSS) ON DELETE CASCADE ON UPDATE CASCADE;

--
-- Create table `diagnostico`
--
CREATE TABLE diagnostico (
  coddiagnostico varchar(10) NOT NULL,
  descripción varchar(50) DEFAULT NULL,
  PRIMARY KEY (coddiagnostico)
)
ENGINE = INNODB,
AVG_ROW_LENGTH = 163,
CHARACTER SET latin1,
COLLATE latin1_swedish_ci;

--
-- Create table `diagnostica`
--
CREATE TABLE diagnostica (
  codmedico varchar(10) NOT NULL,
  coddiagnostico varchar(10) NOT NULL,
  PRIMARY KEY (codmedico, coddiagnostico)
)
ENGINE = INNODB,
AVG_ROW_LENGTH = 163,
CHARACTER SET latin1,
COLLATE latin1_swedish_ci;

--
-- Create foreign key
--
ALTER TABLE diagnostica
ADD CONSTRAINT FK_diagnostica_diagnostico FOREIGN KEY (coddiagnostico)
REFERENCES diagnostico (coddiagnostico) ON DELETE CASCADE ON UPDATE CASCADE;

--
-- Create foreign key
--
ALTER TABLE diagnostica
ADD CONSTRAINT FK_diagnostica_medico FOREIGN KEY (codmedico)
REFERENCES medico (codmedico) ON DELETE CASCADE ON UPDATE CASCADE;

-- 
-- Dumping data for table paciente
--
INSERT INTO paciente VALUES
('0312757166275', '6656-7661', 'Criszilla Gebbels', '1983-04-08'),
('0312757166282', '6656-767X', 'Junika Lehmann', NULL),
('0312757166299', '8161-909X', 'Adina  Siegel', NULL),
('0312757166305', '1209-3939', 'Bennit Auerbach', '1984-09-13'),
('0312757166312', '8161-912X', 'Erentrudis Kalb', '1971-12-12'),
('0312757166329', '8161-9154', 'Abeline  eutern', NULL),
('0312757166336', '0209-4088', 'Sonnik von Feierbach', NULL),
('0312757166343', '6656-7734', 'Markolf Feldkamp', '1986-09-25'),
('0312757166350', '2086-1788', 'Landulf Kauer', '1997-07-22'),
('0312757166367', '3086-1683', NULL, '1970-02-23'),
('1311646055170', '5319-7968', 'Akelei  Höfermann', '1971-04-03'),
('1311646055187', '7656-7575', 'Balduin  olken', '1970-03-04'),
('1311646055194', '9161-8967', 'Maximiliane Loos', '1970-01-11'),
('1311646055200', '6656-770X', 'Ayanta Trübner', '1983-11-16'),
('1311646055217', '1209-3955', 'Dianara Maler', '1992-06-17'),
('1311646055224', NULL, 'Marlina Bürger', '1996-03-11'),
('1311646055231', '1209-3998', NULL, '1970-01-02'),
('1311646055248', '8161-9162', 'Ruprecht Stuchenberg', '1999-07-23'),
('1311646055255', '9161-9041', 'Heddy chuhmacher', '2000-06-28'),
('2667584070508', '7656-7583', 'Zaphira Buchmeyer', '1980-07-16'),
('2667584070515', '4319-8082', 'Annelore Feigl', '1989-05-27'),
('2667584070522', '9161-8983', NULL, '1988-09-03'),
('2667584070539', '8161-9138', 'Bendix ppert', '1979-12-18'),
('2667584070546', '8161-9146', 'Chamandra ascher', '1970-01-05'),
('2667584070553', '3086-1667', 'Adelisa  Hornberger', '1970-03-16'),
('2667584070560', '2086-177X', 'Emerich Fellendorf', '1977-10-02'),
('2667584070577', '4319-8112', 'Emko Stammer', '1993-09-01'),
('2667584070584', '5319-8018', 'Cordia Krebs', '1994-03-11'),
('2667584070591', '1209-4013', 'Gonzales Feldkamp', '2000-02-03'),
('3666472959399', '6656-7688', 'Friederika Felder', '1979-06-30'),
('3666472959405', '5319-7976', NULL, '1985-09-30'),
('3666472959412', '0209-4053', NULL, '1989-08-03'),
('3666472959429', '0209-4061', NULL, '1995-11-04'),
('3666472959436', '9161-9009', 'Vajessa einrhard', '1990-05-17'),
('3666472959443', '4319-8090', 'Walpurga chulmann', '1970-02-26'),
('3666472959450', '0209-4096', 'Anndea Zimmermann', '1978-08-03'),
('3666472959467', '5319-800X', 'Matz Drews', '1971-06-28'),
('3666472959474', '8161-9189', 'Notger Melzer', '1984-01-17'),
('3666472959481', '9161-9068', 'Jennis Zeiss', '1970-03-13'),
('3666472959498', '0209-4126', 'Abby  Abicht', '1970-01-05'),
('4896568565138', '6656-7653', 'Odilo Tausch', '1970-01-01'),
('4896568565145', '9161-8959', 'Anneliese Strasser', '1974-06-12'),
('4896568565152', '3086-1624', NULL, '1970-01-09'),
('4896568565169', '0209-4037', 'Heico aspe', '1986-04-21'),
('4896568565176', '8161-9111', 'Maxi orgen', '1973-03-22'),
('4896568565183', '1209-3963', 'Hellwig Abert', '1988-04-18'),
('4896568565190', '9161-9017', 'Merwin Burkhard', NULL),
('4896568565206', '7656-763X', 'Lovis Eichenwald', '1984-09-29'),
('4896568565213', '3086-1675', 'Tylas Brandt', '1994-01-07'),
('4896568565220', '8161-9170', 'Heidelore chneiderma', '1986-05-01'),
('4896568565237', '5319-8034', 'Dayala Zeisel', '1970-01-01'),
('4896568565244', '1209-4021', 'Senta ichler', '1992-10-14'),
('5895457454033', '0209-4029', 'Annelott ünch', '1987-04-27'),
('5895457454040', '1209-3920', 'Smart Hornschuh', '1981-01-18'),
('5895457454057', '4319-8074', 'Crescentia chultz', '1996-03-15'),
('5895457454064', '8161-9103', 'Birkenfeld Abel', '1970-02-12'),
('5895457454071', '3086-1659', 'Jutta Dautzenberg', '1971-12-21'),
('5895457454088', '0209-407X', 'Adlin  Bonke', '1970-01-02'),
('5895457454095', '1209-3971', 'Zedena Kleiber', '1988-12-13'),
('5895457454101', '0209-410X', 'Holmer Gelen', '1990-08-03'),
('5895457454118', '7656-7648', 'Brünhild Sprenger', '1977-07-15'),
('5895457454125', '4319-8120', 'Garwin Hofer', '1970-07-20'),
('5895457454132', '9161-9076', 'Ezechiel Heine', '1997-01-22'),
('6449294650913', '2086-1737', 'Viktoria Gerlach', NULL),
('6449294650920', '2086-1745', 'Kathrina Brunner', '1996-06-18'),
('6449294650937', '1209-3947', 'Julinka Klee', '1986-07-09'),
('6449294650944', '9161-8991', 'Etta Klein', NULL),
('6449294650951', '7656-7613', 'Florens chulze', '1981-10-15'),
('6449294650968', '5319-7992', 'Iustina Zabel', '1996-10-23'),
('6449294650975', '4319-8104', 'Romedius Melzer', '1971-09-01'),
('6449294650982', '0209-4118', NULL, '1997-10-11'),
('6449294650999', '8161-9200', 'MoVito Kloz', '1970-01-06'),
('6449294651002', '8161-9219', NULL, '1985-10-10'),
('7448183539802', '7656-7567', 'Augis elke', '1970-01-06'),
('7448183539819', '3086-1632', 'Izusa Kallenberg', '1991-02-10'),
('7448183539826', '3086-1640', 'Hatto Dils', '1976-05-15'),
('7448183539833', '9161-8975', 'Reesa Tischler', '1998-01-03'),
('7448183539840', '5319-7984', 'Raiko Liebknecht', '1970-01-09'),
('7448183539857', '9161-9025', 'Balduin  stermann', '1974-10-28'),
('7448183539864', '6656-7742', 'Achime  Bruner', '1974-08-24'),
('7448183539871', '8161-9197', 'Felin Geller', '2000-10-05'),
('7448183539888', '6656-7750', 'Bringfried Ziebel', '1999-07-24'),
('7448183539895', '6656-7769', 'Markwart Abel', '1999-10-26'),
('8294496847368', '7656-7559', 'Dittmar üller', '1997-06-25'),
('8294496847375', '7656-7591', 'Lenina Falkenstein', '1970-07-04'),
('8294496847382', '2086-1753', 'Helmar Vogt', '1991-10-14'),
('8294496847399', '2086-1761', 'Marlies Sommer', '1988-01-11'),
('8294496847405', '1209-398X', 'Dianara Fährmann', '1973-11-15'),
('8294496847412', '7656-7621', 'Laminia bermaier', '1975-12-02'),
('8294496847429', '9161-905X', NULL, '1994-12-03'),
('8294496847436', '5319-8026', 'Alvina Heinz', '1970-08-28'),
('8294496847443', '7656-7656', 'Ablona  Dorn', '1993-06-06'),
('9293385736232', '6656-7696', 'Liebwin Högl', NULL),
('9293385736249', '0209-4045', 'Gerarda König', NULL),
('9293385736256', '7656-7605', 'Svenson Zimmermann', '1995-02-01'),
('9293385736263', '6656-7718', 'Helwart Delbrück', NULL),
('9293385736270', '6656-7726', 'Benno Hoffmann', '1985-03-14'),
('9293385736287', '9161-9033', 'Ellowhin Bachmann', '1988-06-01'),
('9293385736294', '1209-4005', 'Ottokar otmann', '1978-07-15'),
('9293385736300', '4319-8139', 'Castigo Angst', '1971-08-11');

-- 
-- Dumping data for table planta
--
INSERT INTO planta VALUES
('0', 0, 32),
('0DF3Z', 4, 111),
('1', 6, 50),
('1J', 2, 104),
('1V1K2165', 10, 206),
('2', 8, 240),
('25', 7, 248),
('2ASCE30K', 2, 20),
('2P', 3, 90),
('3', 1, 127),
('30', 0, 68),
('30249', 6, 30),
('3L1', 10, 162),
('4', 7, 144),
('40Q', 9, 198),
('41', 4, 63),
('44M5E', 2, 71),
('4PY04', 0, 170),
('54', 10, 134),
('543FRBK2', 4, 214),
('6', 5, 40),
('604', 2, 85),
('66', 9, 155),
('69', 9, 189),
('6B78', NULL, 197),
('6OX', NULL, 139),
('7', NULL, 196),
('7014', 9, 249),
('73T57X21', 8, 52),
('74869GJ', 5, 33),
('7C1', 3, 171),
('7H', 9, 40),
('7M4U9Q', 0, 146),
('7VQIHPX', 10, 149),
('7YX9', 3, 60),
('803', 2, 81),
('8A', 4, 24),
('8BI0Q', 4, 14),
('8EM6', NULL, 128),
('8FI', 1, 41),
('8K5L9F', 8, 130),
('8P', 7, 21),
('9', 9, 187),
('98', 6, 192),
('9C82', 5, 164),
('9H3', 1, 229),
('9OKH7C', 2, 86),
('AES7', 1, 163),
('B', 1, 45),
('D9', 9, 234),
('DW4', 7, 190),
('E', 1, 123),
('EZQ5', NULL, 208),
('F', 2, 217),
('G', 0, 107),
('G3ZP9CRN9O58C4', 5, 246),
('G51URHPSE', 0, 241),
('GB', 6, 25),
('H5', 3, 210),
('H6NB6A47A0', 3, 130),
('HJZZ84', 9, 193),
('HM', 9, 25),
('HX', 1, 148),
('I4', NULL, 44),
('IBN4L', 2, 26),
('J', 2, 17),
('J0NF', 2, 21),
('KZ', 10, 155),
('L', 2, 60),
('L6', 7, 138),
('LG', 2, 204),
('M', 7, 164),
('M1', 6, 31),
('M6A6P46TP', 8, 26),
('MF', 9, 152),
('N3Y4', 4, 143),
('NLNOR', 8, 87),
('NYS', 3, 45),
('P', 5, 238),
('Q1QJ', 0, 163),
('Q81', 6, 17),
('R', 2, 182),
('R74OCCMG11', 2, 141),
('RC0D54', 6, 56),
('S', 10, 238),
('SS6', NULL, 80),
('SW5', 3, 143),
('TJ40L0JJW', NULL, 15),
('TSU2TQ', 4, 28),
('U1K51AC6YSD4C', 2, 31),
('U6VVHF9', NULL, 71),
('VCVS1F3', 0, 216),
('WD', 5, 67),
('WP9', NULL, 147),
('X', 4, 10),
('X2', 1, 33),
('X8HC', 7, 227),
('XI81', 7, 211),
('XN', 4, 158),
('Y', 0, 162);

-- 
-- Dumping data for table cama
--
INSERT INTO cama VALUES
(49912747, '7448183539826', '2002-05-16'),
(49912748, '3666472959412', '1974-02-09'),
(49912749, '5895457454095', '1989-02-22'),
(49912750, '6449294650968', '2008-08-03'),
(49912751, '1311646055255', '1970-03-05'),
(49912752, '3666472959481', '1993-11-28'),
(49912753, '8294496847443', '1998-12-08'),
(264661112, '0312757166305', '2002-02-22'),
(264661113, '8294496847382', '2004-07-30'),
(264661114, '3666472959429', '1993-06-01'),
(264661115, '6449294650951', '2003-11-10'),
(264661116, '4896568565220', NULL),
(264661117, '8294496847429', '2012-03-23'),
(264661118, '6449294650982', '1972-07-30'),
(264661119, '4896568565244', '1970-04-09'),
(476820184, '5895457454057', '1981-01-24'),
(476820185, '4896568565169', '2004-02-05'),
(476820186, '4896568565176', '2009-04-01'),
(476820187, '8294496847399', '1989-12-23'),
(476820188, '3666472959443', NULL),
(476820189, '2667584070553', '1971-09-17'),
(476820190, '4896568565206', '1984-11-24'),
(476820191, '9293385736294', '1994-09-09'),
(476820192, '8294496847436', '1996-07-14'),
(476820193, '4896568565237', '1971-06-07'),
(691568550, '1311646055187', '1976-12-02'),
(691568551, '0312757166299', '2016-12-08'),
(691568552, '5895457454088', '1986-03-28'),
(691568553, '2667584070546', '2001-06-14'),
(691568554, '0312757166336', '1981-07-19'),
(691568555, '0312757166343', '1970-01-04'),
(691568556, '3666472959474', '1992-09-23'),
(691568557, '7448183539871', '1970-01-10'),
(691568558, '6449294650999', '1996-11-28'),
(894765680, '5895457454033', '2001-12-25'),
(894765681, '1311646055170', '1994-06-16'),
(894765682, '0312757166282', NULL),
(894765683, '7448183539819', '1982-12-14'),
(894765684, '3666472959405', '1995-02-04'),
(894765685, '8294496847375', '1992-03-21'),
(894765686, '6449294650944', '1970-02-14'),
(894765687, '2667584070539', '1976-11-15'),
(894765688, '7448183539840', '1971-08-11'),
(894765689, '7448183539857', '2012-12-16'),
(894765690, '7448183539864', '2014-03-11'),
(894765691, '6449294650975', '1990-09-11'),
(894765692, '7448183539895', NULL),
(1109514045, '8294496847368', '1970-01-09'),
(1109514046, '0312757166275', '1970-10-02'),
(1109514047, '4896568565152', '2001-08-28'),
(1109514048, '6449294650913', '1971-04-07'),
(1109514049, '2667584070508', '1998-04-21'),
(1109514050, '9293385736232', NULL),
(1109514051, '7448183539833', '1998-06-12'),
(1109514052, '1311646055217', NULL),
(1109514053, '3666472959436', '1983-08-06'),
(1109514054, '0312757166329', '2015-01-26'),
(1109514055, '3666472959450', NULL),
(1109514056, '9293385736287', '1979-05-01'),
(1109514057, '2667584070584', '2000-05-26'),
(1495943889, '1311646055194', '1999-03-07'),
(1495943890, '0312757166312', '1974-03-08'),
(1495943891, '4896568565190', '2008-03-21'),
(1495943892, '1311646055248', '1986-04-16'),
(1495943893, '4896568565213', '1994-04-02'),
(1495943894, '5895457454125', '2008-04-17'),
(1495943895, '0312757166367', '1970-07-17'),
(1495943896, '3666472959498', '1987-09-07'),
(1710692254, '5895457454040', '1971-07-17'),
(1710692255, '1311646055200', '1993-04-07'),
(1710692256, '9293385736256', '1999-06-15'),
(1710692257, '1311646055231', '1970-01-01'),
(1710692258, '2667584070560', '1979-01-10'),
(1710692259, '5895457454118', '2016-12-25'),
(1710692260, '7448183539888', '1970-01-04'),
(1710692261, '9293385736300', '1970-10-12'),
(1710692262, '5895457454132', '1971-01-26'),
(1925562544, '4896568565145', '2003-11-01'),
(1925562545, '3666472959399', NULL),
(1925562546, '5895457454064', NULL),
(1925562547, '9293385736249', '2003-08-18'),
(1925562548, '2667584070522', '1970-03-01'),
(1925562549, '4896568565183', '2018-12-30'),
(1925562550, '1311646055224', '1984-04-26'),
(1925562551, '9293385736270', '2017-09-20'),
(1925562552, '5895457454101', NULL),
(1925562553, '3666472959467', '2018-12-02'),
(1925562554, '2667584070591', '1994-03-24'),
(2140310906, '7448183539802', '1970-05-21'),
(2140310907, '6449294650920', '1996-09-13'),
(2140310908, '2667584070515', '1972-02-04'),
(2140310909, '6449294650937', '1977-09-22'),
(2140310910, '5895457454071', '2005-12-03'),
(2140310911, '9293385736263', '2015-03-12'),
(2140310912, '8294496847405', '1994-08-22'),
(2140310913, '8294496847412', '1970-03-06'),
(2140310914, '0312757166350', '2002-11-11'),
(2140310915, '2667584070577', '1982-05-16'),
(2140310916, '6449294651002', '1981-06-14'),
(2147483647, '4896568565138', '1970-01-24');

-- 
-- Dumping data for table medico
--
INSERT INTO medico VALUES
('B000DXUV58', 'Mombert', 'Buchner'),
('B000GUX71X', 'Bathseba', 'bermaier'),
('B000XHON18', 'Abeline ', 'chiller'),
('B00149MDC5', 'Swenja', 'Kraus'),
('B001794RXD', 'Symen', 'Heinemann'),
('B00185CDBZ', 'Warin', 'Maler'),
('B00194F7GO', NULL, 'Fleischmann'),
('B001D2V5TZ', 'Wienand', 'ander'),
('B001FI463I', 'Adelisa ', 'Fischnaller'),
('B001H0M87K', 'Kaye', 'Zurbriggen'),
('B002546P38', 'Meridian', 'Krause'),
('B00272MKZL', 'Adina ', 'Heitsch'),
('B002C505TN', 'Chlodomer', 'Makensen'),
('B002OIU0ZX', 'Widorna', 'Tetzner'),
('B00304YF33', 'Annalena', 'Buchloh'),
('B0032HBKEC', 'Heidelore', 'Hermann'),
('B0033YG50R', NULL, 'Kraft'),
('B0035DU158', 'Nussi', 'Franz'),
('B00419UDCI', NULL, 'chs'),
('B0041A9GD9', 'Volbrecht', 'Zuckermann'),
('B0044QF42S', 'Boasa', 'ailer'),
('B00468W685', 'Radolf', 'chechtel'),
('B0047W5XN0', 'Yanthe', 'Heinz'),
('B004878C72', 'Adelinde ', 'Franke'),
('B0052FGV45', 'Menne', 'chirrmann'),
('B005DRUIZN', 'Abbeygail ', 'Hess'),
('B005FV40Y5', 'Oke', 'Frenzel'),
('B0067Z540S', 'Crishan', 'Mann'),
('B006A53OI5', 'Balte ', 'Abert'),
('B006AX65K3', 'Altburg', 'Bruner'),
('B006JC329H', 'Sonnele', 'öller'),
('B006PMSKA8', 'Chamandra', 'Adler'),
('B0077HP3BD', 'Clarinde', 'Tissen'),
('B007CO28XP', 'Junes', 'Altmann'),
('B007GHOEQB', 'Alwara', 'Tausch'),
('B007GTM6J8', 'Papoula', 'Fries'),
('B007JZ26MF', 'Juvia', 'Kaltenbrunner'),
('B007NWQL1O', 'Juven', 'Fischer'),
('B0080052CP', 'Lukas', 'Buhmann'),
('B0086041O1', 'Friedemann', 'Brockhaus'),
('B008L6V629', NULL, 'Angst'),
('B008SAK085', 'Corona', 'Heine'),
('B0090SAH92', 'Yente', 'bermann'),
('B0096Q291V', NULL, 'Abel'),
('B00978AJT5', 'Balduin ', 'chacht'),
('B009J31A05', 'Walo', 'Mager'),
('B009W4930I', 'Bernfried', 'berländer'),
('B009XUE49F', 'Amona', 'Heinzmann'),
('B00A101QF3', 'Claus', 'Kalm'),
('B00ANC606N', 'Jolissa', 'Thaler'),
('B00AWS3824', 'Juven', 'Brenner'),
('B00B3Z6OY2', 'Wolfmar', 'chelling'),
('B00BL4Q5RJ', 'Ottomar', 'Büchner'),
('B00BM9IV90', 'Izanuela', 'Tausig'),
('B00BN173UN', 'Balduin ', 'Kramer'),
('B00C0HNOU8', 'Tius', 'Finkelstein'),
('B00CFZ08G8', 'Felicianus', 'Kallisen'),
('B00CV15W66', 'Alvina', 'Köstlin'),
('B00DHLZA89', NULL, 'Buchmeyer'),
('B00F0BZ118', 'Kornelis', 'Fürstenberg'),
('B00F987V8R', 'Oktavian', 'Herzog'),
('B00FI2872B', 'Adelinde ', 'Tischbein'),
('B00FJTBD6E', 'Abby ', 'Thalberg'),
('B00G2C90F9', 'Volker', 'Forster'),
('B00G2GJ7Q1', 'Varina', 'chall'),
('B00GB1I2T9', 'Zaphira', 'Albrecht'),
('B00I11P31T', 'Annalisa', 'bermeyer'),
('B00IC5B8MK', 'Belinde', 'Hesse'),
('B00IUUHPE0', 'Balian ', 'chmitz'),
('B00IYDPZ1T', 'Deina', 'Fuchs'),
('B00J32C2SJ', 'Herwald', 'Frisch'),
('B00K784OBM', 'Kraft', 'Kopp'),
('B00K9HC7E9', 'Barthel ', 'Tischler'),
('B00LU8SY84', 'Alejna ', 'Abicht'),
('B00M71H098', 'Gonzales', 'chiefer'),
('B00PQ404J4', 'Emernik', 'alemann'),
('B00PR5O947', 'Winrich', 'chefer'),
('B00PV69EJJ', 'Ute', 'ppert'),
('B00Q0S2D6M', 'Priska', 'Fleischer'),
('B00QGYUCXT', 'Yonina', 'Henkel'),
('B00RW5ZBFW', NULL, 'chmidt'),
('B00RY89PW2', 'Élayne', 'Brunner'),
('B00S6VWW98', 'Annalene', 'Kallenberg'),
('B00S96N116', 'Winrich', 'Krenz'),
('B00SQ6C8T3', 'Brunhild', 'Abich'),
('B00U65B681', 'Rieka', 'Heuer'),
('B00UE26H9V', 'Adine ', 'olken'),
('B00UIDGM7D', 'Endris', 'Krebs'),
('B00V41EEV4', NULL, 'artorius'),
('B00VBCAWRA', 'Aurion ', 'chlechter'),
('B00VE49H4X', NULL, 'Bülow'),
('B00VX895T6', 'Jehoschafat', 'Timroth'),
('B00W06VTLB', 'Erkenbald', 'Taschenberg'),
('B00W396TJL', 'Yann', 'Zöller'),
('B00WP0MP32', 'Thomia', 'Heldman'),
('B00WTCXFZ4', NULL, 'cheffer'),
('B00XFTF001', 'Gunfried', 'Zinger'),
('B00Y72IZ9T', 'Bartel ', 'Anger'),
('B00Z8258JE', 'Sivana', 'Buchholz'),
('B00ZY81502', 'Ailine ', 'Freund');

-- 
-- Dumping data for table diagnostico
--
INSERT INTO diagnostico VALUES
('A158', 'Insertion of Monitor Dev into L Ventricle'),
('C002', 'Destruction of Greater Omentum'),
('C4A59', 'Drainage of Cereb Hemis with Drain Dev'),
('C543', 'Alteration of Bilateral Breast with Autol Sub'),
('E08351', 'Repair Conduction Mechanism'),
('E568', 'Insert of Infusion Dev into Pelvic Cav'),
('E71542', 'Bypass Cecum to Descending Colon'),
('F15121', 'Division of Pancreas'),
('G43509', 'Bypass 3 Cor Art from Cor Art'),
('G5751', 'Insert Intspin Prcs Stabl Dev in C-thor Jt'),
('G587', 'Bypass Cereb Vent to Periton Cav w Synth Sub'),
('H05352', 'Bypass Left Hepatic Duct to Duodenum'),
('H16339', 'Alteration of Left Breast'),
('H35071', 'Bypass R Axilla Art to L Extracran Art w Synth Sub'),
('H7132', 'Abortion of Products of Conception'),
('I270', 'Alteration of Left Breast'),
('I5022', 'Bypass Com Bile Duct to Duoden w Intralum Dev'),
('I82419', 'Replacement of Bi Breast with Nonaut Sub'),
('J0100', 'Bypass L Subclav Art to R Extracran Art w Synth Su'),
('L7612', 'Bypass Ileum to Rectum with Synth Sub'),
('L89520', 'Bypass Cereb Vent to Mastoid Sinus w Synth Sub'),
('M2190', 'Destruction of Thoracic Vertebral Disc'),
('M61319', 'Bypass 4+ Cor Art from Cor Art with Synth Sub'),
('M8450XK', 'Abortion of Products of Conception'),
('M93262', 'Alteration of Left Breast with Autol Sub'),
('M963', 'Bypass R Axilla Art to Up Arm Vein w Nonaut Sub'),
('N072', 'Bypass Innom Art to R Extracran Art w Nonaut Sub'),
('N61', 'Bypass 2 Cor Art from R Int Mammary w Nonaut Sub'),
('O3623X4', 'Alteration of Right Breast'),
('P7889', 'Abortion of Products of Conception'),
('Q704', 'Bypass L Subclav Art to Up Arm Vein w Synth Sub'),
('Q803', 'Replacement of Greater Omentum with Synth Sub'),
('R832', 'Bypass L Brach Art to Up Arm Vein w Autol Vn'),
('S0001XS', 'Division of Hypoglossal Nerve'),
('S02119A', 'Bypass L Face Vein to Up Vein w Nonaut Sub'),
('S15202A', 'Destruction of Intracranial Vein'),
('S21351A', 'Bypass Cereb Vent to Nasophar with Nonaut Sub'),
('S2520XS', 'Excision of Gallbladder'),
('S25491D', 'Alteration of Bilateral Breast'),
('S32049B', 'Extirpation of Matter from Left Hepatic Duct'),
('S36502S', 'Excision of Sacrum'),
('S37059S', 'Bypass L Fem Art to B Femor A with Autol Art'),
('S3982XS', 'Resection of Right Upper Lung Lobe'),
('S41041A', 'Insert of Cardiac Lead into R Ventricle'),
('S42433S', 'Replace of Atrial Sept with Zooplastic'),
('S42465A', 'Excision of Right Main Bronchus'),
('S49142A', 'Bypass Innom Art to Bi Up Arm Art w Nonaut Sub'),
('S52242A', 'Extirpation of Matter from Right Kidney'),
('S52291B', 'Reposition Right Lung'),
('S52391P', 'Excision of Cerebral Hemisphere'),
('S52392E', 'Bypass Pancreatic Duct to Sm Int'),
('S53126A', 'Excision of Right Frontal Bone'),
('S56329D', 'Resection of Left Inferior Parathyroid Gland'),
('S61300D', 'Bypass Right Hepatic Duct to Small Intestine'),
('S62101B', 'Bypass L Ventricle to R Pulm Art w Autol Vn'),
('S62133A', 'Alteration of Left Breast'),
('S63272D', 'Revision of Drainage Device in Pancreat Duct'),
('S70929D', 'Removal of Infusion Device from Abd Wall'),
('S72026A', 'Drainage of Mediastinum'),
('S72341N', 'Bypass 3 Cor Art from Cor Art w Autol Art'),
('S72456P', 'Bypass L Cephalic Vein to Up Vein w Autol Sub'),
('S72461H', 'Removal of Extraluminal Device from Heart'),
('S728X2K', 'Insertion of Monitor Dev into Pancreas'),
('S76902S', 'Supplement Pulm Valve with Autol Sub'),
('S82009A', 'Drainage of Right Pleura with Drain Dev'),
('S82391B', 'Fragmentation in Left Pleural Cavity'),
('S8251XF', 'Bypass Ascending Colon to Descending Colon'),
('S83112D', 'Bypass R Radial Art to Low Arm Vein w Autol Art'),
('S92234P', 'Bypass L Fem Art to B Femor A w Nonaut Sub'),
('S92352B', 'Bypass R Hypogast Vein to Low Vein w Synth Sub'),
('S92353A', 'Drainage of Thyroid Gland with Drain Dev'),
('S92901A', 'Excision of Ileocecal Valve'),
('S9301XS', 'Release Right Lung'),
('S93123S', 'Bypass 1 Cor Art from Abd Art with Autol Vn'),
('S93419S', 'Repair Left Lobe Liver'),
('T2136XS', 'Repair Right Lower Lobe Bronchus'),
('T2139XA', 'Drain of L Occipital Bone with Drain Dev'),
('T23321D', 'Bypass L Popl Art to Low Ex Vein'),
('T23402S', 'Bypass L Fem Art to Low Ex Vein w Nonaut Sub'),
('T23642A', 'Supplement Bi Inguinal Region with Autol Sub'),
('T2601XD', 'Bypass L Axilla Art to R Up Arm Art w Synth Sub'),
('T366X6D', 'Detachment at Left Lower Arm'),
('T374X1D', 'Excision of Stomach'),
('T38996S', 'Detachment at Left 1st Toe'),
('T43501D', 'Release Cerebellum'),
('T43601S', 'Excision of Stomach'),
('T442X4A', 'Destruction of Intracranial Artery'),
('T46903D', 'Release Multiple Parathyroid Glands'),
('T5694XS', 'Bypass Innom Art to R Up Leg Art w Nonaut Sub'),
('T63062A', 'Bypass Access Pancr Duct to Sm Int'),
('T63414A', 'Reattachment of Left Lobe Liver'),
('T8049XD', 'Insertion of Infusion Dev into Duodenum'),
('T827XXD', 'Bypass R Brach Art to R Low Arm Art w Synth Sub'),
('V2950XS', 'Reattachment of Stomach'),
('V789XXD', 'Drainage of Right Pleura'),
('V9080XA', 'Insertion of Intralum Dev into R Atrium'),
('V9126XA', 'Supplement Intracran Art with Nonaut Sub'),
('V9310XA', 'Alteration of Left Breast'),
('W5911XD', 'Replacement of L Hip Jt'),
('W64XXXA', 'Revision of Resurfacing Device in L Hip Jt');

-- 
-- Dumping data for table visita
--
INSERT INTO visita VALUES
('1971-09-28', '00:10:36', '0312757166275', 'B00C0HNOU8'),
('1981-10-26', '19:38:38', '0312757166282', 'B006JC329H'),
('1970-01-02', '00:00:02', '0312757166299', 'B0047W5XN0'),
('1991-04-29', '11:10:29', '0312757166305', 'B00194F7GO'),
('1974-05-13', '23:50:35', '0312757166312', 'B0090SAH92'),
('1972-04-14', '00:13:55', '0312757166329', 'B006A53OI5'),
('1975-10-10', '10:19:09', '0312757166336', 'B00Z8258JE'),
('1991-11-02', '02:12:56', '0312757166343', 'B00149MDC5'),
('1976-07-12', '15:36:37', '0312757166350', 'B00PV69EJJ'),
('1994-07-18', '08:03:40', '0312757166367', 'B007CO28XP'),
('1970-02-12', '00:00:43', '1311646055170', 'B0044QF42S'),
('1972-01-12', '00:12:22', '1311646055187', 'B00S6VWW98'),
('1970-02-02', '00:00:33', '1311646055194', 'B00XFTF001'),
('1993-04-21', '08:58:12', '1311646055200', 'B006AX65K3'),
('1997-05-28', '04:18:42', '1311646055217', 'B0096Q291V'),
('2002-01-11', '04:10:30', '1311646055224', 'B00QGYUCXT'),
('1994-10-02', '02:30:41', '1311646055231', 'B00SQ6C8T3'),
('1970-01-17', '00:00:17', '1311646055248', 'B00LU8SY84'),
('2015-10-08', '00:23:47', '1311646055255', 'B006PMSKA8'),
('2004-01-31', '08:34:20', '2667584070508', 'B0086041O1'),
(NULL, NULL, '2667584070515', 'B00W396TJL'),
('1989-05-09', '12:11:13', '2667584070522', 'B00W06VTLB'),
('2010-03-16', '15:46:02', '2667584070539', 'B00G2GJ7Q1'),
('1985-12-26', '15:47:20', '2667584070546', 'B00419UDCI'),
('1973-06-18', '00:21:05', '2667584070553', 'B00BN173UN'),
('1970-01-07', '00:00:07', '2667584070560', 'B00F987V8R'),
(NULL, NULL, '2667584070577', 'B00J32C2SJ'),
(NULL, NULL, '2667584070584', 'B00IYDPZ1T'),
('1977-11-21', '00:48:02', '2667584070591', 'B00K9HC7E9'),
('1988-05-22', '01:51:57', '3666472959399', 'B001794RXD'),
(NULL, NULL, '3666472959405', 'B009W4930I'),
('1999-05-08', '00:47:52', '3666472959412', 'B00272MKZL'),
('1990-02-14', '05:02:30', '3666472959429', 'B004878C72'),
('1974-09-10', '08:15:43', '3666472959436', 'B00M71H098'),
('1984-06-06', '04:39:43', '3666472959443', 'B00185CDBZ'),
('1972-06-17', '00:14:59', '3666472959450', 'B005FV40Y5'),
('1970-01-10', '00:00:10', '3666472959467', 'B00DHLZA89'),
('1990-02-02', '03:21:19', '3666472959474', 'B000DXUV58'),
('1971-08-21', '00:09:58', '3666472959481', 'B00GB1I2T9'),
('2016-01-31', '00:02:30', '3666472959498', 'B00Y72IZ9T'),
('1971-06-30', '00:09:06', '4896568565138', 'B00K784OBM'),
('1971-05-01', '00:08:06', '4896568565145', 'B009J31A05'),
('1998-03-20', '16:56:21', '4896568565152', 'B00PQ404J4'),
('1978-08-28', '06:06:55', '4896568565169', 'B001D2V5TZ'),
('2003-02-28', '14:43:35', '4896568565176', 'B00978AJT5'),
('1979-07-01', '15:32:05', '4896568565183', 'B00468W685'),
('1988-09-16', '20:25:49', '4896568565190', 'B00RY89PW2'),
('1971-10-12', '00:10:50', '4896568565206', 'B00304YF33'),
('1993-05-15', '22:51:38', '4896568565213', 'B002546P38'),
('1971-11-17', '00:11:26', '4896568565220', 'B005DRUIZN'),
('2010-10-30', '22:22:56', '4896568565237', 'B00S96N116'),
('2004-10-13', '18:23:13', '4896568565244', 'B008L6V629'),
('1999-07-03', '09:03:37', '5895457454033', 'B008SAK085'),
('1970-03-18', '00:01:17', '5895457454040', 'B00UE26H9V'),
('1975-04-12', '10:03:13', '5895457454057', 'B00AWS3824'),
(NULL, NULL, '5895457454064', 'B00BM9IV90'),
('2008-05-14', '20:24:33', '5895457454071', 'B00WP0MP32'),
('1972-03-31', '01:50:21', '5895457454088', 'B0033YG50R'),
('1979-11-04', '10:44:18', '5895457454095', 'B000XHON18'),
('1972-03-19', '02:25:47', '5895457454101', 'B00ZY81502'),
('2008-09-17', '03:01:42', '5895457454118', 'B00A101QF3'),
('1977-04-07', '21:44:28', '5895457454125', 'B00UIDGM7D'),
('1981-12-28', '19:18:09', '5895457454132', 'B00VE49H4X'),
('2013-03-13', '07:24:05', '6449294650913', 'B002C505TN'),
(NULL, NULL, '6449294650920', 'B007NWQL1O'),
('1988-06-07', '04:30:48', '6449294650937', 'B001FI463I'),
('1976-04-24', '00:38:26', '6449294650944', 'B00B3Z6OY2'),
('1996-12-17', '16:51:50', '6449294650951', 'B00FJTBD6E'),
('2011-01-31', '19:03:52', '6449294650968', 'B0032HBKEC'),
('1989-11-08', '23:47:57', '6449294650975', 'B00VBCAWRA'),
(NULL, NULL, '6449294650982', 'B00RW5ZBFW'),
('1970-01-02', '00:00:02', '6449294650999', 'B00IUUHPE0'),
('1970-01-29', '00:00:29', '6449294651002', 'B00WTCXFZ4'),
('2005-10-03', '09:07:49', '7448183539802', 'B00CV15W66'),
('1977-07-21', '08:12:54', '7448183539819', 'B00Q0S2D6M'),
('1975-08-03', '19:10:27', '7448183539826', 'B000GUX71X'),
('1984-02-20', '04:43:04', '7448183539833', 'B0041A9GD9'),
('1998-03-22', '09:58:57', '7448183539840', 'B00I11P31T'),
(NULL, NULL, '7448183539857', 'B00PR5O947'),
('1971-05-08', '00:08:13', '7448183539864', 'B00CFZ08G8'),
('1986-04-07', '01:39:01', '7448183539871', 'B00U65B681'),
(NULL, NULL, '7448183539888', 'B00BL4Q5RJ'),
('1979-02-18', '09:52:28', '7448183539895', 'B00F0BZ118'),
('1980-04-08', '22:58:06', '8294496847368', 'B001H0M87K'),
('2013-06-29', '16:40:39', '8294496847375', 'B00V41EEV4'),
('2016-11-23', '20:35:03', '8294496847382', 'B007GHOEQB'),
('1997-03-29', '02:05:04', '8294496847399', 'B0035DU158'),
(NULL, NULL, '8294496847405', 'B0052FGV45'),
('1984-03-21', '10:45:23', '8294496847412', 'B00VX895T6'),
('1987-09-20', '01:47:52', '8294496847429', 'B00IC5B8MK'),
('2001-12-01', '21:21:59', '8294496847436', 'B007JZ26MF'),
('2017-03-20', '13:24:56', '8294496847443', 'B0080052CP'),
('1970-01-07', '00:00:07', '9293385736232', 'B009XUE49F'),
('1993-02-21', '05:35:52', '9293385736249', 'B00G2C90F9'),
('1970-03-29', '00:01:28', '9293385736256', 'B002OIU0ZX'),
('1995-12-21', '02:47:33', '9293385736263', 'B00ANC606N'),
('2017-01-27', '16:31:59', '9293385736270', 'B0067Z540S'),
('1976-11-15', '05:58:03', '9293385736287', 'B007GTM6J8'),
('2003-02-24', '22:50:37', '9293385736294', 'B00FI2872B'),
('1986-07-23', '21:44:04', '9293385736300', 'B0077HP3BD');

-- 
-- Dumping data for table tarjetavisita
--
INSERT INTO tarjetavisita VALUES
('0', '10:54:49', '02:49:26', '6449294650920'),
('073O06YN75', '00:13:26', '00:57:13', '5895457454064'),
('08', NULL, '00:00:05', NULL),
('09Z566J5NX', '07:34:16', '00:00:16', '6449294650937'),
('0IZ0', '15:29:53', '01:03:30', '4896568565152'),
('0N7', '07:01:25', '02:27:12', '2667584070577'),
('1', NULL, '00:13:54', NULL),
('1546', '02:45:14', '01:12:11', '9293385736256'),
('16QVI2U1NF', '22:44:33', '06:40:44', '2667584070539'),
('171ENYO1N', '00:13:02', '00:05:37', '2667584070577'),
('17E', '04:42:21', '00:33:46', '1311646055255'),
('17NRM7I78O', '00:00:37', '14:02:22', '0312757166312'),
('1Q08015', '00:37:28', '20:37:11', '8294496847375'),
('2', '01:03:55', '22:54:09', '1311646055255'),
('21', '00:05:59', '20:17:45', '5895457454071'),
('2C1X1', '16:21:20', '00:00:06', '0312757166282'),
('2RR1', '11:53:07', '04:32:24', '0312757166329'),
('3', '09:19:03', '00:16:33', '9293385736232'),
('3933', '21:02:18', '19:59:50', '1311646055187'),
('39D', '15:20:41', '02:05:25', '7448183539871'),
('39LAC', '19:10:23', '16:28:11', '3666472959399'),
('3T', '02:26:32', '00:00:08', '1311646055194'),
('4', '01:35:21', '04:02:54', '7448183539857'),
('42', '00:08:19', NULL, '4896568565213'),
('440Z', '00:12:05', '01:16:06', '6449294650951'),
('4F', '01:41:14', '00:11:26', '0312757166336'),
('4H', '07:33:42', '00:00:01', '5895457454118'),
('4PV', '00:01:03', NULL, '2667584070553'),
('4R4', '16:47:07', '18:22:57', '9293385736256'),
('4R8M5', '14:02:39', '22:08:57', '6449294650944'),
('4W3N', '02:30:47', '04:48:17', '0312757166275'),
('5', '00:00:04', '13:02:32', '7448183539802'),
('6', '21:05:24', '01:35:50', '5895457454125'),
('62645FQ0', '00:00:07', '21:31:14', '3666472959429'),
('6G1340', NULL, '16:57:09', NULL),
('7', '03:16:46', NULL, '5895457454088'),
('70GAMN2', '00:00:53', '11:35:36', '0312757166299'),
('714', '01:16:16', '10:25:16', '9293385736294'),
('7959', '02:16:36', '04:36:58', '0312757166343'),
('7F', '21:30:55', '22:28:37', '2667584070577'),
('88V463KP', '13:14:46', '11:56:16', '5895457454095'),
('8B89', '15:38:32', NULL, '6449294650920'),
('8J0676F777', '17:17:45', '00:52:22', '7448183539895'),
('8R1I5MH', '00:00:45', '04:04:20', '5895457454095'),
('95', '01:06:24', '21:03:35', '8294496847436'),
('9B946Q3', '20:17:00', '17:16:51', '5895457454071'),
('9ULNW', '23:58:45', NULL, '4896568565213'),
('B', '00:00:07', NULL, '6449294651002'),
('BNN34X3', '19:26:20', '12:03:10', '4896568565220'),
('C', '00:01:15', '05:32:57', '3666472959405'),
('C34HI0', '15:45:15', '16:34:14', '5895457454132'),
('C9H2', '14:04:31', '14:01:04', '3666472959443'),
('DIF7', NULL, '00:00:01', NULL),
('DX0713N8', '00:13:11', '02:46:10', '9293385736232'),
('E', '00:00:17', '16:15:14', '9293385736294'),
('E1EA7AL1', '00:00:07', '00:06:47', '8294496847405'),
('EQ', '00:06:02', '07:36:53', '7448183539802'),
('ER', '02:47:07', '00:00:42', '9293385736300'),
('G', NULL, '03:27:16', NULL),
('G0', '20:00:19', '00:07:46', '9293385736270'),
('G3', '01:35:28', '01:39:28', '4896568565169'),
('H', '00:07:39', '12:18:34', '1311646055170'),
('H3', '06:06:23', '10:02:18', '0312757166305'),
('HK8575Q', '00:52:13', '00:01:23', '8294496847375'),
('HSGA5', '00:01:04', '07:00:20', '0312757166275'),
('J', '00:10:13', '04:41:02', '9293385736270'),
('J61Y', '03:43:57', '01:18:29', '4896568565176'),
('JJ', '05:09:03', NULL, '2667584070515'),
('K', NULL, '00:00:09', NULL),
('K3', '15:30:39', '01:00:49', '4896568565206'),
('K4', '23:54:27', '20:36:52', '5895457454064'),
('K948', NULL, '10:00:06', NULL),
('KG4', '16:12:43', '00:10:50', '7448183539871'),
('L32MZ6U9C2', '13:41:48', '00:00:09', '7448183539802'),
('LI', '13:37:11', '23:47:34', '7448183539802'),
('LM', '01:27:54', '14:14:03', '7448183539864'),
('LWM', '01:11:44', '15:05:19', '7448183539802'),
('M', '18:27:26', '18:42:59', '2667584070539'),
('MM15', NULL, '07:51:09', NULL),
('N53067', '08:15:27', '08:10:16', '1311646055231'),
('O8226I01', '00:00:38', '19:16:52', '4896568565145'),
('OO0K2', '00:10:38', '01:26:51', '2667584070546'),
('Q', '00:01:21', '00:00:04', '7448183539888'),
('R', '13:27:50', '00:06:25', '9293385736270'),
('R4LYPSP32', NULL, '20:58:12', NULL),
('S', NULL, '17:20:23', NULL),
('S3BMM', '00:00:02', NULL, '4896568565213'),
('SI2X01', '18:58:47', '16:36:11', '8294496847375'),
('UR', '16:05:30', '00:00:10', '4896568565220'),
('V', '13:41:56', '01:41:44', '0312757166312'),
('V30', '16:56:14', NULL, '9293385736249'),
('W0H', '00:15:51', '03:47:35', '6449294650913'),
('W32', '14:02:08', '08:13:14', '2667584070577'),
('Y56D05VO0J', '00:00:09', NULL, '3666472959474'),
('YZ1', '06:40:20', '00:47:44', '6449294650913'),
('Z', '11:17:11', '08:40:38', '8294496847405'),
('Z42', '13:35:19', '01:24:20', '9293385736294'),
('Z5VB', '00:12:34', '02:09:57', '8294496847405'),
('Z87TVZ4', '00:00:41', '20:48:19', '6449294651002'),
('ZW', '00:12:56', '02:04:24', '1311646055187');

-- 
-- Dumping data for table existe
--
INSERT INTO existe VALUES
('0', 894765687, '2667584070539'),
('0DF3Z', 894765691, '6449294650975'),
('1', 691568552, '5895457454088'),
('1J', 894765692, '7448183539895'),
('1V1K2165', 1925562547, '9293385736249'),
('2', 691568557, '7448183539871'),
('25', 894765684, '3666472959405'),
('2ASCE30K', 1710692254, '5895457454040'),
('2P', 1710692256, '9293385736256'),
('3', 1710692257, '1311646055231'),
('30', 691568556, '3666472959474'),
('30249', 264661113, '8294496847382'),
('3L1', 691568555, '0312757166343'),
('4', 691568558, '6449294650999'),
('40Q', 1925562550, '1311646055224'),
('41', 1925562546, '5895457454064'),
('44M5E', 1710692260, '7448183539888'),
('4PY04', 1710692255, '1311646055200'),
('54', 1925562554, '2667584070591'),
('543FRBK2', 264661115, '6449294650951'),
('6', 1109514047, '4896568565152'),
('604', 264661119, '4896568565244'),
('66', 476820191, '9293385736294'),
('69', 894765681, '1311646055170'),
('6B78', 894765680, '5895457454033'),
('6OX', 476820192, '8294496847436'),
('7', 894765689, '7448183539857'),
('7014', 49912747, '7448183539826'),
('73T57X21', 264661112, '0312757166305'),
('74869GJ', 1495943894, '5895457454125'),
('7C1', 49912753, '8294496847443'),
('7H', 1495943896, '3666472959498'),
('7M4U9Q', 476820189, '2667584070553'),
('7VQIHPX', 1710692258, '2667584070560'),
('7YX9', 2140310908, '2667584070515'),
('803', 264661117, '8294496847429'),
('8A', 2140310914, '0312757166350'),
('8BI0Q', 1495943895, '0312757166367'),
('8EM6', 1925562553, '3666472959467'),
('8FI', 1109514056, '9293385736287'),
('8K5L9F', 1109514051, '7448183539833'),
('8P', 1925562544, '4896568565145'),
('9', 264661118, '6449294650982'),
('98', 2140310911, '9293385736263'),
('9C82', 1925562551, '9293385736270'),
('9H3', 1109514057, '2667584070584'),
('9OKH7C', 1495943892, '1311646055248'),
('AES7', 2140310907, '6449294650920'),
('B', 476820185, '4896568565169'),
('D9', 894765682, '0312757166282'),
('DW4', 1109514048, '6449294650913'),
('E', 476820193, '4896568565237'),
('EZQ5', 264661116, '4896568565220'),
('F', 476820188, '3666472959443'),
('G', 476820187, '8294496847399'),
('G3ZP9CRN9O58C4', 894765686, '6449294650944'),
('G51URHPSE', 691568551, '0312757166299'),
('GB', 1710692262, '5895457454132'),
('H5', 691568550, '1311646055187'),
('H6NB6A47A0', 1495943889, '1311646055194'),
('HJZZ84', 691568553, '2667584070546'),
('HM', 894765690, '7448183539864'),
('HX', 1109514053, '3666472959436'),
('I4', 49912751, '1311646055255'),
('IBN4L', 1925562545, '3666472959399'),
('J', 1109514046, '0312757166275'),
('J0NF', 1109514052, '1311646055217'),
('KZ', 894765688, '7448183539840'),
('L', 476820186, '4896568565176'),
('L6', 476820190, '4896568565206'),
('LG', 894765683, '7448183539819'),
('M', 49912750, '6449294650968'),
('M1', 2140310906, '7448183539802'),
('M6A6P46TP', 49912749, '5895457454095'),
('MF', 1710692261, '9293385736300'),
('N3Y4', 1495943891, '4896568565190'),
('NLNOR', 476820184, '5895457454057'),
('NYS', 2140310909, '6449294650937'),
('P', 1925562549, '4896568565183'),
('Q1QJ', 2140310916, '6449294651002'),
('Q81', 1925562548, '2667584070522'),
('R', 2140310915, '2667584070577'),
('R74OCCMG11', 1925562552, '5895457454101'),
('RC0D54', 2140310913, '8294496847412'),
('S', 2147483647, '4896568565138'),
('SS6', 1109514050, '9293385736232'),
('SW5', 1109514055, '3666472959450'),
('TJ40L0JJW', 1109514049, '2667584070508'),
('TSU2TQ', 691568554, '0312757166336'),
('U1K51AC6YSD4C', 2140310912, '8294496847405'),
('U6VVHF9', 894765685, '8294496847375'),
('VCVS1F3', 2140310910, '5895457454071'),
('WD', 1710692259, '5895457454118'),
('WP9', 49912752, '3666472959481'),
('X', 49912748, '3666472959412'),
('X2', 1495943893, '4896568565213'),
('X8HC', 1109514054, '0312757166329'),
('XI81', 1495943890, '0312757166312'),
('XN', 264661114, '3666472959429'),
('Y', 1109514045, '8294496847368');

-- 
-- Dumping data for table diagnostica
--
INSERT INTO diagnostica VALUES
('B000DXUV58', 'V2950XS'),
('B000GUX71X', 'T43501D'),
('B000XHON18', 'S70929D'),
('B00149MDC5', 'T374X1D'),
('B001794RXD', 'S76902S'),
('B00185CDBZ', 'S25491D'),
('B00194F7GO', 'H35071'),
('B001D2V5TZ', 'N61'),
('B001FI463I', 'S92901A'),
('B001H0M87K', 'S82391B'),
('B002546P38', 'M61319'),
('B00272MKZL', 'N072'),
('B002C505TN', 'S32049B'),
('B002OIU0ZX', 'E568'),
('B00304YF33', 'S52291B'),
('B0032HBKEC', 'S53126A'),
('B0033YG50R', 'Q803'),
('B0035DU158', 'I5022'),
('B00419UDCI', 'S82009A'),
('B0041A9GD9', 'S02119A'),
('B0044QF42S', 'S72026A'),
('B00468W685', 'T2601XD'),
('B0047W5XN0', 'W5911XD'),
('B004878C72', 'T5694XS'),
('B0052FGV45', 'T23402S'),
('B005DRUIZN', 'T2139XA'),
('B005FV40Y5', 'S93123S'),
('B0067Z540S', 'M2190'),
('B006A53OI5', 'S8251XF'),
('B006AX65K3', 'G587'),
('B006JC329H', 'H7132'),
('B006PMSKA8', 'E08351'),
('B0077HP3BD', 'L7612'),
('B007CO28XP', 'S49142A'),
('B007GHOEQB', 'E71542'),
('B007GTM6J8', 'M8450XK'),
('B007JZ26MF', 'Q704'),
('B007NWQL1O', 'S72456P'),
('B0080052CP', 'S37059S'),
('B0086041O1', 'S2520XS'),
('B008L6V629', 'C543'),
('B008SAK085', 'T46903D'),
('B0090SAH92', 'S52242A'),
('B0096Q291V', 'T827XXD'),
('B00978AJT5', 'T23642A'),
('B009J31A05', 'I82419'),
('B009W4930I', 'M93262'),
('B009XUE49F', 'T8049XD'),
('B00A101QF3', 'L89520'),
('B00ANC606N', 'S41041A'),
('B00AWS3824', 'F15121'),
('B00B3Z6OY2', 'S56329D'),
('B00BL4Q5RJ', 'S93419S'),
('B00BM9IV90', 'T63062A'),
('B00BN173UN', 'S52391P'),
('B00C0HNOU8', 'S92352B'),
('B00CFZ08G8', 'T366X6D'),
('B00CV15W66', 'G43509'),
('B00DHLZA89', 'S62101B'),
('B00F0BZ118', 'S15202A'),
('B00F987V8R', 'T38996S'),
('B00FI2872B', 'S42433S'),
('B00FJTBD6E', 'M963'),
('B00G2C90F9', 'S83112D'),
('B00G2GJ7Q1', 'H05352'),
('B00GB1I2T9', 'H16339'),
('B00I11P31T', 'S0001XS'),
('B00IC5B8MK', 'V9310XA'),
('B00IUUHPE0', 'S62133A'),
('B00IYDPZ1T', 'S72461H'),
('B00J32C2SJ', 'S92234P'),
('B00K784OBM', 'A158'),
('B00K9HC7E9', 'S9301XS'),
('B00LU8SY84', 'S63272D'),
('B00M71H098', 'S3982XS'),
('B00PQ404J4', 'T23321D'),
('B00PR5O947', 'J0100'),
('B00PV69EJJ', 'S92353A'),
('B00Q0S2D6M', 'S42465A'),
('B00QGYUCXT', 'S21351A'),
('B00RW5ZBFW', 'V9080XA'),
('B00RY89PW2', 'W64XXXA'),
('B00S6VWW98', 'R832'),
('B00S96N116', 'S61300D'),
('B00SQ6C8T3', 'T442X4A'),
('B00U65B681', 'S52392E'),
('B00UE26H9V', 'T43601S'),
('B00UIDGM7D', 'I270'),
('B00V41EEV4', 'C002'),
('B00VBCAWRA', 'O3623X4'),
('B00VE49H4X', 'C4A59'),
('B00VX895T6', 'G5751'),
('B00W06VTLB', 'T2136XS'),
('B00W396TJL', 'S72341N'),
('B00WP0MP32', 'V789XXD'),
('B00WTCXFZ4', 'S36502S'),
('B00XFTF001', 'T63414A'),
('B00Y72IZ9T', 'V9126XA'),
('B00Z8258JE', 'S728X2K'),
('B00ZY81502', 'P7889');

-- 
-- Restore previous SQL mode
-- 
/*!40101 SET SQL_MODE=@OLD_SQL_MODE */;

-- 
-- Enable foreign keys
-- 
/*!40014 SET FOREIGN_KEY_CHECKS = @OLD_FOREIGN_KEY_CHECKS */;