﻿--
-- Script was generated by Devart dbForge Studio for MySQL, Version 8.0.40.0
-- Product home page: http://www.devart.com/dbforge/mysql/studio
-- Script date 25/01/2019 13:40:45
-- Server version: 5.5.5-10.1.36-MariaDB
-- Client version: 4.1
--

-- 
-- Disable foreign keys
-- 
/*!40014 SET @OLD_FOREIGN_KEY_CHECKS=@@FOREIGN_KEY_CHECKS, FOREIGN_KEY_CHECKS=0 */;

-- 
-- Set SQL mode
-- 
/*!40101 SET @OLD_SQL_MODE=@@SQL_MODE, SQL_MODE='NO_AUTO_VALUE_ON_ZERO' */;
DROP DATABASE IF EXISTS empresas2;

CREATE DATABASE IF NOT EXISTS empresas2;
-- 
-- Set character set the client will use to send SQL statements to the server
--
SET NAMES 'utf8';

--
-- Set default database
--
USE empresas2;

--
-- Drop table `venden`
--
DROP TABLE IF EXISTS venden;

--
-- Drop table `cliente`
--
DROP TABLE IF EXISTS cliente;

--
-- Drop table `productos`
--
DROP TABLE IF EXISTS productos;

--
-- Set default database
--
USE empresas2;

--
-- Create table `productos`
--
CREATE TABLE productos (
  id int(11) NOT NULL AUTO_INCREMENT,
  grupo varchar(255) DEFAULT NULL,
  peso int(11) DEFAULT NULL,
  precio float DEFAULT NULL,
  nombre varchar(255) DEFAULT NULL,
  cantidad int(11) DEFAULT NULL,
  PRIMARY KEY (id),
  UNIQUE INDEX UK_productos_id (id)
)
ENGINE = INNODB,
AUTO_INCREMENT = 48,
AVG_ROW_LENGTH = 348,
CHARACTER SET utf8,
COLLATE utf8_general_ci;

--
-- Create table `cliente`
--
CREATE TABLE cliente (
  id int(11) NOT NULL AUTO_INCREMENT,
  nombre varchar(255) DEFAULT NULL,
  apellidos varchar(255) DEFAULT NULL,
  nombreCompleto varchar(255) DEFAULT NULL,
  cantidad varchar(255) DEFAULT NULL,
  PRIMARY KEY (id)
)
ENGINE = INNODB,
AUTO_INCREMENT = 1001,
AVG_ROW_LENGTH = 81,
CHARACTER SET utf8,
COLLATE utf8_general_ci;

--
-- Create table `venden`
--
CREATE TABLE venden (
  producto int(11) NOT NULL,
  cliente int(11) NOT NULL,
  cantidad int(11) DEFAULT NULL,
  fecha date DEFAULT NULL,
  total float DEFAULT NULL
)
ENGINE = INNODB,
AVG_ROW_LENGTH = 81,
CHARACTER SET utf8,
COLLATE utf8_general_ci;

--
-- Create foreign key
--
ALTER TABLE venden
ADD CONSTRAINT FK_venden_cliente FOREIGN KEY (cliente)
REFERENCES cliente (id) ON DELETE CASCADE ON UPDATE CASCADE;

--
-- Create foreign key
--
ALTER TABLE venden
ADD CONSTRAINT FK_venden_producto FOREIGN KEY (producto)
REFERENCES productos (id) ON DELETE CASCADE ON UPDATE CASCADE;

-- 
-- Dumping data for table productos
--
INSERT INTO productos VALUES
(1, 'LavenderPink', 2, 35, 'Games', NULL),
(2, 'ZinnwalditeBrown', 2, 30, 'Movies', NULL),
(3, 'BlueGreen', 7, 9, 'Accessories', NULL),
(4, 'CherryBlossomPink', 4, 50, 'Baby', NULL),
(5, 'BluePurple', 19, 24, 'Tools', NULL),
(6, 'Wheat', 29, 36, 'Automotive', NULL),
(7, 'PalatinateBlue', 7, 31, 'Health', NULL),
(8, 'Chestnut', 2, 15, 'Shoes', NULL),
(9, 'StilDeGrainYellow', 2, 49, 'Pets', NULL),
(10, 'MediumTaupe', 18, 10, 'Sports', NULL),
(11, 'Pumpkin', 9, 37, 'Shoes', NULL),
(12, 'Desert', 11, 32, 'Patio', NULL),
(13, 'LavenderPurple', 15, 5, 'Toys', NULL),
(14, 'Cornsilk', 18, 42, NULL, NULL),
(15, 'MediumTealBlue', 24, 11, 'Games', NULL),
(16, 'BlueViolet', 30, 19, 'Gifts', NULL),
(17, 'LavenderRose', 1, 27, 'Home', NULL),
(18, 'Chocolate', 4, 33, 'Shoes', NULL),
(19, 'MediumTurquoise', 24, 48, 'Crafts', NULL),
(20, 'PalatinatePurple', 19, 25, 'Clothing', NULL),
(21, 'White', 17, 28, 'Clothing', NULL),
(22, 'LawnGreen', 10, 34, 'Pets', NULL),
(23, 'Stizza', 8, 43, 'Pharmacy', NULL),
(24, 'Blush', 23, 38, 'Garden', NULL),
(25, 'ChromeYellow', 20, 20, 'Crafts', NULL),
(26, 'Bole', 23, 6, 'Audible', NULL),
(27, 'Purple', 30, 44, 'Outdoors', NULL),
(28, 'Cinereous', 17, 29, 'Pets', NULL),
(29, 'PaleAqua', 21, 26, 'Audible', NULL),
(30, 'WhiteSmoke', 25, 12, 'Beauty', NULL),
(31, 'Stormcloud', 19, 21, 'Books', NULL),
(32, 'MediumVioletRed', 3, 7, 'Accessories', NULL),
(33, 'PurpleHeart', 1, 39, 'Beauty', NULL),
(34, 'BondiBlue', 29, 13, NULL, NULL),
(35, 'PaleBlue', 21, 8, 'Home', NULL),
(36, 'DesertSand', 25, 45, 'Books', NULL),
(37, 'Cinnabar', 25, 40, 'Crafts', NULL),
(38, 'Lemon', 15, 46, 'Health', NULL),
(39, 'PurplePizzazz', 16, 41, 'Tools', NULL),
(40, 'Bone', 5, 16, 'Books', NULL),
(41, 'WildStrawberry', 10, 47, 'Audible', NULL),
(42, 'CosmicLatte', 20, 22, 'Outdoors', NULL),
(43, 'Melon', 23, 17, 'Electronics', NULL),
(44, 'DimGray', 20, 23, 'Shoes', NULL),
(45, 'CottonCandy', 29, 18, 'Sports', NULL),
(46, 'Cinnamon', 18, 14, 'Patio', NULL),
(47, 'BottleGreen', 15, NULL, 'Office', NULL);

-- 
-- Dumping data for table cliente
--
INSERT INTO cliente VALUES
(1, 'Bertrada', 'Zurbriggen', NULL, NULL),
(2, 'Wolfdietrich', 'Falkenhausen', NULL, NULL),
(3, 'Helvin', 'Spangenberg', NULL, NULL),
(4, 'Fridurich', 'Laufer', NULL, NULL),
(5, 'Uodalrich', 'ünzenberg', NULL, NULL),
(6, 'Wastl', 'Zabel', NULL, NULL),
(7, 'Demian', 'Spiegel', NULL, NULL),
(8, 'Kunigunde', 'Blume', NULL, NULL),
(9, NULL, 'Gardenberg', NULL, NULL),
(10, 'Wedekind', 'Falkenstein', NULL, NULL),
(11, 'Bernhardin', 'osenblatt', NULL, NULL),
(12, 'Howe', 'Blumentahl', NULL, NULL),
(13, 'Detlef', 'Zahn', NULL, NULL),
(14, 'Abbeygail ', 'Klee', NULL, NULL),
(15, 'Bonifaz', 'Hildenbrandt', NULL, NULL),
(16, 'Aleida ', 'Gartung', NULL, NULL),
(17, 'Innozenz', 'Sprenger', NULL, NULL),
(18, 'Demian', 'ünzer', NULL, NULL),
(19, 'Abby ', 'osenkranz', NULL, NULL),
(20, 'Ruvina', 'Hildesheimer', NULL, NULL),
(21, 'Sonea', 'agel', NULL, NULL),
(22, 'Miria', 'Gasenklever', NULL, NULL),
(23, 'Milvina', 'Zapf', NULL, NULL),
(24, 'Amrei', 'Lavater', NULL, NULL),
(25, 'Lexian', 'osenmüller', NULL, NULL),
(26, 'Tanaja', 'elke', NULL, NULL),
(27, NULL, 'Himmler', NULL, NULL),
(28, 'Conny', 'Feierbach', NULL, NULL),
(29, 'Sonja', 'Gebbels', NULL, NULL),
(30, 'Davi', 'Hirsch', NULL, NULL),
(31, 'Sonnwin', 'Gekkel', NULL, NULL),
(32, NULL, 'Kleiber', NULL, NULL),
(33, 'Wiglev', 'Lechner', NULL, NULL),
(34, 'Demokrit', 'Böhm', NULL, NULL),
(35, 'Alruna', 'Klein', NULL, NULL),
(36, 'Odila', 'össler', NULL, NULL),
(37, 'Carolin', 'euenburg', NULL, NULL),
(38, 'Kristiane', 'Hirschmann', NULL, NULL),
(39, 'Felizian', 'Feigenbaum', NULL, NULL),
(40, 'Chicko', 'Stackelberg', NULL, NULL),
(41, 'Baldo ', 'Gelen', NULL, NULL),
(42, NULL, 'Hitler', NULL, NULL),
(43, 'Gundolf', 'Lehmann', NULL, NULL),
(44, 'Delian', 'Geller', NULL, NULL),
(45, 'Balintt ', 'Bohnke', NULL, NULL),
(46, 'Waltraud', 'Kleiner', NULL, NULL),
(47, 'Zeruja', 'Zeiger', NULL, NULL),
(48, 'Dodo', 'Leist', NULL, NULL),
(49, 'Europa', 'otmann', NULL, NULL),
(50, 'Ionita', 'Kleinermann', NULL, NULL),
(51, 'Balduin ', 'eumann', NULL, NULL),
(52, NULL, 'Feigl', NULL, NULL),
(53, 'Quintana', 'Stammer', NULL, NULL),
(54, 'Erdmute', 'otschield', NULL, NULL),
(55, 'Tjorden', 'Bohrmann', NULL, NULL),
(56, 'Adine ', 'euner', NULL, NULL),
(57, 'Kyano', 'Hochstetter', NULL, NULL),
(58, 'Annalies', 'Felder', NULL, NULL),
(59, 'Neona', 'Zeisel', NULL, NULL),
(60, 'Hunfried', 'üdiger', NULL, NULL),
(61, 'Benedikta', 'Genkel', NULL, NULL),
(62, 'Elimar', 'Leitner', NULL, NULL),
(63, 'Warinheri', 'Bohrmann', NULL, NULL),
(64, NULL, 'Kleinmann', NULL, NULL),
(65, 'Barthel ', 'Lemm', NULL, NULL),
(66, NULL, 'Stein', NULL, NULL),
(67, 'Nico', 'Hofer', NULL, NULL),
(68, 'Fridurich', 'Zeiss', NULL, NULL),
(69, 'Otwin', 'icolai', NULL, NULL),
(70, 'Marbot', 'Kleist', NULL, NULL),
(71, 'Ulli', 'Feldkamp', NULL, NULL),
(72, NULL, 'Lengefeld', NULL, NULL),
(73, 'Wolfdietrich', 'Bongard', NULL, NULL),
(74, NULL, 'umpf', NULL, NULL),
(75, 'Eluana', 'Stern', NULL, NULL),
(76, 'Achime ', 'Zeller', NULL, NULL),
(77, 'Yakima', 'Klemperer', NULL, NULL),
(78, 'Conczlin', 'iemann', NULL, NULL),
(79, 'Anndea', 'ack', NULL, NULL),
(80, 'IleneMarie', 'Fellendorf', NULL, NULL),
(81, 'Dietmut', 'Gering', NULL, NULL),
(82, 'Django', 'Höfermann', NULL, NULL),
(83, 'Sigmar', 'Lenz', NULL, NULL),
(84, NULL, 'Gerlach', NULL, NULL),
(85, 'Wolfsindis', 'Klenze', NULL, NULL),
(86, 'Kraft', 'ietzsche', NULL, NULL),
(87, 'Finnjo', 'Bonke', NULL, NULL),
(88, 'Mareline', 'acks', NULL, NULL),
(89, 'Romarich', 'Fetting', NULL, NULL),
(90, 'Johann', 'Hoffmann', NULL, NULL),
(91, 'Ulfried', 'Borsig', NULL, NULL),
(92, 'Zölestin', 'Gerngross', NULL, NULL),
(93, 'Hemma', 'Högl', NULL, NULL),
(94, 'Endris', 'Feuchtwanger', NULL, NULL),
(95, 'Luna', 'Gertz', NULL, NULL),
(96, 'Bodobert', 'Homeyer', NULL, NULL),
(97, 'Mahatma', 'itsch', NULL, NULL),
(98, 'Borchard', 'Brandes', NULL, NULL),
(99, 'Bosse', 'Lerch', NULL, NULL),
(100, 'Ekkea', 'ailer', NULL, NULL),
(101, 'Salvina', 'Strasser', NULL, NULL),
(102, NULL, 'Glasenap', NULL, NULL),
(103, 'Jamira', 'olken', NULL, NULL),
(104, 'Hoyer', 'Honecker', NULL, NULL),
(105, 'Mayken', 'alemann', NULL, NULL),
(106, 'Aristine', 'Zenner', NULL, NULL),
(107, 'Eitel-Fritz', 'Glauber', NULL, NULL),
(108, NULL, 'Honigmann', NULL, NULL),
(109, 'Chicko', 'Klinger', NULL, NULL),
(110, 'Richmute', 'Goldhaber', NULL, NULL),
(111, 'Linnart', 'Feuerbach', NULL, NULL),
(112, 'Gerarda', 'Hopfer', NULL, NULL),
(113, 'Lais', 'Lerner', NULL, NULL),
(114, 'Dark', 'Klostermann', NULL, NULL),
(115, 'Ortolf', 'Göring', NULL, NULL),
(116, 'Coppelius', 'Brandt', NULL, NULL),
(117, 'Irenäus', 'Feuermann', NULL, NULL),
(118, 'Dorle', 'Braunfels', NULL, NULL),
(119, 'Colbianna', 'öller', NULL, NULL),
(120, 'Hadrian', 'Lichtenberg', NULL, NULL),
(121, 'Landolf', 'Feyerabend', NULL, NULL),
(122, 'Ebbo', 'Stuchenberg', NULL, NULL),
(123, 'Cilia', 'Ziebel', NULL, NULL),
(124, 'Wolfsindis', 'Hopp', NULL, NULL),
(125, 'Christoffel', 'Klotz', NULL, NULL),
(126, 'Lais', 'ander', NULL, NULL),
(127, 'Justus', 'Lichtenstein', NULL, NULL),
(128, 'Odowaker', 'Gossen', NULL, NULL),
(129, NULL, 'Stumpf', NULL, NULL),
(130, 'Babsi', 'Bremer', NULL, NULL),
(131, 'Chicko', 'Horkheimer', NULL, NULL),
(132, 'Annelena', 'berländer', NULL, NULL),
(133, 'Bartel ', 'Grabbe', NULL, NULL),
(134, 'Vishna', 'artorius', NULL, NULL),
(135, 'Krimhilde', 'Hörman', NULL, NULL),
(136, 'Balintt ', 'Zimmermann', NULL, NULL),
(137, 'Ehrentrud', 'Kloz', NULL, NULL),
(138, 'Hruodswinda', 'bermaier', NULL, NULL),
(139, 'Carena', 'chacht', NULL, NULL),
(140, 'Castigo', 'Finkelstein', NULL, NULL),
(141, 'Alrun', 'Brenner', NULL, NULL),
(142, 'Urias', 'Grasse', NULL, NULL),
(143, 'Helwart', 'Liebknecht', NULL, NULL),
(144, 'Enriko', 'Tauberg', NULL, NULL),
(145, 'Cathrin', 'bermann', NULL, NULL),
(146, 'Richmut', 'chall', NULL, NULL),
(147, 'Helmuth', 'Klug', NULL, NULL),
(148, 'Marlisa', 'Zinger', NULL, NULL),
(149, 'Faustinus', 'Hornberger', NULL, NULL),
(150, 'Baldo ', 'Fischer', NULL, NULL),
(151, 'Florestan', 'bermeyer', NULL, NULL),
(152, NULL, 'Greuel', NULL, NULL),
(153, 'Berna', 'Tausig', NULL, NULL),
(154, 'Conczlin', 'Lindenau', NULL, NULL),
(155, 'Jupp', 'Brockhaus', NULL, NULL),
(156, NULL, 'chechtel', NULL, NULL),
(157, 'Barthel ', 'Hornschuh', NULL, NULL),
(158, 'Vinzenta', 'Knecht', NULL, NULL),
(159, 'Vulpecula', 'Grimm', NULL, NULL),
(160, 'Janaida', 'Fischnaller', NULL, NULL),
(161, 'Abbeygail ', 'Hoyer', NULL, NULL),
(162, NULL, 'chs', NULL, NULL),
(163, 'Orthey', 'Zöller', NULL, NULL),
(164, 'Dietbald', 'Lindenstrauss', NULL, NULL),
(165, 'Lovelyn', 'Tausch', NULL, NULL),
(166, 'Wigmar', 'chefer', NULL, NULL),
(167, 'Altburg', 'Knobel', NULL, NULL),
(168, 'Merina', 'Bruner', NULL, NULL),
(169, 'Thuja', 'Zuckermann', NULL, NULL),
(170, 'Bringfried', 'ppert', NULL, NULL),
(171, 'Endrick', 'cheffer', NULL, NULL),
(172, 'Balte ', 'Abel', NULL, NULL),
(173, 'Helmar', 'Brunner', NULL, NULL),
(174, 'Kaira', 'Linger', NULL, NULL),
(175, 'Thekla', 'Abert', NULL, NULL),
(176, 'Abby ', 'Koch', NULL, NULL),
(177, NULL, 'Taschenberg', NULL, NULL),
(178, 'Braida', 'Buchholz', NULL, NULL),
(179, 'Dietwald', 'Abich', NULL, NULL),
(180, 'Iustina', 'Buchloh', NULL, NULL),
(181, 'Bastian ', 'Grossmann', NULL, NULL),
(182, 'Baldo ', 'Hübner', NULL, NULL),
(183, 'Eckehard', 'Abicht', NULL, NULL),
(184, 'Hadassa', 'Gruber', NULL, NULL),
(185, 'Sylviana', 'Hummel', NULL, NULL),
(186, 'Arnesa', 'Lipsius', NULL, NULL),
(187, NULL, 'stermann', NULL, NULL),
(188, 'Annamaria', 'Buchmeyer', NULL, NULL),
(189, 'Thees', 'chelling', NULL, NULL),
(190, 'Wolfhart', 'Grünbaum', NULL, NULL),
(191, 'Katsa', 'Adler', NULL, NULL),
(192, 'Lynna', 'cheidemann', NULL, NULL),
(193, 'Annalisa', 'Buchner', NULL, NULL),
(194, 'Erija', 'Albrecht', NULL, NULL),
(195, 'Adelisa ', 'Husemann', NULL, NULL),
(196, 'Edelwalde', 'Tetzner', NULL, NULL),
(197, 'Jönna', 'Grundig', NULL, NULL),
(198, 'Hadassa', 'Kohlberg', NULL, NULL),
(199, NULL, 'Hut', NULL, NULL),
(200, 'Edelbert', 'stwald', NULL, NULL),
(201, 'Almut', 'Lochner', NULL, NULL),
(202, 'Zowie', 'Köhne', NULL, NULL),
(203, 'Birklinde', 'chiefer', NULL, NULL),
(204, 'Kordelia', 'Thaler', NULL, NULL),
(205, 'Eylev', 'Lohmann', NULL, NULL),
(206, 'Abby ', 'Grünenfelder', NULL, NULL),
(207, NULL, 'Kolbe', NULL, NULL),
(208, 'Gonda', 'Lohrer', NULL, NULL),
(209, 'Herwig', 'Köler', NULL, NULL),
(210, NULL, 'Loos', NULL, NULL),
(211, 'Josias', 'chiller', NULL, NULL),
(212, NULL, 'Manstein', NULL, NULL),
(213, 'Ruthart', 'verbeck', NULL, NULL),
(214, 'Virgenie', 'Thalberg', NULL, NULL),
(215, 'Silia', 'König', NULL, NULL),
(216, NULL, 'chirrmann', NULL, NULL),
(217, 'Justus', 'Imhof', NULL, NULL),
(218, 'Madlena', 'Lorenz', NULL, NULL),
(219, 'Cordelius', 'Büchner', NULL, NULL),
(220, 'Calantha', 'Altmann', NULL, NULL),
(221, 'Adina ', 'Buhmann', NULL, NULL),
(222, 'Burkhardt', 'Marschner', NULL, NULL),
(223, NULL, 'Timroth', NULL, NULL),
(224, 'Norgard', 'chlechter', NULL, NULL),
(225, 'Lorina', 'abst', NULL, NULL),
(226, 'Magnusson', 'Anger', NULL, NULL),
(227, 'Siegmund', 'Konradi', NULL, NULL),
(228, 'Maret', 'Tischbein', NULL, NULL),
(229, 'Borchard', 'chmidt', NULL, NULL),
(230, 'Hanfried', 'Bülow', NULL, NULL),
(231, 'Ernö', 'Tischler', NULL, NULL),
(232, 'Mirinda', 'chmitz', NULL, NULL),
(233, 'Balte ', 'Luckner', NULL, NULL),
(234, 'Cedrella', 'Angst', NULL, NULL),
(235, 'Ravenna', 'Grünwald', NULL, NULL),
(236, 'Balduin ', 'Burgdorf', NULL, NULL),
(237, 'Hoyer', 'Appel', NULL, NULL),
(238, 'Moriz', 'Mauch', NULL, NULL),
(239, 'Xanthos', 'Kopf', NULL, NULL),
(240, 'Connie', 'Immerig', NULL, NULL),
(241, 'Cäsarius', 'Bürger', NULL, NULL),
(242, 'Adina ', 'Tissen', NULL, NULL),
(243, 'Pinkus', 'ander', NULL, NULL),
(244, 'Fenrir', 'Lungershausen', NULL, NULL),
(245, NULL, 'Guggenberger', NULL, NULL),
(246, 'Amona', 'chneider', NULL, NULL),
(247, 'Annalisa', 'Mauer', NULL, NULL),
(248, 'Dietger', 'atkuhl', NULL, NULL),
(249, 'Achime ', 'Mehring', NULL, NULL),
(250, 'Nessaja', 'Arnold', NULL, NULL),
(251, 'Destina', 'Kopp', NULL, NULL),
(252, 'Priska', 'Burkhard', NULL, NULL),
(253, 'Markward', 'Ittenbach', NULL, NULL),
(254, 'Jupp', 'Totleben', NULL, NULL),
(255, 'Augustina', 'chneidermann', NULL, NULL),
(256, 'Almut', 'Mager', NULL, NULL),
(257, 'Crescentia', 'Köstlin', NULL, NULL),
(258, 'Odilia', 'Assmann', NULL, NULL),
(259, 'Waltraud', 'Günther', NULL, NULL),
(260, 'Ekkea', 'Dahrendorf', NULL, NULL),
(261, 'Adina ', 'Auerbach', NULL, NULL),
(262, 'Seraja', 'aul', NULL, NULL),
(263, 'Dodo', 'Dannenberg', NULL, NULL),
(264, 'Gerwald', 'Baade', NULL, NULL),
(265, 'Clodomer', 'Makensen', NULL, NULL),
(266, 'Friedebrecht', 'Meiendorf', NULL, NULL),
(267, 'Fabiane', 'Danziger', NULL, NULL),
(268, 'Hunbert', 'Kraft', NULL, NULL),
(269, 'Adlin ', 'aulig', NULL, NULL),
(270, 'Liebwin', 'Bach', NULL, NULL),
(271, 'Tabea', 'Jäger', NULL, NULL),
(272, 'Lynna', 'Treviranus', NULL, NULL),
(273, 'Feline', 'Gutzeit', NULL, NULL),
(274, NULL, 'choll', NULL, NULL),
(275, 'Adina ', 'Trübner', NULL, NULL),
(276, 'Wittekind', 'chön', NULL, NULL),
(277, 'Zyprian', 'Jens', NULL, NULL),
(278, NULL, 'Haack', NULL, NULL),
(279, 'Eustachius', 'Meier', NULL, NULL),
(280, 'Balian ', 'Jensen', NULL, NULL),
(281, 'Gangolf', 'Dautzenberg', NULL, NULL),
(282, 'Walahfried', 'Ude', NULL, NULL),
(283, 'Vinzent', 'chönberg', NULL, NULL),
(284, 'Ulrich', 'Bachmann', NULL, NULL),
(285, 'Hoyer', 'Haas', NULL, NULL),
(286, 'Lainy', 'eiper', NULL, NULL),
(287, 'Barthel ', 'Meissner', NULL, NULL),
(288, 'Baldur ', 'Delbrück', NULL, NULL),
(289, 'Magda', 'Maler', NULL, NULL),
(290, 'Abby ', 'erl', NULL, NULL),
(291, 'Gert', 'Bartels', NULL, NULL),
(292, 'Bodobert', 'Jentsch', NULL, NULL),
(293, 'Bodo', 'Kramer', NULL, NULL),
(294, 'Sigmar', 'Uhlig', NULL, NULL),
(295, NULL, 'chreier', NULL, NULL),
(296, NULL, 'Meltzer', NULL, NULL),
(297, 'Elean', 'Ulbricht', NULL, NULL),
(298, 'Pares', 'chröder', NULL, NULL),
(299, 'Maret', 'Hackl', NULL, NULL),
(300, 'Friedrich', 'Ullmann', NULL, NULL),
(301, 'Balintt ', 'Jerg', NULL, NULL),
(302, 'Balte ', 'Dils', NULL, NULL),
(303, 'Witege', 'Mann', NULL, NULL),
(304, 'Elfrida', 'feifer', NULL, NULL),
(305, 'Hede', 'Melzer', NULL, NULL),
(306, 'Eyff', 'chubert', NULL, NULL),
(307, 'Lotti', 'Kraus', NULL, NULL),
(308, 'Jenoira', 'Hagemann', NULL, NULL),
(309, 'Rieke', 'John', NULL, NULL),
(310, 'Izanuela', 'flüger', NULL, NULL),
(311, 'Bernharde', 'Unger', NULL, NULL),
(312, NULL, 'Mencke', NULL, NULL),
(313, 'Frede', 'Hagen', NULL, NULL),
(314, 'Kara', 'Kallisen', NULL, NULL),
(315, 'Zinnia', 'Krause', NULL, NULL),
(316, 'Silena', 'ichler', NULL, NULL),
(317, NULL, 'Kalm', NULL, NULL),
(318, 'Lupine', 'Josef', NULL, NULL),
(319, 'Wigmar', 'Menger', NULL, NULL),
(320, 'Dankert', 'Hager', NULL, NULL),
(321, 'Cilia', 'Krebs', NULL, NULL),
(322, 'Dietrich', 'Bauer', NULL, NULL),
(323, 'Menowin', 'later', NULL, NULL),
(324, 'Richart', 'Menzel', NULL, NULL),
(325, 'Diemuth', 'Kaltenbrunner', NULL, NULL),
(326, 'Raginhard', 'Dippel', NULL, NULL),
(327, NULL, 'Joseph', NULL, NULL),
(328, 'Cathrina', 'Krenz', NULL, NULL),
(329, 'Franko', 'Kamphausen', NULL, NULL),
(330, 'Umani', 'Kretschmer', NULL, NULL),
(331, 'Elvine', 'Baum', NULL, NULL),
(332, 'Gela', 'Ditmar', NULL, NULL),
(333, 'Zefania', 'chuhmacher', NULL, NULL),
(334, 'Adina ', 'Vogt', NULL, NULL),
(335, 'Radolf', 'Baumann', NULL, NULL),
(336, 'Gumpert', 'lehwe', NULL, NULL),
(337, 'Jendris', 'chulmann', NULL, NULL),
(338, 'Wigbert', 'Kant', NULL, NULL),
(339, 'Damasus', 'Mering', NULL, NULL),
(340, 'Annaliese', 'Hammerschmidt', NULL, NULL),
(341, 'Balduin ', 'Döring', NULL, NULL),
(342, 'Fleurelle', 'reuss', NULL, NULL),
(343, 'Kiany', 'Baumbach', NULL, NULL),
(344, 'Esthera', 'Dorn', NULL, NULL),
(345, 'Ravenna', 'Kromberg', NULL, NULL),
(346, 'Josy', 'Baumgarten', NULL, NULL),
(347, 'Faustinus', 'Merkel', NULL, NULL),
(348, 'Linux', 'Dörner', NULL, NULL),
(349, 'Bartel ', 'Kantor', NULL, NULL),
(350, 'Adelinde ', 'Kronberg', NULL, NULL),
(351, 'Lionella', 'Baur', NULL, NULL),
(352, 'Bartholomäus ', 'Jost', NULL, NULL),
(353, 'Helvin', 'Karus', NULL, NULL),
(354, 'Aurion ', 'ritzel', NULL, NULL),
(355, 'Uodalrich', 'Voigt', NULL, NULL),
(356, 'Conni', 'Dötzer', NULL, NULL),
(357, 'Berti', 'Kronecker', NULL, NULL),
(358, 'Everly', 'Hanke', NULL, NULL),
(359, 'Skyline', 'Bebel', NULL, NULL),
(360, 'Colias', 'Metzger', NULL, NULL),
(361, 'Madline', 'Kade', NULL, NULL),
(362, 'Bero', 'ulver', NULL, NULL),
(363, 'Cyprienne', 'Meyendorf', NULL, NULL),
(364, 'Castigo', 'Drechsler', NULL, NULL),
(365, 'Ablona ', 'ascher', NULL, NULL),
(366, 'Lanzo', 'Meyer', NULL, NULL),
(367, 'Gunda', 'aspe', NULL, NULL),
(368, NULL, 'Mielke', NULL, NULL),
(369, 'Fridrun', 'Benz', NULL, NULL),
(370, 'Riko', 'atzenberger', NULL, NULL),
(371, 'Elisabetha', 'Drescher', NULL, NULL),
(372, 'Pitt', 'Berend', NULL, NULL),
(373, 'Ignatia', 'chulmeister', NULL, NULL),
(374, 'Balte ', 'Heckler', NULL, NULL),
(375, 'Helmute', 'Katz', NULL, NULL),
(376, 'Yan', 'Krüger', NULL, NULL),
(377, 'Lais', 'Katzmann', NULL, NULL),
(378, NULL, 'von Feierbach', NULL, NULL),
(379, 'Annelena', 'Milch', NULL, NULL),
(380, 'Finjus', 'chultz', NULL, NULL),
(381, 'Raimar', 'Kalb', NULL, NULL),
(382, NULL, 'Krummacher', NULL, NULL),
(383, 'Filou', 'Drews', NULL, NULL),
(384, 'Friedrich', 'auch', NULL, NULL),
(385, 'Catiana', 'Möbius', NULL, NULL),
(386, 'Zyriakus', 'Kauer', NULL, NULL),
(387, NULL, 'von Richthofen', NULL, NULL),
(388, 'Syria', 'Heidemann', NULL, NULL),
(389, 'Hruodolf', 'Berens', NULL, NULL),
(390, 'Ravissa', 'Dümmler', NULL, NULL),
(391, 'Mirinda', 'ausch', NULL, NULL),
(392, NULL, 'Berg', NULL, NULL),
(393, 'Bulk', 'Kruse', NULL, NULL),
(394, 'Felician', 'chulz', NULL, NULL),
(395, 'Friederun', 'Kalkbrenner', NULL, NULL),
(396, 'Gundula', 'Ebel', NULL, NULL),
(397, 'Jule', 'Wagner', NULL, NULL),
(398, 'Barthel ', 'ockenhaupt', NULL, NULL),
(399, 'Adelisa ', 'ebinder', NULL, NULL),
(400, 'Landolf', 'odersohn', NULL, NULL),
(401, 'Wigbert', 'chulze', NULL, NULL),
(402, 'Baldo ', 'eimer', NULL, NULL),
(403, 'Otila', 'Berger', NULL, NULL),
(404, 'Frieder', 'Ebert', NULL, NULL),
(405, 'Friedegunde', 'Kaufmann', NULL, NULL),
(406, NULL, 'orgen', NULL, NULL),
(407, 'Juvia', 'Walser', NULL, NULL),
(408, 'Marell', 'Bergmann', NULL, NULL),
(409, 'Ingolf', 'Küchelbecker', NULL, NULL),
(410, 'Ulfried', 'Kaulbach', NULL, NULL),
(411, 'Chanina', 'Eichenwald', NULL, NULL),
(412, 'Pinkus', 'Schwabe', NULL, NULL),
(413, 'Edeltrud', 'Küchenmeister', NULL, NULL),
(414, 'Deborian', 'einhold', NULL, NULL),
(415, 'Plektrudis', 'Keler', NULL, NULL),
(416, 'Ingobert', 'orgenstern', NULL, NULL),
(417, 'Linux', 'einrhard', NULL, NULL),
(418, 'Elsi', 'Heine', NULL, NULL),
(419, 'Marell', 'Bering', NULL, NULL),
(420, 'Baldo ', 'Walter', NULL, NULL),
(421, 'Gerwig', 'Küchler', NULL, NULL),
(422, 'Itria', 'Engel', NULL, NULL),
(423, 'Felin', 'Schwarz', NULL, NULL),
(424, 'Wido', 'Wassermann', NULL, NULL),
(425, 'Friedelotte', 'orgner', NULL, NULL),
(426, 'Uodalrich', 'Keller', NULL, NULL),
(427, 'Freimut', 'Kugler', NULL, NULL),
(428, 'Achime ', 'ennenkampf', NULL, NULL),
(429, 'Adelinde ', 'Bernhard', NULL, NULL),
(430, 'Kamilla', 'Kallenberg', NULL, NULL),
(431, 'Innocentia', 'Engelke', NULL, NULL),
(432, 'Nanni', 'Bilderling', NULL, NULL),
(433, 'Balian ', 'Kellermann', NULL, NULL),
(434, NULL, 'oritz', NULL, NULL),
(435, 'Anastina', 'Erdmann', NULL, NULL),
(436, 'Adelinde ', 'Bischof', NULL, NULL),
(437, 'Lioba', 'Etinger', NULL, NULL),
(438, 'Abeline ', 'Schwarzmann', NULL, NULL),
(439, 'Kara', 'Weigl', NULL, NULL),
(440, 'Yascha', 'Blank', NULL, NULL),
(441, 'Modena', 'Schweizer', NULL, NULL),
(442, 'Kowi', 'Kühn', NULL, NULL),
(443, 'Menowin', 'Heinemann', NULL, NULL),
(444, 'Dankmar', 'eutern', NULL, NULL),
(445, 'Gardi', 'Fleischer', NULL, NULL),
(446, 'Yehla', 'Fahrenkrog', NULL, NULL),
(447, 'Frederika', 'Weiss', NULL, NULL),
(448, NULL, 'oser', NULL, NULL),
(449, 'Ernö', 'Heinz', NULL, NULL),
(450, 'Gerburgis', 'ichter', NULL, NULL),
(451, 'Sigmar', 'Schwimmer', NULL, NULL),
(452, 'Erhard', 'Blind', NULL, NULL),
(453, 'Botlef', 'ozart', NULL, NULL),
(454, 'Herwald', 'Fleischmann', NULL, NULL),
(455, 'Augis', 'Kern', NULL, NULL),
(456, 'Cesar', 'Heinzmann', NULL, NULL),
(457, NULL, 'ickert', NULL, NULL),
(458, 'Christof', 'Forster', NULL, NULL),
(459, 'Ruwen', 'Heitsch', NULL, NULL),
(460, 'Ablona ', 'Fährmann', NULL, NULL),
(461, NULL, 'üller', NULL, NULL),
(462, 'Felizia', 'iedel', NULL, NULL),
(463, 'Kolumban', 'Block', NULL, NULL),
(464, 'Harwig', 'ünch', NULL, NULL),
(465, 'Kalena', 'ogge', NULL, NULL),
(466, 'Jördis', 'Falk', NULL, NULL),
(467, 'Thalie', 'Franke', NULL, NULL),
(468, 'Balduin ', 'Blücher', NULL, NULL),
(469, 'Pontianus', 'Kunze', NULL, NULL),
(470, 'Aegina ', 'ünchhausen', NULL, NULL),
(471, 'Armella', 'Weber', NULL, NULL),
(472, NULL, 'Seidemann', NULL, NULL),
(473, 'Fynnia', 'Heldman', NULL, NULL),
(474, 'Adine ', 'Wegener', NULL, NULL),
(475, 'Blandine', 'Kesselhut', NULL, NULL),
(476, 'Linelle', 'Kurz', NULL, NULL),
(477, 'Hannika', 'omberg', NULL, NULL),
(478, 'Erlefried', 'Franz', NULL, NULL),
(479, 'Frieder', 'Henkel', NULL, NULL),
(480, 'Akazia ', 'Kesselmann', NULL, NULL),
(481, 'Erentrudis', 'Seidlitz', NULL, NULL),
(482, 'Kundry', 'ünz', NULL, NULL),
(483, 'Lejana', 'Frenzel', NULL, NULL),
(484, 'Baldur ', 'Hermann', NULL, NULL),
(485, 'Maurus', 'Freund', NULL, NULL),
(486, 'Ezechiel', 'osenbaum', NULL, NULL),
(487, 'Marcellinus', 'Weltmann', NULL, NULL),
(488, 'Käte', 'Herzog', NULL, NULL),
(489, 'Baldrun', 'Fries', NULL, NULL),
(490, NULL, 'Lambert', NULL, NULL),
(491, 'Levinia', 'Hess', NULL, NULL),
(492, NULL, 'Kessler', NULL, NULL),
(493, NULL, 'Seiler', NULL, NULL),
(494, 'Haymo', 'Wentzel', NULL, NULL),
(495, 'Sagana', 'Frisch', NULL, NULL),
(496, 'Bernolf', 'Hesse', NULL, NULL),
(497, 'Bartel ', 'Lamprecht', NULL, NULL),
(498, NULL, 'Kinkel', NULL, NULL),
(499, 'Abby ', 'Landsberg', NULL, NULL),
(500, 'Caruso', 'Semper', NULL, NULL),
(501, 'Kresandra', 'Werner', NULL, NULL),
(502, 'Tita', 'Fuchs', NULL, NULL),
(503, 'Peronnik', 'Heuer', NULL, NULL),
(504, 'Silko', 'Fürstenberg', NULL, NULL),
(505, 'Christl', 'Siegel', NULL, NULL),
(506, 'California', 'Wieser', NULL, NULL),
(507, 'Caspar', 'Hielscher', NULL, NULL),
(508, 'Alphonsine', 'Sievers', NULL, NULL),
(509, 'Tana', 'Winkelhock', NULL, NULL),
(510, 'Friedebrecht', 'Silbermann', NULL, NULL),
(511, 'Yascha', 'Ganz', NULL, NULL),
(512, 'Viktoria', 'Winterhalter', NULL, NULL),
(513, NULL, 'Silberstein', NULL, NULL),
(514, 'Warinheri', 'Kirchner', NULL, NULL),
(515, 'Beda ', 'Lange', NULL, NULL),
(516, 'Lenneth', 'Wirt', NULL, NULL),
(517, NULL, 'Hildenbrand', NULL, NULL),
(518, 'Xanthe', 'Simmel', NULL, NULL),
(519, 'Colias', 'Kirschner', NULL, NULL),
(520, 'Ehrhard', 'Wolf', NULL, NULL),
(521, 'Christof', 'Langhof', NULL, NULL),
(522, 'Thaddea', 'Kistler', NULL, NULL),
(523, 'Bosse', 'Singer', NULL, NULL),
(524, NULL, 'Wohlzogen', NULL, NULL),
(525, 'Hermann', 'Sommer', NULL, NULL),
(526, 'Irenäus', 'Langmann', NULL, NULL),
(527, 'Eovyn', 'Wulf', NULL, NULL),
(528, 'Mangold', 'Kittel', NULL, NULL),
(529, NULL, 'Laub', NULL, NULL),
(530, 'Natanja', 'Klassen', NULL, NULL),
(531, 'Philippine', 'ünzenberg', NULL, NULL),
(532, 'Adriane ', 'Falkenhausen', NULL, NULL),
(533, 'Lionna', 'Laufer', NULL, NULL),
(534, 'Kuno', 'osenblatt', NULL, NULL),
(535, 'Ablona ', 'Zurbriggen', NULL, NULL),
(536, 'Sonnele', 'ünzer', NULL, NULL),
(537, 'Hypolit', 'osenkranz', NULL, NULL),
(538, 'Haimo', 'agel', NULL, NULL),
(539, 'Almuth', 'Klee', NULL, NULL),
(540, 'Mirijam', 'Lavater', NULL, NULL),
(541, 'Heidemaria', 'osenmüller', NULL, NULL),
(542, 'Krispin', 'Kleiber', NULL, NULL),
(543, 'Florens', 'Lechner', NULL, NULL),
(544, 'Bibi', 'Klein', NULL, NULL),
(545, 'Maex', 'Gardenberg', NULL, NULL),
(546, 'Sigmar', 'Blume', NULL, NULL),
(547, 'Polykarp', 'elke', NULL, NULL),
(548, NULL, 'Spangenberg', NULL, NULL),
(549, 'Silia', 'Zabel', NULL, NULL),
(550, 'Sakias', 'Lehmann', NULL, NULL),
(551, 'Friedalotta', 'Kleiner', NULL, NULL),
(552, 'Chlodomer', 'Hildenbrandt', NULL, NULL),
(553, 'Ebbe', 'Leist', NULL, NULL),
(554, 'Veritas', 'össler', NULL, NULL),
(555, 'Ladschana', 'Falkenstein', NULL, NULL),
(556, 'Josias', 'Kleinermann', NULL, NULL),
(557, 'Evodia', 'euenburg', NULL, NULL),
(558, 'Altburg', 'Spiegel', NULL, NULL),
(559, 'Eusebia', 'Leitner', NULL, NULL),
(560, 'Junius', 'otmann', NULL, NULL),
(561, 'Adlin ', 'Blumentahl', NULL, NULL),
(562, 'Lisabella', 'Zahn', NULL, NULL),
(563, 'Nestor', 'eumann', NULL, NULL),
(564, 'Narziß', 'otschield', NULL, NULL),
(565, 'Aloysia', 'euner', NULL, NULL),
(566, 'Friedwart', 'Feierbach', NULL, NULL),
(567, 'Poldi', 'Gartung', NULL, NULL),
(568, 'Minona', 'Böhm', NULL, NULL),
(569, NULL, 'Sprenger', NULL, NULL),
(570, 'Brunhild', 'Hildesheimer', NULL, NULL),
(571, 'Vienne', 'Kleinmann', NULL, NULL),
(572, 'Auguste', 'Gasenklever', NULL, NULL),
(573, NULL, 'Lemm', NULL, NULL),
(574, 'Role', 'Himmler', NULL, NULL),
(575, 'Natanael', 'üdiger', NULL, NULL),
(576, 'Annalisa', 'Kleist', NULL, NULL),
(577, 'Altburg', 'Gebbels', NULL, NULL),
(578, 'Bulk', 'Feigenbaum', NULL, NULL),
(579, 'Morlind', 'icolai', NULL, NULL),
(580, 'Ottokar', 'Bohnke', NULL, NULL),
(581, 'Brüne', 'Lengefeld', NULL, NULL),
(582, 'Fijara', 'Klemperer', NULL, NULL),
(583, 'Wolfrad', 'Zapf', NULL, NULL),
(584, 'Cecilie', 'Stackelberg', NULL, NULL),
(585, NULL, 'umpf', NULL, NULL),
(586, 'Erike', 'Hirsch', NULL, NULL),
(587, 'Achime ', 'Zeiger', NULL, NULL),
(588, 'Gundekar', 'Feigl', NULL, NULL),
(589, 'Felini', 'Gekkel', NULL, NULL),
(590, 'Herward', 'iemann', NULL, NULL),
(591, 'Frido', 'Lenz', NULL, NULL),
(592, 'Samoa', 'Klenze', NULL, NULL),
(593, 'Gustl', 'ack', NULL, NULL),
(594, 'Heddy', 'Hirschmann', NULL, NULL),
(595, 'Lulu', 'Stammer', NULL, NULL),
(596, 'Rebekka', 'Gelen', NULL, NULL),
(597, 'Yandric', 'Hitler', NULL, NULL),
(598, 'Bertina', 'Zeisel', NULL, NULL),
(599, 'Amika', 'Lerch', NULL, NULL),
(600, 'Cäsarius', 'Bohrmann', NULL, NULL),
(601, 'Sonique', 'Felder', NULL, NULL),
(602, 'Achime ', 'Klinger', NULL, NULL),
(603, 'Dore', 'Stein', NULL, NULL),
(604, 'Kyrillus', 'Zeiss', NULL, NULL),
(605, 'Hypolit', 'Lerner', NULL, NULL),
(606, 'Helmuth', 'ietzsche', NULL, NULL),
(607, 'Chlodomer', 'Bohrmann', NULL, NULL),
(608, 'Devid', 'acks', NULL, NULL),
(609, 'Zereena', 'itsch', NULL, NULL),
(610, NULL, 'Stern', NULL, NULL),
(611, 'Ulrik', 'Geller', NULL, NULL),
(612, 'Walburgis', 'ailer', NULL, NULL),
(613, 'Madlena', 'Feldkamp', NULL, NULL),
(614, NULL, 'olken', NULL, NULL),
(615, NULL, 'alemann', NULL, NULL),
(616, 'Rigobert', 'Zeller', NULL, NULL),
(617, 'Deborian', 'Klostermann', NULL, NULL),
(618, NULL, 'öller', NULL, NULL),
(619, NULL, 'ander', NULL, NULL),
(620, 'Bonifaz', 'Lichtenberg', NULL, NULL),
(621, 'Eligius', 'berländer', NULL, NULL),
(622, 'Gumbert', 'Bongard', NULL, NULL),
(623, 'Brünhilde', 'Klotz', NULL, NULL),
(624, 'Lambrecht', 'Strasser', NULL, NULL),
(625, NULL, 'Zenner', NULL, NULL),
(626, 'Bodobert', 'Stuchenberg', NULL, NULL),
(627, 'Hannes', 'Hochstetter', NULL, NULL),
(628, 'Ehrentrud', 'Genkel', NULL, NULL),
(629, 'Aurelie', 'Ziebel', NULL, NULL),
(630, 'Joleena', 'Stumpf', NULL, NULL),
(631, 'Jochen', 'Fellendorf', NULL, NULL),
(632, 'Baldur ', 'Bonke', NULL, NULL),
(633, 'Seraphinus', 'Zimmermann', NULL, NULL),
(634, 'Ziu', 'Hofer', NULL, NULL),
(635, 'Ingold', 'Tauberg', NULL, NULL),
(636, 'Thorald', 'Lichtenstein', NULL, NULL),
(637, 'Kalixtus', 'Kloz', NULL, NULL),
(638, 'Dorothea', 'Zinger', NULL, NULL),
(639, 'Catharina', 'Gering', NULL, NULL),
(640, 'Zebedäus', 'Höfermann', NULL, NULL),
(641, 'Elinora', 'Tausig', NULL, NULL),
(642, 'Annalina', 'Liebknecht', NULL, NULL),
(643, 'Lovelle', 'Klug', NULL, NULL),
(644, 'Laija', 'Lindenau', NULL, NULL),
(645, 'Annelore', 'Gerlach', NULL, NULL),
(646, 'Balintt ', 'artorius', NULL, NULL),
(647, 'Adine ', 'Fetting', NULL, NULL),
(648, 'Georgy', 'Knecht', NULL, NULL),
(649, 'Levinia', 'Lindenstrauss', NULL, NULL),
(650, 'Paulina', 'Borsig', NULL, NULL),
(651, 'Helmuth', 'Hoffmann', NULL, NULL),
(652, 'Sanjae', 'bermaier', NULL, NULL),
(653, 'Daimon', 'Feuchtwanger', NULL, NULL),
(654, 'Adina ', 'Zöller', NULL, NULL),
(655, 'Nico', 'Tausch', NULL, NULL),
(656, 'Rayla', 'Brandes', NULL, NULL),
(657, 'Florien', 'Zuckermann', NULL, NULL),
(658, 'Ayanta', 'chacht', NULL, NULL),
(659, 'Geva', 'Gerngross', NULL, NULL),
(660, NULL, 'Knobel', NULL, NULL),
(661, 'Hilaria', 'Feuerbach', NULL, NULL),
(662, 'Corbinian', 'bermann', NULL, NULL),
(663, 'Avera ', 'Taschenberg', NULL, NULL),
(664, 'Seraja', 'chall', NULL, NULL),
(665, NULL, 'bermeyer', NULL, NULL),
(666, 'Xenie', 'chelling', NULL, NULL),
(667, 'Christof', 'Högl', NULL, NULL),
(668, 'Dewin', 'chechtel', NULL, NULL),
(669, 'Jürg', 'Tetzner', NULL, NULL),
(670, 'Tjorven', 'Gertz', NULL, NULL),
(671, 'Odovacar', 'Linger', NULL, NULL),
(672, 'Abeline ', 'Homeyer', NULL, NULL),
(673, 'Elfine', 'Koch', NULL, NULL),
(674, 'Jutta', 'Lipsius', NULL, NULL),
(675, 'Bonifaz', 'chiefer', NULL, NULL),
(676, 'Gottschalk', 'Brandt', NULL, NULL),
(677, 'Marbot', 'Glasenap', NULL, NULL),
(678, 'Luiselotte', 'chs', NULL, NULL),
(679, 'Faustinus', 'Kohlberg', NULL, NULL),
(680, 'Gerd', 'Lochner', NULL, NULL),
(681, 'Pankraz', 'Honecker', NULL, NULL),
(682, 'Mingard', 'Glauber', NULL, NULL),
(683, 'Joannis', 'Feuermann', NULL, NULL),
(684, 'Herwig', 'Braunfels', NULL, NULL),
(685, 'Horstine', 'Feyerabend', NULL, NULL),
(686, NULL, 'Bremer', NULL, NULL),
(687, 'Swala', 'Finkelstein', NULL, NULL),
(688, 'Gunde', 'Brenner', NULL, NULL),
(689, 'Armella', 'Thaler', NULL, NULL),
(690, 'Lenette', 'Fischer', NULL, NULL),
(691, 'Otwin', 'Brockhaus', NULL, NULL),
(692, 'Erkenbald', 'chefer', NULL, NULL),
(693, 'Tjorden', 'ppert', NULL, NULL),
(694, NULL, 'Honigmann', NULL, NULL),
(695, NULL, 'Goldhaber', NULL, NULL),
(696, 'Waldomir', 'cheffer', NULL, NULL),
(697, NULL, 'Fischnaller', NULL, NULL),
(698, 'Menne', 'Hopfer', NULL, NULL),
(699, 'Mareline', 'Bruner', NULL, NULL),
(700, 'Gunter', 'Göring', NULL, NULL),
(701, 'Elwine', 'Köhne', NULL, NULL),
(702, 'Sieglinde', 'Abel', NULL, NULL),
(703, 'Lyana', 'Brunner', NULL, NULL),
(704, NULL, 'stermann', NULL, NULL),
(705, 'Birklinde', 'Abert', NULL, NULL),
(706, NULL, 'cheidemann', NULL, NULL),
(707, 'Gottschalk', 'Lohmann', NULL, NULL),
(708, 'Endrik', 'stwald', NULL, NULL),
(709, 'Juditha', 'chiller', NULL, NULL),
(710, 'Naissa', 'Hopp', NULL, NULL),
(711, 'Florin', 'Thalberg', NULL, NULL),
(712, 'Haiko', 'Buchholz', NULL, NULL),
(713, 'Line', 'Abich', NULL, NULL),
(714, 'Nastja', 'Kolbe', NULL, NULL),
(715, 'Solemnia', 'Gossen', NULL, NULL),
(716, 'Berngar', 'Lohrer', NULL, NULL),
(717, 'Elfine', 'Köler', NULL, NULL),
(718, 'Bernhard', 'Manstein', NULL, NULL),
(719, 'Maex', 'verbeck', NULL, NULL),
(720, NULL, 'Horkheimer', NULL, NULL),
(721, 'Aurion ', 'Loos', NULL, NULL),
(722, 'Arlett', 'Buchloh', NULL, NULL),
(723, 'Armella', 'König', NULL, NULL),
(724, 'Abbeygail ', 'Lorenz', NULL, NULL),
(725, 'Koloman', 'Grabbe', NULL, NULL),
(726, 'Edelbert', 'Hörman', NULL, NULL),
(727, NULL, 'chirrmann', NULL, NULL),
(728, 'Tizian', 'Marschner', NULL, NULL),
(729, 'Cyriacus', 'Abicht', NULL, NULL),
(730, 'Liafwin', 'Timroth', NULL, NULL),
(731, 'Danya', 'chlechter', NULL, NULL),
(732, 'Bertina', 'Tischbein', NULL, NULL),
(733, 'Eberharda', 'chmidt', NULL, NULL),
(734, 'Ablona ', 'abst', NULL, NULL),
(735, 'Curd', 'Grasse', NULL, NULL),
(736, 'Juta', 'Konradi', NULL, NULL),
(737, 'Lennika', 'Luckner', NULL, NULL),
(738, 'Ottmar', 'Mauch', NULL, NULL),
(739, 'Juéline', 'Tischler', NULL, NULL),
(740, NULL, 'ander', NULL, NULL),
(741, 'Dodo', 'Mauer', NULL, NULL),
(742, 'Waltraud', 'Buchmeyer', NULL, NULL),
(743, 'Baldo ', 'chmitz', NULL, NULL),
(744, 'Balduin ', 'atkuhl', NULL, NULL),
(745, 'Thöger', 'Kopf', NULL, NULL),
(746, 'Clarence', 'Mehring', NULL, NULL),
(747, NULL, 'Hornberger', NULL, NULL),
(748, 'Philipp', 'aul', NULL, NULL),
(749, 'Madlene', 'Tissen', NULL, NULL),
(750, 'Hesekiel', 'Meiendorf', NULL, NULL),
(751, 'Aristine', 'Lungershausen', NULL, NULL),
(752, 'Markus', 'Adler', NULL, NULL),
(753, 'Burkart', 'Greuel', NULL, NULL),
(754, 'Lukian', 'Kopp', NULL, NULL),
(755, 'Dark', 'Mager', NULL, NULL),
(756, 'Esra', 'aulig', NULL, NULL),
(757, 'Wigald', 'Köstlin', NULL, NULL),
(758, 'Ebbe', 'chneider', NULL, NULL),
(759, 'Eduard', 'Buchner', NULL, NULL),
(760, NULL, 'Albrecht', NULL, NULL),
(761, 'Caspara', 'Meier', NULL, NULL),
(762, 'Cinja', 'eiper', NULL, NULL),
(763, 'Nepomuk', 'Hornschuh', NULL, NULL),
(764, 'Maylon', 'Makensen', NULL, NULL),
(765, NULL, 'Totleben', NULL, NULL),
(766, 'Feline', 'Grimm', NULL, NULL),
(767, 'Hadufuns', 'Hoyer', NULL, NULL),
(768, 'Avila', 'Büchner', NULL, NULL),
(769, 'Alenia ', 'chneidermann', NULL, NULL),
(770, 'Corvinus', 'Kraft', NULL, NULL),
(771, 'Clementia', 'Treviranus', NULL, NULL),
(772, 'Eckard', 'Altmann', NULL, NULL),
(773, 'Gustav', 'Meissner', NULL, NULL),
(774, 'Elika', 'erl', NULL, NULL),
(775, 'Baldur ', 'Maler', NULL, NULL),
(776, 'Miria', 'Kramer', NULL, NULL),
(777, 'Dorle', 'Grossmann', NULL, NULL),
(778, 'Clarinde', 'Hübner', NULL, NULL),
(779, 'Iustina', 'Buhmann', NULL, NULL),
(780, NULL, 'Gruber', NULL, NULL),
(781, 'Maex', 'Hummel', NULL, NULL),
(782, 'Luna', 'Mann', NULL, NULL),
(783, NULL, 'Anger', NULL, NULL),
(784, 'Joelle', 'Meltzer', NULL, NULL),
(785, 'Tjorge', 'Grünbaum', NULL, NULL),
(786, 'Ejs', 'Kraus', NULL, NULL),
(787, 'Filla', 'choll', NULL, NULL),
(788, 'Othmar', 'Trübner', NULL, NULL),
(789, 'Ailine ', 'Bülow', NULL, NULL),
(790, 'Daymon', 'feifer', NULL, NULL),
(791, 'Christoffel', 'Angst', NULL, NULL),
(792, 'Marinjo', 'Husemann', NULL, NULL),
(793, 'Liara', 'Grundig', NULL, NULL),
(794, 'Vienna', 'Burgdorf', NULL, NULL),
(795, 'Viktoria', 'Hut', NULL, NULL),
(796, 'Hadubrand', 'Melzer', NULL, NULL),
(797, 'Beda ', 'flüger', NULL, NULL),
(798, 'Alwine', 'chön', NULL, NULL),
(799, 'Manoa', 'Grünenfelder', NULL, NULL),
(800, 'Endris', 'Mencke', NULL, NULL),
(801, 'Ablona ', 'Ude', NULL, NULL),
(802, 'Romegius', 'chönberg', NULL, NULL),
(803, NULL, 'Appel', NULL, NULL),
(804, 'Menowin', 'Imhof', NULL, NULL),
(805, 'Friedburg', 'Kallisen', NULL, NULL),
(806, 'Jakobus', 'ichler', NULL, NULL),
(807, 'Burkard', 'Uhlig', NULL, NULL),
(808, 'Annelene', 'Grünwald', NULL, NULL),
(809, 'Eberhart', 'Immerig', NULL, NULL),
(810, 'Smudo', 'Menger', NULL, NULL),
(811, 'Sigwin', 'Guggenberger', NULL, NULL),
(812, 'Narziss', 'Ittenbach', NULL, NULL),
(813, 'Achime ', 'Günther', NULL, NULL),
(814, 'Vulpecula', 'Krause', NULL, NULL),
(815, 'Aglaja ', 'later', NULL, NULL),
(816, 'Lukas', 'chreier', NULL, NULL),
(817, 'Janete', 'Kalm', NULL, NULL),
(818, 'Alruna', 'Bürger', NULL, NULL),
(819, 'Wastl', 'Arnold', NULL, NULL),
(820, 'Kordelia', 'Jäger', NULL, NULL),
(821, 'Levia', 'Gutzeit', NULL, NULL),
(822, 'Cecilie', 'Menzel', NULL, NULL),
(823, NULL, 'Ulbricht', NULL, NULL),
(824, 'Poldi', 'Burkhard', NULL, NULL),
(825, 'Adlin ', 'lehwe', NULL, NULL),
(826, 'Friedbert', 'Krebs', NULL, NULL),
(827, 'Rüdiger', 'Kaltenbrunner', NULL, NULL),
(828, 'Annafee', 'Jens', NULL, NULL),
(829, NULL, 'Assmann', NULL, NULL),
(830, 'Raginmund', 'Dahrendorf', NULL, NULL),
(831, NULL, 'Auerbach', NULL, NULL),
(832, 'Bartel ', 'Mering', NULL, NULL),
(833, 'Ruthilde', 'Krenz', NULL, NULL),
(834, 'Friedebrecht', 'Dannenberg', NULL, NULL),
(835, 'Aurion ', 'Kamphausen', NULL, NULL),
(836, NULL, 'chröder', NULL, NULL),
(837, 'Erwald', 'reuss', NULL, NULL),
(838, NULL, 'Kretschmer', NULL, NULL),
(839, 'Oktavus', 'Ullmann', NULL, NULL),
(840, 'Wirk', 'Baade', NULL, NULL),
(841, 'Ionita', 'chubert', NULL, NULL),
(842, 'Ottokar', 'Kant', NULL, NULL),
(843, NULL, 'Kromberg', NULL, NULL),
(844, 'Balintt ', 'Haack', NULL, NULL),
(845, 'Frowine', 'Merkel', NULL, NULL),
(846, 'Mirabell', 'Unger', NULL, NULL),
(847, 'Anais', 'chuhmacher', NULL, NULL),
(848, 'Cäsar', 'Kantor', NULL, NULL),
(849, 'Jan-Luca', 'Kronberg', NULL, NULL),
(850, 'Dany', 'ritzel', NULL, NULL),
(851, 'Erwin', 'Karus', NULL, NULL),
(852, 'Bitja', 'Danziger', NULL, NULL),
(853, 'Otger', 'Metzger', NULL, NULL),
(854, 'Dora', 'Jensen', NULL, NULL),
(855, 'Elieser', 'Haas', NULL, NULL),
(856, 'Pit', 'ulver', NULL, NULL),
(857, 'Chaymae', 'Kronecker', NULL, NULL),
(858, 'Thorson', 'Bach', NULL, NULL),
(859, 'Adlin ', 'Vogt', NULL, NULL),
(860, 'Erentrud', 'Dautzenberg', NULL, NULL),
(861, 'Jael', 'Katz', NULL, NULL),
(862, 'Florentine', 'Krüger', NULL, NULL),
(863, 'Canela', 'chulmann', NULL, NULL),
(864, 'Akelei ', 'Bachmann', NULL, NULL),
(865, 'Eberhard', 'Voigt', NULL, NULL),
(866, 'Freimut', 'Jentsch', NULL, NULL),
(867, 'Rijana', 'chulmeister', NULL, NULL),
(868, 'Vinzentia', 'Katzmann', NULL, NULL),
(869, 'Bartel ', 'Hackl', NULL, NULL),
(870, 'Cäsar', 'Meyendorf', NULL, NULL),
(871, 'Julica', 'von Feierbach', NULL, NULL),
(872, 'Bernolf', 'Krummacher', NULL, NULL),
(873, 'Lisandra', 'ascher', NULL, NULL),
(874, 'Ravena', 'Kauer', NULL, NULL),
(875, 'Claus', 'Delbrück', NULL, NULL),
(876, 'Rimja', 'Meyer', NULL, NULL),
(877, 'Friederun', 'chultz', NULL, NULL),
(878, 'Romedius', 'aspe', NULL, NULL),
(879, 'Philipp', 'Kruse', NULL, NULL),
(880, 'Merlinde', 'von Richthofen', NULL, NULL),
(881, 'Alejna ', 'Mielke', NULL, NULL),
(882, 'Yannah', 'Bartels', NULL, NULL),
(883, 'Nicol', 'chulz', NULL, NULL),
(884, 'Raiko', 'Wagner', NULL, NULL),
(885, 'Xaver', 'chulze', NULL, NULL),
(886, 'Bartholomäus ', 'Dils', NULL, NULL),
(887, 'Alraune', 'Bauer', NULL, NULL),
(888, NULL, 'Dippel', NULL, NULL),
(889, NULL, 'Kaufmann', NULL, NULL),
(890, NULL, 'Küchelbecker', NULL, NULL),
(891, 'Mischael', 'Walser', NULL, NULL),
(892, 'Uli', 'Baum', NULL, NULL),
(893, 'Rüder', 'Schwabe', NULL, NULL),
(894, 'Ducati', 'atzenberger', NULL, NULL),
(895, 'Berengar', 'Milch', NULL, NULL),
(896, 'Farona', 'Kaulbach', NULL, NULL),
(897, 'Ive', 'Küchenmeister', NULL, NULL),
(898, 'Wolfsindis', 'auch', NULL, NULL),
(899, NULL, 'Ditmar', NULL, NULL),
(900, NULL, 'Keler', NULL, NULL),
(901, 'Lumina', 'Baumann', NULL, NULL),
(902, 'Dankmar', 'Walter', NULL, NULL),
(903, 'Finian', 'Schwarz', NULL, NULL),
(904, NULL, 'Möbius', NULL, NULL),
(905, 'Eitel-Fritz', 'Küchler', NULL, NULL),
(906, 'Joas', 'Keller', NULL, NULL),
(907, 'Amika', 'ausch', NULL, NULL),
(908, 'Corvinus', 'Kugler', NULL, NULL),
(909, NULL, 'Döring', NULL, NULL),
(910, 'Reesa', 'Baumbach', NULL, NULL),
(911, 'Nuna', 'Dorn', NULL, NULL),
(912, 'Minette', 'Baumgarten', NULL, NULL),
(913, 'Coppelius', 'Jerg', NULL, NULL),
(914, 'Balian ', 'Kellermann', NULL, NULL),
(915, 'Neolie', 'Kühn', NULL, NULL),
(916, 'Godwin', 'Hagemann', NULL, NULL),
(917, 'Hadufuns', 'John', NULL, NULL),
(918, 'Casady', 'Hagen', NULL, NULL),
(919, NULL, 'ockenhaupt', NULL, NULL),
(920, 'Radolf', 'Kern', NULL, NULL),
(921, 'Ottomar', 'Josef', NULL, NULL),
(922, 'Friederika', 'Dörner', NULL, NULL),
(923, 'Selmar', 'Kunze', NULL, NULL),
(924, 'Kain', 'Kesselhut', NULL, NULL),
(925, 'Izanuela', 'ebinder', NULL, NULL),
(926, 'Hanneliese', 'Wassermann', NULL, NULL),
(927, NULL, 'Schwarzmann', NULL, NULL),
(928, 'Jakobine', 'odersohn', NULL, NULL),
(929, 'Haike', 'eimer', NULL, NULL),
(930, NULL, 'Kurz', NULL, NULL),
(931, 'Yoda', 'Kesselmann', NULL, NULL),
(932, 'Manusch', 'Hager', NULL, NULL),
(933, 'Django', 'Joseph', NULL, NULL),
(934, 'Askanja', 'Weigl', NULL, NULL),
(935, 'Inra', 'Baur', NULL, NULL),
(936, 'Richmute', 'Lambert', NULL, NULL),
(937, NULL, 'orgen', NULL, NULL),
(938, 'Arlett', 'Schweizer', NULL, NULL),
(939, 'Clivia', 'Hammerschmidt', NULL, NULL),
(940, 'Bithja', 'Dötzer', NULL, NULL),
(941, NULL, 'Kessler', NULL, NULL),
(942, 'Adina ', 'Bebel', NULL, NULL),
(943, 'Hilar', 'Jost', NULL, NULL),
(944, 'Pauleen', 'Hanke', NULL, NULL),
(945, 'Jehova', 'Weiss', NULL, NULL),
(946, 'Eusebius', 'Lamprecht', NULL, NULL),
(947, 'Adlin ', 'einhold', NULL, NULL),
(948, 'Linnart', 'Kinkel', NULL, NULL),
(949, 'Ijob', 'Schwimmer', NULL, NULL),
(950, 'Emilienne', 'Kade', NULL, NULL),
(951, 'Balian ', 'Landsberg', NULL, NULL),
(952, NULL, 'Kirchner', NULL, NULL),
(953, 'Reglindis', 'orgenstern', NULL, NULL),
(954, 'Gundela', 'Weber', NULL, NULL),
(955, 'Chlodomer', 'Heckler', NULL, NULL),
(956, 'Wedekind', 'Seidemann', NULL, NULL),
(957, 'Nena', 'Kalb', NULL, NULL),
(958, 'Talisja', 'einrhard', NULL, NULL),
(959, 'Adina ', 'orgner', NULL, NULL),
(960, 'Viveca', 'Heidemann', NULL, NULL),
(961, 'Fabiane', 'Wegener', NULL, NULL),
(962, 'Aylia', 'Seidlitz', NULL, NULL),
(963, 'Pondus', 'Drechsler', NULL, NULL),
(964, 'Junipa', 'ennenkampf', NULL, NULL),
(965, NULL, 'Lange', NULL, NULL),
(966, NULL, 'oritz', NULL, NULL),
(967, 'Kensie', 'Kirschner', NULL, NULL),
(968, 'Eckbert', 'Weltmann', NULL, NULL),
(969, 'Raimar', 'Langhof', NULL, NULL),
(970, 'Ottheinrich', 'Benz', NULL, NULL),
(971, 'Sonnwin', 'Seiler', NULL, NULL),
(972, 'Ehrentraud', 'Wentzel', NULL, NULL),
(973, 'Eleanora', 'Semper', NULL, NULL),
(974, NULL, 'Drescher', NULL, NULL),
(975, 'Gundelindis', 'eutern', NULL, NULL),
(976, 'Egidius', 'Kalkbrenner', NULL, NULL),
(977, 'Jutte', 'Werner', NULL, NULL),
(978, 'Berno', 'oser', NULL, NULL),
(979, 'Demokrit', 'Kistler', NULL, NULL),
(980, 'Tobi', 'Berend', NULL, NULL),
(981, 'Getraud', 'ichter', NULL, NULL),
(982, 'Ellenor', 'ozart', NULL, NULL),
(983, 'Amika', 'Heine', NULL, NULL),
(984, 'Genefra', 'Siegel', NULL, NULL),
(985, 'Alicandra ', 'ickert', NULL, NULL),
(986, 'Erko', 'Langmann', NULL, NULL),
(987, 'Xaver', 'Drews', NULL, NULL),
(988, 'Yanthe', 'Kittel', NULL, NULL),
(989, 'Thassilo', 'Laub', NULL, NULL),
(990, 'Dorena', 'Berens', NULL, NULL),
(991, 'Yanthe', 'Dümmler', NULL, NULL),
(992, 'Fidelis', 'Klassen', NULL, NULL),
(993, 'Menne', 'üller', NULL, NULL),
(994, 'Mareline', 'Wieser', NULL, NULL),
(995, 'Friedemann', 'Sievers', NULL, NULL),
(996, 'Jupp', 'Kallenberg', NULL, NULL),
(997, 'Gerwald', 'iedel', NULL, NULL),
(998, 'Zinnia', 'Winkelhock', NULL, NULL),
(999, 'Loreenja', 'Heinemann', NULL, NULL),
(1000, 'Vitani', 'Berg', NULL, NULL);

-- 
-- Dumping data for table venden
--
INSERT INTO venden VALUES
(25, 472, 7, '2004-10-19', NULL),
(27, 1, 6, '1998-01-07', NULL),
(26, 477, 8, '1998-01-09', NULL),
(5, 272, 7, '2003-03-15', NULL),
(24, 489, 11, '1998-01-01', NULL),
(32, 880, 7, '2005-02-24', NULL),
(42, 96, 10, '2006-01-13', NULL),
(44, 938, 11, '2007-12-12', NULL),
(30, 267, 6, '1999-06-13', NULL),
(8, 296, 11, '2006-02-01', NULL),
(8, 748, 13, '2002-02-13', NULL),
(5, 616, 6, '2001-12-19', NULL),
(9, 753, 6, '2001-02-25', NULL),
(39, 610, 17, '2003-05-14', NULL),
(9, 943, 9, '2001-03-11', NULL),
(12, 697, 7, '2000-02-02', NULL),
(41, 973, 2, '2006-03-22', NULL),
(29, 58, 5, '1998-01-03', NULL),
(19, 432, 16, '2007-03-03', NULL),
(21, 745, 9, '2002-07-21', NULL),
(21, 751, 4, '2007-01-09', NULL),
(4, 686, 1, '1998-01-05', NULL),
(24, 608, 1, '1998-01-02', NULL),
(40, 562, 9, '2005-10-18', NULL),
(18, 724, 8, NULL, NULL),
(41, 477, 9, '2001-06-05', NULL),
(7, 334, 8, '2007-08-31', NULL),
(39, 65, 1, '2000-06-06', NULL),
(43, 662, 3, '1998-01-02', NULL),
(41, 71, 5, '1999-07-02', NULL),
(9, 602, 17, '2003-01-03', NULL),
(8, 94, 17, '2006-12-01', NULL),
(35, 567, 2, '2002-05-09', NULL),
(19, 859, 10, '1999-06-09', NULL),
(41, 907, 11, '2004-04-23', NULL),
(10, 234, 6, '1998-02-23', NULL),
(43, 844, 3, '2000-06-10', NULL),
(46, 540, 2, '2000-04-06', NULL),
(26, 56, 1, '1998-01-07', NULL),
(7, 484, 2, '2006-12-17', NULL),
(24, 225, 3, '1998-04-08', NULL),
(46, 514, 14, NULL, NULL),
(12, 509, 19, '2003-03-20', NULL),
(42, 600, 17, '2003-01-17', NULL),
(41, 103, 5, '1999-06-16', NULL),
(44, 385, 7, '1998-02-20', NULL),
(36, 947, 20, '2007-06-03', NULL),
(18, 797, 10, '1999-10-18', NULL),
(14, 358, 3, NULL, NULL),
(46, 825, 9, '1998-11-01', NULL),
(40, 612, 7, '2004-12-08', NULL),
(35, 599, 20, '2002-07-30', NULL),
(32, 763, 3, '2007-09-09', NULL),
(8, 801, 18, '2000-11-20', NULL),
(41, 776, 14, '2005-02-18', NULL),
(34, 587, 3, '1998-02-08', NULL),
(18, 549, 8, '2001-03-11', NULL),
(32, 148, 9, '1998-01-14', NULL),
(34, 702, 13, '2005-07-24', NULL),
(23, 568, 20, '1998-12-15', NULL),
(3, 704, 14, '2001-04-21', NULL),
(37, 314, 16, '2006-03-08', NULL),
(29, 884, 19, '2006-05-26', NULL),
(22, 906, 20, '2003-03-06', NULL),
(8, 116, 3, '1998-01-01', NULL),
(17, 394, 12, '2006-05-24', NULL),
(16, 747, 13, '2006-09-06', NULL),
(45, 570, 11, '2000-03-05', NULL),
(33, 600, 16, '2005-04-10', NULL),
(24, 383, 20, '2005-12-24', NULL),
(41, 244, 11, '2000-11-23', NULL),
(6, 824, 6, '1999-06-02', NULL),
(32, 826, 9, '2000-11-07', NULL),
(20, 285, 3, '2007-05-04', NULL),
(2, 803, 6, '1998-05-14', NULL),
(9, 592, 3, '2001-06-24', NULL),
(1, 552, 5, '2004-12-05', NULL),
(6, 775, 8, '2007-04-17', NULL),
(25, 925, 10, NULL, NULL),
(3, 482, 7, '2003-02-02', NULL),
(3, 834, 19, '2001-01-14', NULL),
(27, 58, 4, '2004-08-08', NULL),
(44, 315, 18, '1998-11-19', NULL),
(34, 817, 10, '1998-04-10', NULL),
(12, 940, 18, '1998-01-02', NULL),
(12, 41, 19, '2000-07-31', NULL),
(28, 497, 9, '2005-08-14', NULL),
(11, 509, 12, '2000-09-15', NULL),
(7, 900, 14, '2000-10-26', NULL),
(46, 978, 9, '1999-08-30', NULL),
(20, 245, 19, '1998-12-30', NULL),
(19, 106, 9, '1999-09-26', NULL),
(20, 708, 13, '2003-09-22', NULL),
(12, 247, 4, '2000-06-02', NULL),
(5, 651, 5, '2004-07-30', NULL),
(7, 248, 20, '2005-07-26', NULL),
(6, 434, 6, '2006-06-16', NULL),
(13, 347, 13, '1999-02-21', NULL),
(31, 193, 14, '2006-05-02', NULL),
(30, 804, 14, '2000-07-16', NULL),
(22, 259, 14, '2005-05-31', NULL),
(20, 271, 18, '2008-01-21', NULL),
(23, 611, 5, '1998-03-24', NULL),
(40, 935, 20, '2003-04-03', NULL),
(35, 468, 4, '2007-01-20', NULL),
(4, 93, 15, NULL, NULL),
(41, 492, 16, '1998-12-20', NULL),
(30, 161, 8, '2001-06-23', NULL),
(47, 804, 15, '1998-01-06', NULL),
(36, 795, 6, '1998-04-26', NULL),
(26, 435, 17, '2001-08-23', NULL),
(36, 825, 8, '1999-02-02', NULL),
(45, 346, 6, '2005-12-21', NULL),
(8, 726, 15, '2006-06-08', NULL),
(6, 194, 13, '2000-11-30', NULL),
(15, 315, 3, '2006-10-29', NULL),
(41, 819, 19, '2004-02-06', NULL),
(15, 375, 12, '1998-01-05', NULL),
(18, 33, 8, '1998-01-01', NULL),
(23, 272, 16, '1998-11-28', NULL),
(32, 273, 20, NULL, NULL),
(2, 928, 13, '2006-04-24', NULL),
(32, 682, 20, '1998-04-07', NULL),
(36, 309, 3, '2003-08-20', NULL),
(6, 208, 16, '2005-10-01', NULL),
(21, 641, 3, '2007-10-20', NULL),
(28, 941, 8, '2008-01-14', NULL),
(12, 315, 13, '2004-05-27', NULL),
(3, 830, 9, '2005-05-26', NULL),
(28, 528, 12, '2001-09-20', NULL),
(21, 178, 12, '2002-02-02', NULL),
(7, 756, 11, '2004-07-11', NULL),
(21, 524, 7, NULL, NULL),
(14, 406, 13, '1999-03-20', NULL),
(29, 890, 11, '2008-01-11', NULL),
(37, 543, 9, '2004-04-26', NULL),
(47, 387, 3, '2003-10-29', NULL),
(20, 627, 6, '2002-04-26', NULL),
(8, 719, 11, '1998-04-09', NULL),
(22, 595, 15, '2005-03-30', NULL),
(29, 195, 12, '2007-02-12', NULL),
(42, 377, 11, '2007-08-04', NULL),
(40, 969, 2, '2006-01-27', NULL),
(27, 195, 15, '2002-07-24', NULL),
(38, 744, 2, '1999-06-09', NULL),
(37, 787, 10, '2003-04-09', NULL),
(46, 520, 5, '2006-10-21', NULL),
(34, 314, 13, '1999-09-22', NULL),
(2, 37, 8, '2003-09-05', NULL),
(18, 279, 16, '2003-02-20', NULL),
(1, 444, 4, '1998-01-09', NULL),
(34, 23, 8, '1998-01-03', NULL),
(10, 356, 19, '2003-04-27', NULL),
(31, 116, 2, NULL, NULL),
(35, 816, 9, '1998-01-14', NULL),
(28, 591, 11, '1998-03-20', NULL),
(20, 41, 4, '2000-02-18', NULL),
(1, 122, 6, '1998-01-07', NULL),
(17, 830, 18, NULL, NULL),
(22, 950, 2, '2001-01-31', NULL),
(38, 995, 17, '1998-02-06', NULL),
(31, 655, 8, '2006-02-13', NULL),
(14, 743, 10, '2001-10-11', NULL),
(27, 619, 2, '2007-07-29', NULL),
(44, 936, 2, '2005-02-17', NULL),
(25, 1, 20, NULL, NULL),
(1, 207, 19, '2001-08-25', NULL),
(32, 65, 8, '2003-04-06', NULL),
(20, 326, 8, '1998-12-11', NULL),
(47, 468, 8, '2005-10-23', NULL),
(15, 640, 9, '2003-08-20', NULL),
(3, 742, 15, '2006-07-26', NULL),
(6, 74, 5, '1998-07-22', NULL),
(26, 491, 19, '1998-12-16', NULL),
(27, 216, 12, '2007-07-10', NULL),
(2, 327, 3, '2003-07-30', NULL),
(33, 166, 1, '2001-08-11', NULL),
(17, 447, 17, '2001-04-15', NULL),
(36, 368, 15, '1999-10-18', NULL),
(28, 134, 11, '1998-03-24', NULL),
(15, 687, 7, '2004-11-28', NULL),
(25, 130, 14, '1998-01-04', NULL),
(23, 347, 13, '2002-01-09', NULL),
(34, 162, 10, '1998-01-08', NULL),
(16, 433, 13, NULL, NULL),
(16, 280, 4, '2006-09-06', NULL),
(27, 437, 2, '2005-09-14', NULL),
(17, 210, 20, '1998-08-12', NULL),
(4, 144, 9, '2004-06-18', NULL),
(16, 317, 3, '2003-01-15', NULL),
(30, 948, 12, NULL, NULL),
(36, 328, 7, '2004-05-21', NULL),
(3, 185, 4, '1999-10-25', NULL),
(34, 487, 6, NULL, NULL),
(39, 104, 4, '2004-07-26', NULL),
(1, 480, 19, '1998-02-11', NULL),
(21, 303, 4, '2003-06-03', NULL),
(41, 216, 12, '2005-01-09', NULL),
(10, 950, 14, '2003-06-14', NULL),
(3, 556, 8, '1998-03-21', NULL),
(1, 565, 15, NULL, NULL),
(23, 149, 7, '2005-04-28', NULL),
(28, 115, 8, '1999-10-15', NULL),
(38, 329, 5, '1998-01-08', NULL),
(20, 540, 14, '2004-12-24', NULL),
(23, 985, 19, '2005-06-28', NULL),
(27, 297, 8, '2003-07-03', NULL),
(45, 954, 2, '2004-01-28', NULL),
(35, 692, 14, '1998-12-31', NULL),
(1, 439, 20, '1998-03-30', NULL),
(34, 968, 19, '2007-06-07', NULL),
(28, 426, 11, '2007-10-02', NULL),
(26, 216, 9, '1999-03-09', NULL),
(23, 902, 2, '2000-01-28', NULL),
(22, 75, 5, '2001-11-29', NULL),
(36, 877, 3, '2007-03-14', NULL),
(28, 994, 15, '1998-03-19', NULL),
(47, 401, 5, NULL, NULL),
(6, 735, 6, '2006-11-29', NULL),
(18, 761, 6, '1998-01-24', NULL),
(47, 336, 12, '1998-02-07', NULL),
(35, 182, 16, '2002-12-08', NULL),
(20, 140, 12, '2006-07-21', NULL),
(3, 933, 2, '1999-04-23', NULL),
(37, 100, 16, NULL, NULL),
(47, 493, 6, '2004-12-15', NULL),
(36, 343, 9, '2005-08-10', NULL),
(47, 579, 17, '2002-04-17', NULL),
(33, 390, 2, '1998-01-05', NULL),
(2, 899, 4, '1998-01-08', NULL),
(10, 658, 10, '2001-10-26', NULL),
(45, 71, 4, '2002-05-30', NULL),
(4, 853, 19, '1999-01-04', NULL),
(2, 510, 15, '2006-06-06', NULL),
(20, 657, 8, '2005-07-27', NULL),
(27, 138, 20, '2003-05-07', NULL),
(6, 574, 5, '1998-06-14', NULL),
(25, 328, 2, '1999-08-18', NULL),
(42, 857, 11, '1998-05-24', NULL),
(16, 498, 15, '2003-02-24', NULL),
(12, 934, 18, '2006-03-01', NULL),
(13, 309, 13, '1999-04-09', NULL),
(7, 23, 10, '2006-12-28', NULL),
(45, 439, 17, '2000-02-16', NULL),
(42, 431, 3, '2007-12-29', NULL),
(3, 644, 13, '2006-10-08', NULL),
(21, 853, 12, '2003-08-11', NULL),
(26, 535, 9, NULL, NULL),
(20, 644, 6, '2002-03-26', NULL),
(24, 979, 11, '1998-01-06', NULL),
(46, 572, 19, '1998-03-28', NULL),
(20, 138, 16, '2007-06-05', NULL),
(14, 469, 6, '1998-05-18', NULL),
(31, 465, 1, NULL, NULL),
(31, 60, 11, '2004-01-21', NULL),
(15, 754, 7, '2006-08-04', NULL),
(25, 422, 20, '1998-09-05', NULL),
(17, 697, 18, '1998-03-15', NULL),
(25, 202, 8, '2001-03-19', NULL),
(10, 875, 20, '1998-08-14', NULL),
(43, 311, 10, '2006-05-10', NULL),
(32, 798, 10, '1998-01-10', NULL),
(23, 352, 14, '2006-12-08', NULL),
(41, 775, 15, '1998-01-07', NULL),
(2, 261, 4, '2007-07-27', NULL),
(36, 874, 13, '2002-10-05', NULL),
(43, 254, 11, '2002-05-02', NULL),
(45, 768, 2, '2005-06-27', NULL),
(25, 629, 1, '2003-01-18', NULL),
(20, 987, 9, '2003-10-21', NULL),
(13, 621, 1, '2001-02-25', NULL),
(24, 562, 5, NULL, NULL),
(9, 242, 3, '1998-01-09', NULL),
(39, 582, 8, '2001-11-09', NULL),
(28, 490, 20, '2002-03-01', NULL),
(36, 576, 4, '1998-01-07', NULL),
(18, 301, 3, '2004-02-10', NULL),
(36, 733, 4, '2001-10-25', NULL),
(40, 19, 1, '1998-01-01', NULL),
(31, 864, 4, '2006-09-03', NULL),
(2, 567, 11, '1998-11-13', NULL),
(1, 617, 1, '1999-02-05', NULL),
(11, 826, 7, '1998-11-09', NULL),
(6, 384, 11, '2004-11-06', NULL),
(40, 967, 15, '2000-06-30', NULL),
(37, 617, 3, '2006-06-22', NULL),
(14, 24, 9, '1999-11-30', NULL),
(11, 532, 12, '2005-09-30', NULL),
(6, 299, 1, '1998-07-12', NULL),
(20, 174, 2, NULL, NULL),
(40, 263, 20, '2001-12-15', NULL),
(11, 773, 12, '2007-04-09', NULL),
(23, 824, 18, '2002-05-06', NULL),
(7, 463, 10, '2005-12-19', NULL),
(23, 666, 9, '1998-03-05', NULL),
(38, 349, 14, '2005-06-02', NULL),
(12, 414, 20, '2001-01-09', NULL),
(16, 403, 18, '1998-02-26', NULL),
(9, 579, 18, '1999-05-23', NULL),
(43, 946, 6, '1998-02-27', NULL),
(5, 48, 16, NULL, NULL),
(8, 392, 13, '1998-01-08', NULL),
(39, 90, 3, '2006-03-17', NULL),
(17, 855, 17, '2007-08-26', NULL),
(34, 539, 5, '2001-03-23', NULL),
(43, 240, 20, '2005-07-16', NULL),
(11, 219, 9, '2001-09-30', NULL),
(39, 697, 11, '2004-09-16', NULL),
(25, 654, 7, '1998-01-03', NULL),
(7, 264, 15, '2006-04-21', NULL),
(37, 129, 10, NULL, NULL),
(21, 22, 19, '2008-01-17', NULL),
(27, 883, 20, '2006-07-11', NULL),
(14, 864, 5, '2001-04-10', NULL),
(19, 194, 15, '2004-12-29', NULL),
(44, 68, 16, '2000-09-16', NULL),
(13, 114, 18, '2007-07-09', NULL),
(33, 616, 11, NULL, NULL),
(10, 851, 5, NULL, NULL),
(3, 964, 8, '2002-12-20', NULL),
(19, 794, 2, '1999-01-15', NULL),
(33, 857, 10, '2003-10-26', NULL),
(13, 515, 2, '2001-03-14', NULL),
(31, 398, 5, '2003-04-05', NULL),
(47, 107, 4, '2003-04-04', NULL),
(1, 833, 7, '2002-03-21', NULL),
(23, 634, 15, '2004-11-08', NULL),
(43, 693, 11, '2007-06-11', NULL),
(30, 94, 13, '1999-11-27', NULL),
(31, 38, 20, '2003-02-08', NULL),
(9, 909, 9, '2000-08-19', NULL),
(2, 100, 3, '1998-01-10', NULL),
(47, 247, 12, '1998-07-04', NULL),
(12, 461, 20, '2000-11-22', NULL),
(20, 226, 2, '2002-02-06', NULL),
(4, 102, 13, '2001-09-30', NULL),
(20, 619, 7, '2000-07-06', NULL),
(28, 832, 11, '2003-11-04', NULL),
(30, 443, 3, '2001-07-27', NULL),
(47, 611, 5, '2006-11-07', NULL),
(20, 423, 1, '2004-06-16', NULL),
(40, 47, 17, '1998-01-03', NULL),
(43, 804, 12, '2003-08-24', NULL),
(39, 637, 11, '1998-07-23', NULL),
(8, 77, 14, '1998-06-19', NULL),
(23, 632, 9, '1998-12-27', NULL),
(10, 919, 18, '2005-05-19', NULL),
(37, 388, 11, '2006-01-28', NULL),
(35, 705, 8, '2000-08-21', NULL),
(24, 670, 11, '1999-03-14', NULL),
(11, 79, 16, '1998-01-06', NULL),
(44, 321, 2, '2007-07-05', NULL),
(31, 62, 15, '2002-04-27', NULL),
(17, 673, 4, '1999-05-24', NULL),
(9, 445, 6, NULL, NULL),
(10, 54, 6, '1999-10-05', NULL),
(6, 970, 6, '2006-09-28', NULL),
(9, 7, 18, '2002-05-11', NULL),
(19, 924, 10, '1998-10-22', NULL),
(19, 605, 9, '2004-06-13', NULL),
(4, 360, 11, '1998-08-17', NULL),
(31, 334, 10, '2000-03-29', NULL),
(34, 553, 3, '2000-04-11', NULL),
(32, 599, 7, NULL, NULL),
(6, 227, 18, NULL, NULL),
(23, 562, 1, '2006-09-20', NULL),
(17, 416, 2, '1998-01-07', NULL),
(21, 123, 11, '2002-05-19', NULL),
(7, 590, 12, '1998-01-12', NULL),
(22, 602, 4, '1998-01-01', NULL),
(29, 390, 2, '2000-08-30', NULL),
(46, 385, 1, '2001-06-29', NULL),
(39, 842, 17, '2006-12-06', NULL),
(7, 62, 3, '1998-03-20', NULL),
(10, 904, 8, '2005-06-27', NULL),
(9, 400, 4, '1999-04-08', NULL),
(29, 439, 13, '2003-03-18', NULL),
(37, 171, 18, '2007-05-26', NULL),
(14, 313, 6, '2005-01-03', NULL),
(27, 182, 14, '1998-01-02', NULL),
(34, 436, 9, '2000-10-08', NULL),
(16, 120, 10, '2006-03-11', NULL),
(7, 102, 5, '1998-01-10', NULL),
(20, 670, 6, NULL, NULL),
(24, 754, 10, '2001-02-18', NULL),
(23, 908, 12, '2005-03-20', NULL),
(35, 718, 2, '2000-01-30', NULL),
(34, 821, 12, NULL, NULL),
(10, 613, 8, '2002-07-10', NULL),
(12, 723, 20, '1998-01-08', NULL),
(25, 421, 2, '2002-04-25', NULL),
(15, 662, 15, '2000-03-21', NULL),
(31, 992, 6, '2003-06-16', NULL),
(38, 958, 20, '2003-12-09', NULL),
(14, 472, 17, '1998-04-16', NULL),
(4, 510, 7, '2003-06-03', NULL),
(46, 33, 3, NULL, NULL),
(19, 120, 7, '1998-10-10', NULL),
(17, 418, 10, '2005-07-29', NULL),
(42, 405, 3, '2005-07-07', NULL),
(12, 483, 13, '2006-02-13', NULL),
(6, 739, 5, '2004-01-19', NULL),
(3, 786, 15, '1999-05-30', NULL),
(19, 353, 18, '1998-01-02', NULL),
(9, 232, 2, NULL, NULL),
(23, 919, 15, '2002-05-18', NULL),
(11, 442, 14, '2000-11-15', NULL),
(36, 369, 8, '2004-06-22', NULL),
(19, 505, 8, '2006-08-27', NULL),
(40, 410, 3, '2001-09-11', NULL),
(46, 596, 20, '1999-05-13', NULL),
(14, 174, 2, '2000-01-16', NULL),
(1, 251, 2, '2001-02-16', NULL),
(2, 564, 1, '1998-01-07', NULL),
(35, 895, 8, '2006-10-01', NULL),
(26, 440, 13, '2007-01-27', NULL),
(15, 463, 10, NULL, NULL),
(29, 106, 13, '2001-08-08', NULL),
(23, 262, 4, '2000-05-31', NULL),
(3, 808, 16, '1998-04-09', NULL),
(5, 708, 8, '2006-04-23', NULL),
(14, 475, 3, NULL, NULL),
(24, 388, 7, '1998-01-01', NULL),
(41, 657, 4, '1998-01-03', NULL),
(18, 280, 9, '2004-03-28', NULL),
(19, 986, 6, '1998-02-10', NULL),
(36, 886, 11, '2003-09-06', NULL),
(25, 455, 4, '1999-10-19', NULL),
(5, 898, 4, '2003-11-02', NULL),
(5, 676, 17, '1999-01-17', NULL),
(28, 297, 5, '2002-05-29', NULL),
(12, 320, 3, '1999-01-25', NULL),
(18, 261, 12, '1999-03-14', NULL),
(41, 732, 7, '1998-07-22', NULL),
(27, 83, 4, '1999-12-03', NULL),
(1, 961, 4, '2002-09-07', NULL),
(40, 134, 7, '1999-11-01', NULL),
(3, 362, 9, NULL, NULL),
(24, 963, 12, '2004-10-14', NULL),
(43, 581, 5, '2006-08-05', NULL),
(38, 145, 13, '2006-05-04', NULL),
(47, 729, 9, '2000-08-24', NULL),
(32, 753, 13, '2004-04-17', NULL),
(44, 993, 15, '1998-01-03', NULL),
(44, 180, 16, '2005-12-19', NULL),
(36, 140, 3, '1998-07-09', NULL),
(28, 492, 3, NULL, NULL),
(12, 733, 13, '2006-12-31', NULL),
(22, 17, 17, NULL, NULL),
(33, 916, 7, '1998-04-09', NULL),
(2, 970, 9, NULL, NULL),
(12, 683, 20, '1998-01-07', NULL),
(34, 701, 20, '2008-01-15', NULL),
(33, 565, 12, '2000-02-10', NULL),
(36, 831, 14, '2001-05-02', NULL),
(37, 846, 8, '1998-01-06', NULL),
(5, 789, 2, '2007-04-11', NULL),
(38, 957, 15, '2005-01-23', NULL),
(37, 906, 3, '2002-12-13', NULL),
(12, 248, 14, '2003-11-03', NULL),
(27, 136, 3, '1998-01-22', NULL),
(6, 273, 2, '2000-06-29', NULL),
(5, 271, 17, '1998-02-18', NULL),
(39, 187, 15, '2004-12-12', NULL),
(5, 861, 11, '1998-01-04', NULL),
(5, 503, 4, '2007-07-30', NULL),
(13, 129, 7, '1998-06-03', NULL),
(10, 810, 1, '2008-01-02', NULL),
(19, 900, 12, '2004-02-19', NULL),
(20, 89, 15, '2003-03-26', NULL),
(8, 562, 3, '2005-12-31', NULL),
(7, 668, 16, '1999-08-27', NULL),
(11, 368, 7, '1998-12-19', NULL),
(25, 302, 3, '2007-06-29', NULL),
(39, 766, 3, '2002-10-15', NULL),
(22, 552, 18, '1998-01-09', NULL),
(15, 920, 14, '1998-08-11', NULL),
(40, 36, 18, '2002-12-09', NULL),
(26, 661, 20, '2007-04-01', NULL),
(12, 837, 13, '1998-01-01', NULL),
(14, 73, 16, '2007-11-17', NULL),
(32, 257, 1, NULL, NULL),
(41, 568, 17, '1998-01-26', NULL),
(11, 152, 5, '1999-04-09', NULL),
(11, 374, 10, '1998-04-07', NULL),
(2, 836, 15, '2004-07-18', NULL),
(15, 83, 14, NULL, NULL),
(19, 733, 18, '2004-12-02', NULL),
(15, 655, 20, '2000-12-26', NULL),
(40, 225, 7, '2003-10-02', NULL),
(27, 171, 3, '2007-12-21', NULL),
(3, 504, 1, '1999-10-18', NULL),
(3, 290, 4, '2005-03-31', NULL),
(20, 271, 3, '1998-12-23', NULL),
(27, 283, 6, '2007-01-18', NULL),
(37, 20, 4, '1998-03-16', NULL),
(32, 184, 7, '2000-09-18', NULL),
(41, 988, 10, '1998-03-16', NULL),
(22, 930, 7, '1999-01-20', NULL),
(20, 596, 5, '1998-01-05', NULL),
(46, 562, 13, '1998-02-19', NULL),
(21, 64, 15, NULL, NULL),
(33, 333, 18, '1998-01-08', NULL),
(13, 667, 3, '2001-04-27', NULL),
(38, 975, 5, '2001-07-06', NULL),
(5, 896, 6, '1998-03-04', NULL),
(36, 460, 1, NULL, NULL),
(32, 911, 3, '2000-07-26', NULL),
(5, 672, 19, '2000-06-05', NULL),
(30, 941, 3, '2002-02-05', NULL),
(36, 661, 14, '2002-11-02', NULL),
(31, 133, 8, '2007-07-20', NULL),
(19, 973, 2, '2002-07-28', NULL),
(11, 441, 7, '1998-03-05', NULL),
(28, 263, 14, '1998-07-09', NULL),
(25, 322, 12, '2000-06-16', NULL),
(7, 574, 5, '2003-09-29', NULL),
(11, 438, 8, '1998-09-23', NULL),
(15, 201, 18, '1998-02-17', NULL),
(5, 553, 4, '1998-02-21', NULL),
(18, 569, 14, '2000-02-16', NULL),
(30, 362, 17, NULL, NULL),
(5, 417, 6, '2004-07-04', NULL),
(30, 224, 20, '2005-11-06', NULL),
(1, 963, 2, NULL, NULL),
(15, 828, 8, '2007-04-25', NULL),
(33, 851, 8, '1998-08-30', NULL),
(31, 691, 10, '2002-07-13', NULL),
(1, 283, 5, '2002-05-29', NULL),
(44, 543, 15, '1999-12-02', NULL),
(5, 509, 4, '2002-05-07', NULL),
(1, 757, 15, '1999-11-20', NULL),
(6, 783, 1, '1998-12-22', NULL),
(9, 654, 15, '2001-05-09', NULL),
(43, 480, 14, '2000-04-03', NULL),
(46, 95, 1, '2005-03-12', NULL),
(11, 557, 1, '2001-03-29', NULL),
(40, 729, 9, '2001-06-15', NULL),
(15, 349, 8, '2003-07-21', NULL),
(23, 937, 11, NULL, NULL),
(40, 195, 10, '1998-01-04', NULL),
(47, 492, 15, '2003-09-17', NULL),
(45, 608, 7, '1998-01-18', NULL),
(20, 328, 17, '2005-01-20', NULL),
(43, 608, 12, '1998-08-10', NULL),
(23, 349, 3, '2006-12-01', NULL),
(37, 891, 3, '2003-07-19', NULL),
(41, 641, 13, '1998-04-10', NULL),
(34, 541, 5, '2004-05-17', NULL),
(15, 217, 20, '2006-03-04', NULL),
(46, 980, 18, '2005-01-10', NULL),
(18, 878, 4, '1998-01-09', NULL),
(41, 936, 16, '2003-07-11', NULL),
(26, 264, 7, '2007-07-28', NULL),
(19, 801, 10, '1999-01-07', NULL),
(43, 966, 16, '2006-05-13', NULL),
(29, 403, 17, '2000-08-31', NULL),
(31, 912, 16, '2001-03-03', NULL),
(18, 244, 3, NULL, NULL),
(27, 788, 16, NULL, NULL),
(6, 24, 5, '2001-10-12', NULL),
(12, 333, 18, '2003-09-20', NULL),
(3, 276, 20, '1998-01-06', NULL),
(35, 802, 2, '1999-10-18', NULL),
(10, 966, 17, '2002-03-19', NULL),
(47, 668, 13, '2007-10-01', NULL),
(32, 353, 10, '2000-08-29', NULL),
(45, 822, 7, '2003-11-27', NULL),
(30, 718, 4, '1998-02-09', NULL),
(35, 240, 8, NULL, NULL),
(37, 150, 2, '2007-11-26', NULL),
(45, 817, 7, NULL, NULL),
(32, 607, 16, NULL, NULL),
(27, 165, 1, '1999-07-05', NULL),
(34, 593, 3, '2003-07-14', NULL),
(36, 265, 11, '1998-01-05', NULL),
(34, 156, 6, '2000-06-16', NULL),
(32, 816, 5, '1998-12-09', NULL),
(42, 91, 5, '1998-01-04', NULL),
(16, 69, 4, '1998-11-22', NULL),
(39, 175, 9, NULL, NULL),
(24, 419, 10, '1998-01-06', NULL),
(44, 542, 20, '1999-03-05', NULL),
(15, 251, 16, '1999-11-10', NULL),
(20, 311, 19, '2007-10-31', NULL),
(14, 69, 1, '1999-02-27', NULL),
(24, 188, 6, '1998-01-06', NULL),
(44, 907, 4, NULL, NULL),
(24, 373, 19, '1999-11-25', NULL),
(47, 577, 4, '2007-12-22', NULL),
(9, 815, 15, '2000-11-01', NULL),
(14, 370, 8, '2004-09-10', NULL),
(29, 414, 11, '2001-05-28', NULL),
(32, 100, 3, '2002-10-09', NULL),
(42, 428, 16, '1998-01-31', NULL),
(32, 942, 16, NULL, NULL),
(6, 822, 8, '1999-11-18', NULL),
(12, 657, 15, '1998-01-10', NULL),
(2, 936, 19, NULL, NULL),
(38, 292, 20, '2002-07-21', NULL),
(46, 685, 7, '2002-10-09', NULL),
(24, 871, 6, '1998-10-10', NULL),
(21, 142, 14, '2000-07-21', NULL),
(45, 203, 15, '2001-12-24', NULL),
(12, 830, 18, '1998-04-10', NULL),
(8, 629, 4, '2002-12-23', NULL),
(23, 443, 4, '2005-09-17', NULL),
(13, 816, 11, '1998-01-08', NULL),
(31, 862, 9, '2002-01-18', NULL),
(19, 671, 16, '2000-03-30', NULL),
(11, 780, 19, '1998-01-06', NULL),
(6, 975, 10, '2005-08-18', NULL),
(26, 781, 6, NULL, NULL),
(36, 461, 14, '2005-12-03', NULL),
(36, 443, 12, '2004-02-22', NULL),
(17, 483, 10, '2007-02-09', NULL),
(9, 875, 7, '2001-04-28', NULL),
(43, 684, 18, '2004-07-15', NULL),
(35, 531, 1, '2006-01-13', NULL),
(21, 243, 5, '1998-01-03', NULL),
(44, 296, 15, '2001-09-20', NULL),
(43, 523, 12, NULL, NULL),
(44, 983, 2, '1998-06-06', NULL),
(30, 392, 17, '1998-03-28', NULL),
(31, 475, 18, '2000-10-10', NULL),
(37, 924, 3, '1998-03-18', NULL),
(46, 349, 19, '1998-01-06', NULL),
(40, 749, 1, '2001-06-09', NULL),
(23, 934, 12, '1998-01-17', NULL),
(32, 175, 9, '2002-04-13', NULL),
(30, 724, 19, '2006-07-09', NULL),
(41, 741, 12, '1998-01-06', NULL),
(47, 139, 16, '2006-03-19', NULL),
(8, 651, 4, '2000-05-20', NULL),
(39, 737, 10, '2001-04-14', NULL),
(43, 378, 20, '1998-01-10', NULL),
(47, 892, 12, '1998-01-10', NULL),
(18, 784, 4, '1998-02-27', NULL),
(10, 159, 14, '1998-10-06', NULL),
(1, 680, 16, '2000-01-22', NULL),
(5, 524, 5, '2007-10-26', NULL),
(34, 761, 17, '1998-01-07', NULL),
(42, 725, 8, '2004-03-04', NULL),
(35, 132, 15, '1998-01-01', NULL),
(19, 892, 9, '2002-02-18', NULL),
(39, 592, 7, '2002-04-18', NULL),
(18, 155, 8, '1998-05-28', NULL),
(26, 594, 14, '1999-10-18', NULL),
(2, 723, 18, '2007-08-15', NULL),
(5, 98, 13, '1999-06-05', NULL),
(37, 917, 6, '1998-08-09', NULL),
(12, 2, 13, '1999-10-02', NULL),
(28, 34, 18, NULL, NULL),
(4, 415, 7, '1999-12-28', NULL),
(7, 461, 17, '1998-02-07', NULL),
(40, 911, 17, NULL, NULL),
(2, 614, 1, '1998-02-25', NULL),
(18, 423, 8, '2003-04-19', NULL),
(4, 674, 20, NULL, NULL),
(35, 426, 1, '1998-01-02', NULL),
(29, 340, 15, '1998-08-20', NULL),
(12, 91, 8, '2000-12-13', NULL),
(34, 102, 11, '2006-11-24', NULL),
(32, 6, 4, '2007-01-18', NULL),
(11, 452, 9, '1999-02-20', NULL),
(7, 864, 12, '2003-10-07', NULL),
(8, 742, 11, '1998-01-07', NULL),
(9, 226, 4, NULL, NULL),
(11, 251, 13, '1998-01-06', NULL),
(6, 970, 4, '2002-01-27', NULL),
(10, 664, 8, '1998-02-23', NULL),
(33, 340, 9, '1998-03-26', NULL),
(9, 474, 3, '2006-02-12', NULL),
(37, 134, 11, '1998-03-24', NULL),
(38, 793, 11, '1999-12-27', NULL),
(15, 967, 13, '2001-09-07', NULL),
(10, 534, 16, '2003-04-07', NULL),
(35, 157, 9, '2002-08-07', NULL),
(2, 647, 19, '1999-11-17', NULL),
(6, 821, 16, NULL, NULL),
(7, 375, 15, NULL, NULL),
(46, 78, 11, '1999-09-19', NULL),
(32, 2, 11, '2002-02-02', NULL),
(15, 232, 11, '2004-06-17', NULL),
(29, 397, 8, '2007-04-27', NULL),
(45, 239, 20, '2001-09-02', NULL),
(35, 287, 13, '2007-09-29', NULL),
(5, 167, 14, '2000-10-24', NULL),
(31, 227, 6, '2006-02-23', NULL),
(46, 482, 3, '2001-09-17', NULL),
(26, 561, 20, '2000-04-16', NULL),
(14, 845, 3, '1999-09-09', NULL),
(14, 540, 17, '2006-08-21', NULL),
(38, 955, 10, '1999-10-06', NULL),
(31, 776, 11, '2000-02-10', NULL),
(21, 543, 5, '2006-06-08', NULL),
(31, 407, 3, '2003-01-30', NULL),
(19, 25, 19, '2005-12-18', NULL),
(21, 386, 14, '1998-02-16', NULL),
(26, 939, 12, '1998-02-04', NULL),
(14, 194, 12, '1998-05-23', NULL),
(39, 132, 15, '1998-09-10', NULL),
(32, 582, 2, '2006-11-03', NULL),
(41, 10, 10, '1998-04-08', NULL),
(37, 955, 12, NULL, NULL),
(10, 549, 14, '1998-01-01', NULL),
(28, 950, 4, '1999-12-25', NULL),
(9, 662, 6, '2004-02-01', NULL),
(14, 688, 4, '2000-02-04', NULL),
(31, 615, 11, '2004-05-25', NULL),
(1, 34, 2, '2000-04-17', NULL),
(38, 210, 9, '2001-09-07', NULL),
(8, 576, 13, '2002-11-07', NULL),
(37, 233, 6, NULL, NULL),
(37, 78, 7, '2002-10-15', NULL),
(44, 540, 4, '2000-04-09', NULL),
(26, 635, 5, '1999-12-17', NULL),
(15, 845, 8, '2002-02-14', NULL),
(35, 66, 15, '2005-05-27', NULL),
(14, 642, 3, '1998-09-20', NULL),
(44, 160, 6, '2001-03-06', NULL),
(2, 661, 6, '2005-06-09', NULL),
(31, 213, 8, '1998-01-05', NULL),
(7, 930, 3, '2003-02-23', NULL),
(33, 724, 3, '2000-08-04', NULL),
(14, 624, 2, '1999-03-05', NULL),
(6, 34, 2, '1999-02-20', NULL),
(1, 45, 2, '1998-01-31', NULL),
(33, 115, 20, '2002-05-20', NULL),
(46, 997, 15, '1998-01-10', NULL),
(29, 938, 2, '2002-02-15', NULL),
(43, 759, 4, '2004-11-18', NULL),
(24, 243, 2, '2005-07-27', NULL),
(12, 336, 2, '1998-02-17', NULL),
(33, 950, 19, '2003-08-17', NULL),
(22, 368, 11, NULL, NULL),
(17, 11, 4, '2005-08-02', NULL),
(3, 47, 15, '2007-08-30', NULL),
(28, 922, 1, '1998-02-02', NULL),
(20, 997, 17, '1998-01-23', NULL),
(13, 944, 12, NULL, NULL),
(41, 864, 5, '1998-06-09', NULL),
(8, 901, 11, '2001-10-28', NULL),
(9, 96, 4, '2007-06-10', NULL),
(7, 815, 14, '2003-11-13', NULL),
(42, 44, 1, '2000-07-17', NULL),
(4, 627, 13, '2004-11-13', NULL),
(46, 555, 9, '2000-01-26', NULL),
(32, 302, 9, '2005-12-08', NULL),
(39, 224, 17, '1998-05-02', NULL),
(23, 630, 15, '1998-01-02', NULL),
(45, 890, 12, '2004-01-31', NULL),
(14, 100, 6, '1999-02-12', NULL),
(39, 989, 1, '1998-10-20', NULL),
(13, 123, 2, '2005-09-19', NULL),
(8, 735, 20, '1999-07-05', NULL),
(43, 596, 14, '2003-09-20', NULL),
(1, 252, 8, '2003-01-27', NULL),
(41, 761, 1, '2007-08-13', NULL),
(36, 10, 7, '2006-08-31', NULL),
(47, 556, 15, '1998-01-06', NULL),
(5, 34, 9, '2006-04-02', NULL),
(12, 209, 20, '2003-09-12', NULL),
(22, 927, 6, '2001-07-10', NULL),
(7, 832, 17, NULL, NULL),
(1, 696, 3, '2000-06-05', NULL),
(15, 433, 12, '2000-06-30', NULL),
(22, 531, 2, '1998-01-09', NULL),
(5, 623, 9, '2005-12-25', NULL),
(29, 533, 1, '2003-02-09', NULL),
(23, 595, 4, '2007-05-03', NULL),
(25, 764, 19, '2004-09-17', NULL),
(4, 69, 18, '2002-11-13', NULL),
(36, 43, 8, '1998-02-18', NULL),
(16, 108, 16, NULL, NULL),
(24, 197, 12, '2000-05-27', NULL),
(32, 463, 6, '1999-03-02', NULL),
(14, 646, 8, '2005-06-01', NULL),
(1, 808, 18, '1998-08-13', NULL),
(9, 420, 12, '1999-03-18', NULL),
(38, 58, 19, '2004-02-18', NULL),
(13, 81, 1, '1998-08-02', NULL),
(24, 501, 7, '1998-07-13', NULL),
(18, 942, 3, '2001-08-11', NULL),
(43, 431, 15, '1998-06-18', NULL),
(17, 286, 4, '1998-01-08', NULL),
(26, 347, 13, '2000-01-26', NULL),
(41, 347, 10, NULL, NULL),
(19, 453, 1, '2003-01-04', NULL),
(18, 644, 1, '2006-01-13', NULL),
(30, 65, 14, '2002-06-02', NULL),
(5, 973, 18, '2000-02-21', NULL),
(36, 720, 15, '2003-05-23', NULL),
(32, 197, 5, '1998-06-21', NULL),
(21, 395, 20, NULL, NULL),
(20, 941, 18, NULL, NULL),
(24, 945, 17, '2002-07-02', NULL),
(47, 925, 4, '1998-01-01', NULL),
(11, 34, 6, '1998-01-07', NULL),
(37, 402, 15, '1999-05-11', NULL),
(3, 922, 16, '2004-03-25', NULL),
(46, 733, 9, '2002-02-22', NULL),
(1, 994, 18, '2006-12-07', NULL),
(19, 944, 9, '1999-03-08', NULL),
(8, 765, 14, '2000-06-05', NULL),
(30, 142, 6, '2006-11-27', NULL),
(17, 596, 13, '2006-02-16', NULL),
(12, 545, 3, '2007-06-25', NULL),
(23, 293, 17, '1998-02-01', NULL),
(37, 470, 2, '1998-09-21', NULL),
(13, 551, 1, '1998-10-17', NULL),
(42, 610, 8, '1998-01-04', NULL),
(21, 915, 3, '2001-10-07', NULL),
(45, 602, 6, '1998-01-06', NULL),
(47, 637, 7, '2002-01-03', NULL),
(27, 95, 15, '2001-03-16', NULL),
(22, 660, 14, '2007-05-08', NULL),
(5, 321, 13, '2001-11-13', NULL),
(20, 551, 2, '2003-02-03', NULL),
(1, 608, 11, '2006-01-28', NULL),
(28, 205, 4, '2005-10-18', NULL),
(7, 383, 17, '2000-07-24', NULL),
(22, 916, 15, NULL, NULL),
(15, 672, 12, '1998-05-01', NULL),
(38, 348, 1, NULL, NULL),
(8, 504, 14, '1998-10-16', NULL),
(13, 334, 18, '2000-02-23', NULL),
(4, 459, 11, '2000-08-26', NULL),
(1, 249, 5, NULL, NULL),
(10, 83, 20, '1998-01-13', NULL),
(42, 941, 11, NULL, NULL),
(23, 420, 4, '2005-10-21', NULL),
(18, 991, 3, '1998-02-13', NULL),
(1, 763, 2, '2007-05-04', NULL),
(45, 831, 4, '2000-05-05', NULL),
(12, 257, 19, '2006-05-24', NULL),
(17, 513, 16, '2000-04-06', NULL),
(43, 672, 16, '2000-12-26', NULL),
(37, 582, 14, NULL, NULL),
(43, 427, 3, NULL, NULL),
(38, 269, 8, NULL, NULL),
(32, 474, 4, '2001-07-27', NULL),
(35, 158, 9, '2000-06-11', NULL),
(22, 96, 1, '2006-09-25', NULL),
(12, 365, 1, '1999-02-12', NULL),
(30, 731, 10, '2004-04-27', NULL),
(40, 862, 5, '2006-07-22', NULL),
(29, 700, 20, '1998-02-12', NULL),
(1, 754, 9, '1998-01-17', NULL),
(45, 408, 1, '1998-03-07', NULL),
(34, 209, 8, '2004-05-16', NULL),
(16, 412, 2, '2000-03-02', NULL),
(35, 680, 1, '1999-02-11', NULL),
(46, 92, 7, '2001-07-29', NULL),
(42, 971, 13, '1998-06-09', NULL),
(25, 593, 18, '2006-09-14', NULL),
(17, 556, 9, '1999-12-24', NULL),
(40, 349, 9, '1998-03-31', NULL),
(31, 780, 19, NULL, NULL),
(16, 578, 4, '1999-02-28', NULL),
(47, 892, 10, '1999-12-03', NULL),
(4, 786, 2, '2005-04-21', NULL),
(43, 331, 10, '2003-02-09', NULL),
(26, 120, 7, '2002-04-10', NULL),
(6, 106, 14, '2007-02-10', NULL),
(2, 412, 1, '2004-08-11', NULL),
(13, 790, 14, '2000-02-12', NULL),
(42, 662, 17, '2001-09-15', NULL),
(27, 112, 5, '2002-09-03', NULL),
(18, 164, 10, NULL, NULL),
(27, 462, 17, '1998-01-01', NULL),
(46, 159, 4, '1999-08-26', NULL),
(32, 848, 15, '2002-09-24', NULL),
(14, 685, 20, '2001-08-29', NULL),
(29, 279, 6, '2000-06-30', NULL),
(21, 766, 2, '2006-08-03', NULL),
(45, 286, 18, '1998-01-03', NULL),
(35, 342, 4, '2001-08-29', NULL),
(1, 437, 19, '2003-01-02', NULL),
(47, 93, 17, '1998-01-07', NULL),
(12, 591, 10, '2000-12-06', NULL),
(32, 493, 20, '1998-02-28', NULL),
(31, 67, 9, NULL, NULL),
(15, 112, 19, '2002-11-25', NULL),
(41, 535, 6, '2004-10-26', NULL),
(5, 998, 17, '2008-01-20', NULL),
(44, 265, 19, '2006-08-07', NULL),
(12, 24, 13, '2003-06-05', NULL),
(46, 938, 11, '2005-07-14', NULL),
(15, 724, 7, '1998-03-13', NULL),
(12, 49, 20, '2004-07-12', NULL),
(19, 699, 3, '1998-01-09', NULL),
(25, 286, 7, '2003-11-13', NULL),
(33, 382, 19, '1998-04-03', NULL),
(17, 977, 1, '1998-01-08', NULL),
(31, 765, 12, '2000-06-23', NULL),
(45, 298, 9, '2002-04-08', NULL),
(27, 213, 10, '2004-10-22', NULL),
(4, 601, 14, '2001-09-01', NULL),
(5, 93, 2, '2002-06-23', NULL),
(37, 93, 16, '1999-06-18', NULL),
(46, 809, 6, '1998-07-08', NULL),
(36, 257, 9, '1999-06-14', NULL),
(28, 244, 2, '1999-07-22', NULL),
(34, 716, 10, '2005-05-17', NULL),
(27, 68, 16, '1998-06-18', NULL),
(33, 586, 19, '2005-07-02', NULL),
(44, 186, 3, '1998-01-09', NULL),
(23, 804, 3, '2007-10-20', NULL),
(19, 922, 1, '1998-01-05', NULL),
(39, 979, 8, '2001-06-03', NULL),
(23, 597, 16, '1999-03-13', NULL),
(41, 611, 9, '1999-11-23', NULL),
(7, 255, 6, '1998-02-07', NULL),
(18, 995, 16, '2005-01-02', NULL),
(14, 203, 11, '2007-06-03', NULL),
(24, 10, 20, '2007-10-30', NULL),
(20, 139, 16, '2003-12-28', NULL),
(33, 418, 5, '2003-12-12', NULL),
(5, 562, 8, '1998-01-08', NULL),
(38, 947, 5, '2007-02-27', NULL),
(43, 124, 16, '2001-07-08', NULL),
(15, 461, 9, '1998-08-08', NULL),
(17, 450, 9, '2004-11-14', NULL),
(11, 349, 1, '2003-03-17', NULL),
(1, 611, 8, '2007-03-01', NULL),
(1, 262, 3, '2003-07-05', NULL),
(27, 896, 19, '2005-03-01', NULL),
(37, 680, 6, '2003-07-11', NULL),
(34, 230, 18, '2002-02-02', NULL),
(34, 984, 2, '2002-04-19', NULL),
(27, 739, 3, '1998-01-05', NULL),
(36, 348, 13, '2002-08-02', NULL),
(23, 190, 6, '1999-08-18', NULL),
(39, 908, 8, '2007-06-23', NULL),
(46, 949, 13, '1998-11-09', NULL),
(23, 489, 1, '1998-01-05', NULL),
(45, 735, 7, '2000-05-31', NULL),
(10, 95, 8, '2005-07-15', NULL),
(39, 333, 17, NULL, NULL),
(40, 399, 12, NULL, NULL),
(32, 47, 6, '2003-04-29', NULL),
(22, 291, 17, '2001-07-18', NULL),
(22, 967, 14, NULL, NULL),
(26, 154, 16, '2005-04-07', NULL),
(35, 944, 5, '2003-04-12', NULL),
(37, 198, 2, '2004-07-02', NULL),
(11, 283, 11, '2006-10-02', NULL),
(42, 880, 20, NULL, NULL),
(39, 55, 14, '1998-12-28', NULL),
(31, 20, 19, '1999-10-25', NULL),
(42, 211, 15, '2007-02-21', NULL),
(15, 440, 11, '2000-05-31', NULL),
(25, 10, 20, '1998-08-06', NULL),
(11, 499, 8, '2004-12-22', NULL),
(41, 801, 18, '2005-05-16', NULL),
(40, 773, 7, '2005-04-08', NULL),
(42, 508, 14, '2000-12-05', NULL),
(12, 584, 5, '1999-03-23', NULL),
(10, 421, 3, '2004-01-12', NULL),
(15, 966, 7, '1998-04-09', NULL),
(6, 401, 4, '2007-05-16', NULL),
(8, 360, 20, '2005-07-23', NULL),
(35, 707, 5, '2004-02-25', NULL),
(38, 418, 7, '2003-10-14', NULL),
(24, 867, 6, '2005-03-16', NULL),
(27, 834, 17, '1998-01-09', NULL),
(34, 662, 15, '2005-03-18', NULL),
(14, 619, 20, '1998-04-04', NULL),
(31, 337, 20, '2006-03-10', NULL),
(3, 639, 2, '2006-04-18', NULL),
(34, 892, 2, '2002-08-18', NULL),
(23, 667, 9, NULL, NULL),
(34, 680, 3, '1998-03-09', NULL),
(16, 41, 8, '1999-06-27', NULL),
(9, 313, 7, '2002-06-05', NULL),
(24, 710, 3, '1998-03-28', NULL),
(17, 909, 16, '2001-05-11', NULL),
(27, 945, 2, '2002-07-20', NULL),
(31, 837, 3, '1998-08-13', NULL),
(42, 928, 16, '2006-02-18', NULL),
(44, 286, 18, '2003-10-23', NULL),
(38, 4, 13, '2001-09-04', NULL),
(17, 722, 12, '1998-01-06', NULL),
(32, 6, 7, '1998-01-08', NULL),
(16, 776, 13, NULL, NULL),
(29, 214, 9, NULL, NULL),
(5, 936, 4, NULL, NULL),
(44, 503, 5, NULL, NULL),
(35, 777, 12, NULL, NULL),
(10, 994, 18, NULL, NULL),
(23, 598, 3, NULL, NULL),
(28, 728, 2, NULL, NULL),
(19, 887, 12, NULL, NULL),
(43, 299, 6, NULL, NULL),
(22, 536, 5, NULL, NULL),
(45, 207, 17, NULL, NULL),
(22, 722, 13, NULL, NULL),
(21, 780, 14, NULL, NULL),
(13, 80, 3, NULL, NULL);

-- 
-- Restore previous SQL mode
-- 
/*!40101 SET SQL_MODE=@OLD_SQL_MODE */;

-- 
-- Enable foreign keys
-- 
/*!40014 SET FOREIGN_KEY_CHECKS = @OLD_FOREIGN_KEY_CHECKS */;