﻿--
-- Script was generated by Devart dbForge Studio for MySQL, Version 8.0.40.0
-- Product home page: http://www.devart.com/dbforge/mysql/studio
-- Script date 26/01/2019 9:41:41
-- Server version: 5.5.5-10.1.30-MariaDB
-- Client version: 4.1
--

-- 
-- Disable foreign keys
-- 
/*!40014 SET @OLD_FOREIGN_KEY_CHECKS=@@FOREIGN_KEY_CHECKS, FOREIGN_KEY_CHECKS=0 */;

-- 
-- Set SQL mode
-- 
/*!40101 SET @OLD_SQL_MODE=@@SQL_MODE, SQL_MODE='NO_AUTO_VALUE_ON_ZERO' */;

-- 
-- Set character set the client will use to send SQL statements to the server
--
SET NAMES 'utf8';

--
-- Set default database
--
USE empresas2;

--
-- Drop view `productoscomprados`
--
DROP VIEW IF EXISTS productoscomprados CASCADE;

--
-- Drop view `productosvendidos`
--
DROP VIEW IF EXISTS productosvendidos CASCADE;

--
-- Drop view `sumatotalclientes`
--
DROP VIEW IF EXISTS sumatotalclientes CASCADE;

--
-- Drop view `sumatotalproductos`
--
DROP VIEW IF EXISTS sumatotalproductos CASCADE;

--
-- Drop table `venden`
--
DROP TABLE IF EXISTS venden;

--
-- Drop table `cliente`
--
DROP TABLE IF EXISTS cliente;

--
-- Drop table `productos`
--
DROP TABLE IF EXISTS productos;

--
-- Set default database
--
USE empresas2;

--
-- Create table `productos`
--
CREATE TABLE productos (
  id int(11) NOT NULL AUTO_INCREMENT,
  grupo varchar(255) DEFAULT NULL,
  peso int(11) DEFAULT NULL,
  precio float DEFAULT NULL,
  nombre varchar(255) DEFAULT NULL,
  cantidad int(11) DEFAULT NULL,
  precioTotal float DEFAULT NULL,
  PRIMARY KEY (id),
  UNIQUE INDEX UK_productos_id (id)
)
ENGINE = INNODB,
AUTO_INCREMENT = 48,
AVG_ROW_LENGTH = 348,
CHARACTER SET utf8,
COLLATE utf8_general_ci;

--
-- Create table `cliente`
--
CREATE TABLE cliente (
  id int(11) NOT NULL AUTO_INCREMENT,
  nombre varchar(255) DEFAULT NULL,
  apellidos varchar(255) DEFAULT NULL,
  nombreCompleto varchar(255) DEFAULT NULL,
  cantidad varchar(255) DEFAULT NULL,
  descuento int(11) DEFAULT 0,
  precioTotal float DEFAULT NULL,
  PRIMARY KEY (id)
)
ENGINE = INNODB,
AUTO_INCREMENT = 1001,
AVG_ROW_LENGTH = 81,
CHARACTER SET utf8,
COLLATE utf8_general_ci;

--
-- Create table `venden`
--
CREATE TABLE venden (
  producto int(11) NOT NULL,
  cliente int(11) NOT NULL,
  cantidad int(11) DEFAULT NULL,
  fecha date DEFAULT NULL,
  total float DEFAULT NULL
)
ENGINE = INNODB,
AVG_ROW_LENGTH = 81,
CHARACTER SET utf8,
COLLATE utf8_general_ci;

--
-- Create foreign key
--
ALTER TABLE venden
ADD CONSTRAINT FK_venden_cliente FOREIGN KEY (cliente)
REFERENCES cliente (id) ON DELETE CASCADE ON UPDATE CASCADE;

--
-- Create foreign key
--
ALTER TABLE venden
ADD CONSTRAINT FK_venden_producto FOREIGN KEY (producto)
REFERENCES productos (id) ON DELETE CASCADE ON UPDATE CASCADE;

--
-- Create view `sumatotalproductos`
--
CREATE
DEFINER = 'root'@'localhost'
VIEW sumatotalproductos
AS
SELECT
  `v`.`producto` AS `producto`,
  SUM(`v`.`total`) AS `sumaTotal`
FROM `venden` `v`
GROUP BY `v`.`producto`;

--
-- Create view `sumatotalclientes`
--
CREATE
DEFINER = 'root'@'localhost'
VIEW sumatotalclientes
AS
SELECT
  `v`.`cliente` AS `cliente`,
  SUM(`v`.`total`) AS `sumaTotal`
FROM `venden` `v`
GROUP BY `v`.`cliente`;

--
-- Create view `productosvendidos`
--
CREATE
DEFINER = 'root'@'localhost'
VIEW productosvendidos
AS
SELECT
  `v`.`producto` AS `id`,
  SUM(`v`.`cantidad`) AS `total`
FROM `venden` `v`
GROUP BY `v`.`producto`;

--
-- Create view `productoscomprados`
--
CREATE
DEFINER = 'root'@'localhost'
VIEW productoscomprados
AS
SELECT
  `v`.`cliente` AS `id`,
  SUM(`v`.`cantidad`) AS `total`
FROM `venden` `v`
GROUP BY `v`.`cliente`;

-- 
-- Dumping data for table productos
--
INSERT INTO productos VALUES
(1, 'LavenderPink', 2, 35, 'Games', 248, 7808.5),
(2, 'ZinnwalditeBrown', 2, 30, 'Movies', 156, 4212),
(3, 'BlueGreen', 7, 9, 'Accessories', 197, 1595.7),
(4, 'CherryBlossomPink', 4, 50, 'Baby', 160, 7200),
(5, 'BluePurple', 19, 24, 'Tools', 248, 5356.8),
(6, 'Wheat', 29, 36, 'Automotive', 172, 5572.8),
(7, 'PalatinateBlue', 7, 31, 'Health', 232, 6482.1),
(8, 'Chestnut', 2, 15, 'Shoes', 229, 3091.5),
(9, 'StilDeGrainYellow', 2, 49, 'Pets', 168, 7408.8),
(10, 'MediumTaupe', 18, 10, 'Sports', 233, 2103),
(11, 'Pumpkin', 9, 37, 'Shoes', 187, 6227.1),
(12, 'Desert', 11, 32, 'Patio', 399, 11409.6),
(13, 'LavenderPurple', 15, 5, 'Toys', 119, 535.5),
(14, 'Cornsilk', 18, 42, NULL, 205, 7816.2),
(15, 'MediumTealBlue', 24, 11, 'Games', 290, 2871),
(16, 'BlueViolet', 30, 19, 'Gifts', 123, 2095.7),
(17, 'LavenderRose', 1, 27, 'Home', 212, 5162.4),
(18, 'Chocolate', 4, 33, 'Shoes', 154, 4600.2),
(19, 'MediumTurquoise', 24, 48, 'Crafts', 222, 9590.4),
(20, 'PalatinatePurple', 19, 25, 'Clothing', 266, 5980),
(21, 'White', 17, 28, 'Clothing', 173, 4359.6),
(22, 'LawnGreen', 10, 34, 'Pets', 200, 6120),
(23, 'Stizza', 8, 43, 'Pharmacy', 287, 11106.9),
(24, 'Blush', 23, 38, 'Garden', 199, 6729.8),
(25, 'ChromeYellow', 20, 20, 'Crafts', 174, 3072),
(26, 'Bole', 23, 6, 'Audible', 196, 1058.4),
(27, 'Purple', 30, 44, 'Outdoors', 240, 9561.2),
(28, 'Cinereous', 17, 29, 'Pets', 169, 4410.9),
(29, 'PaleAqua', 21, 26, 'Audible', 164, 3837.6),
(30, 'WhiteSmoke', 25, 12, 'Beauty', 166, 1792.8),
(31, 'Stormcloud', 19, 21, 'Books', 278, 5285.7),
(32, 'MediumVioletRed', 3, 7, 'Accessories', 265, 1669.5),
(33, 'PurpleHeart', 1, 39, 'Beauty', 179, 6282.9),
(34, 'BondiBlue', 29, 13, NULL, 231, 2702.7),
(35, 'PaleBlue', 21, 8, 'Home', 183, 1317.6),
(36, 'DesertSand', 25, 45, 'Books', 232, 9364.5),
(37, 'Cinnabar', 25, 40, 'Crafts', 213, 7668),
(38, 'Lemon', 15, 46, 'Health', 194, 8031.6),
(39, 'PurplePizzazz', 16, 41, 'Tools', 196, 7207.8),
(40, 'Bone', 5, 16, 'Books', 196, 2822.4),
(41, 'WildStrawberry', 10, 47, 'Audible', 257, 10847.6),
(42, 'CosmicLatte', 20, 22, 'Outdoors', 199, 3920.4),
(43, 'Melon', 23, 17, 'Electronics', 257, 3932.1),
(44, 'DimGray', 20, 23, 'Shoes', 198, 4135.4),
(45, 'CottonCandy', 29, 18, 'Sports', 172, 2793.6),
(46, 'Cinnamon', 18, 14, 'Patio', 228, 2877),
(47, 'BottleGreen', 15, NULL, 'Office', 209, NULL);

-- 
-- Dumping data for table cliente
--
INSERT INTO cliente VALUES
(1, 'Bertrada', 'Zurbriggen', 'Bertrada Zurbriggen', '26', 15, 564.4),
(2, 'Wolfdietrich', 'Falkenhausen', 'Wolfdietrich Falkenhausen', '24', 10, 443.7),
(3, 'Helvin', 'Spangenberg', 'Helvin Spangenberg', NULL, 10, NULL),
(4, 'Fridurich', 'Laufer', 'Fridurich Laufer', '13', 10, 538.2),
(5, 'Uodalrich', 'ünzenberg', 'Uodalrich ünzenberg', NULL, 15, NULL),
(6, 'Wastl', 'Zabel', 'Wastl Zabel', '11', 10, 69.3),
(7, 'Demian', 'Spiegel', 'Demian Spiegel', '18', 10, 793.8),
(8, 'Kunigunde', 'Blume', 'Kunigunde Blume', NULL, 10, NULL),
(9, NULL, 'Gardenberg', NULL, NULL, 10, NULL),
(10, 'Wedekind', 'Falkenstein', 'Wedekind Falkenstein', '57', 20, 1556),
(11, 'Bernhardin', 'osenblatt', 'Bernhardin osenblatt', '4', 0, 108),
(12, 'Howe', 'Blumentahl', 'Howe Blumentahl', NULL, 10, NULL),
(13, 'Detlef', 'Zahn', 'Detlef Zahn', NULL, 10, NULL),
(14, 'Abbeygail ', 'Klee', 'Abbeygail  Klee', NULL, 0, NULL),
(15, 'Bonifaz', 'Hildenbrandt', 'Bonifaz Hildenbrandt', NULL, 10, NULL),
(16, 'Aleida ', 'Gartung', 'Aleida  Gartung', NULL, 10, NULL),
(17, 'Innozenz', 'Sprenger', 'Innozenz Sprenger', '17', 10, 520.2),
(18, 'Demian', 'ünzer', 'Demian ünzer', NULL, 10, NULL),
(19, 'Abby ', 'osenkranz', 'Abby  osenkranz', '1', 10, 14.4),
(20, 'Ruvina', 'Hildesheimer', 'Ruvina Hildesheimer', '23', 10, 503.1),
(21, 'Sonea', 'agel', 'Sonea agel', NULL, 10, NULL),
(22, 'Miria', 'Gasenklever', 'Miria Gasenklever', '19', 10, 478.8),
(23, 'Milvina', 'Zapf', 'Milvina Zapf', '18', 10, 372.6),
(24, 'Amrei', 'Lavater', 'Amrei Lavater', '27', 10, 876.6),
(25, 'Lexian', 'osenmüller', 'Lexian osenmüller', '19', 10, 820.8),
(26, 'Tanaja', 'elke', 'Tanaja elke', NULL, 10, NULL),
(27, NULL, 'Himmler', NULL, NULL, 0, NULL),
(28, 'Conny', 'Feierbach', 'Conny Feierbach', NULL, 10, NULL),
(29, 'Sonja', 'Gebbels', 'Sonja Gebbels', NULL, 10, NULL),
(30, 'Davi', 'Hirsch', 'Davi Hirsch', NULL, 10, NULL),
(31, 'Sonnwin', 'Gekkel', 'Sonnwin Gekkel', NULL, 0, NULL),
(32, NULL, 'Kleiber', NULL, NULL, 10, NULL),
(33, 'Wiglev', 'Lechner', 'Wiglev Lechner', '11', 0, 306),
(34, 'Demokrit', 'Böhm', 'Demokrit Böhm', '37', 10, 991.8),
(35, 'Alruna', 'Klein', 'Alruna Klein', NULL, 10, NULL),
(36, 'Odila', 'össler', 'Odila össler', '18', 10, 259.2),
(37, 'Carolin', 'euenburg', 'Carolin euenburg', '8', 10, 216),
(38, 'Kristiane', 'Hirschmann', 'Kristiane Hirschmann', '20', 10, 378),
(39, 'Felizian', 'Feigenbaum', 'Felizian Feigenbaum', NULL, 10, NULL),
(40, 'Chicko', 'Stackelberg', 'Chicko Stackelberg', NULL, 10, NULL),
(41, 'Baldo ', 'Gelen', 'Baldo  Gelen', '31', 15, 731),
(42, NULL, 'Hitler', NULL, NULL, 10, NULL),
(43, 'Gundolf', 'Lehmann', 'Gundolf Lehmann', '8', 10, 324),
(44, 'Delian', 'Geller', 'Delian Geller', '1', 0, 22),
(45, 'Balintt ', 'Bohnke', 'Balintt  Bohnke', '2', 15, 59.5),
(46, 'Waltraud', 'Kleiner', 'Waltraud Kleiner', NULL, 0, NULL),
(47, 'Zeruja', 'Zeiger', 'Zeruja Zeiger', '38', 10, 404.1),
(48, 'Dodo', 'Leist', 'Dodo Leist', '16', 10, 345.6),
(49, 'Europa', 'otmann', 'Europa otmann', '20', 10, 576),
(50, 'Ionita', 'Kleinermann', 'Ionita Kleinermann', NULL, 20, NULL),
(51, 'Balduin ', 'eumann', 'Balduin  eumann', NULL, 0, NULL),
(52, NULL, 'Feigl', NULL, NULL, 10, NULL),
(53, 'Quintana', 'Stammer', 'Quintana Stammer', NULL, 10, NULL),
(54, 'Erdmute', 'otschield', 'Erdmute otschield', '6', 0, 60),
(55, 'Tjorden', 'Bohrmann', 'Tjorden Bohrmann', '14', 10, 516.6),
(56, 'Adine ', 'euner', 'Adine  euner', '1', 10, 5.4),
(57, 'Kyano', 'Hochstetter', 'Kyano Hochstetter', NULL, 10, NULL),
(58, 'Annalies', 'Felder', 'Annalies Felder', '28', 10, 1062),
(59, 'Neona', 'Zeisel', 'Neona Zeisel', NULL, 10, NULL),
(60, 'Hunfried', 'üdiger', 'Hunfried üdiger', '11', 10, 207.9),
(61, 'Benedikta', 'Genkel', 'Benedikta Genkel', NULL, 10, NULL),
(62, 'Elimar', 'Leitner', 'Elimar Leitner', '18', 0, 408),
(63, 'Warinheri', 'Bohrmann', 'Warinheri Bohrmann', NULL, 10, NULL),
(64, NULL, 'Kleinmann', NULL, '15', 10, 378),
(65, 'Barthel ', 'Lemm', 'Barthel  Lemm', '23', 10, 238.5),
(66, NULL, 'Stein', NULL, '15', 10, 108),
(67, 'Nico', 'Hofer', 'Nico Hofer', '9', 10, 170.1),
(68, 'Fridurich', 'Zeiss', 'Fridurich Zeiss', '32', 0, 1072),
(69, 'Otwin', 'icolai', 'Otwin icolai', '23', 10, 916.2),
(70, 'Marbot', 'Kleist', 'Marbot Kleist', NULL, 10, NULL),
(71, 'Ulli', 'Feldkamp', 'Ulli Feldkamp', '9', 0, 307),
(72, NULL, 'Lengefeld', NULL, NULL, 10, NULL),
(73, 'Wolfdietrich', 'Bongard', 'Wolfdietrich Bongard', '16', 0, 672),
(74, NULL, 'umpf', NULL, '5', 10, 162),
(75, 'Eluana', 'Stern', 'Eluana Stern', '5', 10, 153),
(76, 'Achime ', 'Zeller', 'Achime  Zeller', NULL, 10, NULL),
(77, 'Yakima', 'Klemperer', 'Yakima Klemperer', '14', 10, 189),
(78, 'Conczlin', 'iemann', 'Conczlin iemann', '18', 10, 390.6),
(79, 'Anndea', 'ack', 'Anndea ack', '16', 10, 532.8),
(80, 'IleneMarie', 'Fellendorf', 'IleneMarie Fellendorf', '3', 10, 13.5),
(81, 'Dietmut', 'Gering', 'Dietmut Gering', '1', 10, 4.5),
(82, 'Django', 'Höfermann', 'Django Höfermann', NULL, 10, NULL),
(83, 'Sigmar', 'Lenz', 'Sigmar Lenz', '38', 10, 477),
(84, NULL, 'Gerlach', NULL, NULL, 10, NULL),
(85, 'Wolfsindis', 'Klenze', 'Wolfsindis Klenze', NULL, 10, NULL),
(86, 'Kraft', 'ietzsche', 'Kraft ietzsche', NULL, 30, NULL),
(87, 'Finnjo', 'Bonke', 'Finnjo Bonke', NULL, 10, NULL),
(88, 'Mareline', 'acks', 'Mareline acks', NULL, 10, NULL),
(89, 'Romarich', 'Fetting', 'Romarich Fetting', '15', 10, 337.5),
(90, 'Johann', 'Hoffmann', 'Johann Hoffmann', '3', 30, 86.1),
(91, 'Ulfried', 'Borsig', 'Ulfried Borsig', '13', 30, 256.2),
(92, 'Zölestin', 'Gerngross', 'Zölestin Gerngross', '7', 10, 88.2),
(93, 'Hemma', 'Högl', 'Hemma Högl', '50', 10, 1294.2),
(94, 'Endris', 'Feuchtwanger', 'Endris Feuchtwanger', '30', 10, 369.9),
(95, 'Luna', 'Gertz', 'Luna Gertz', '24', 10, 678.6),
(96, 'Bodobert', 'Homeyer', 'Bodobert Homeyer', '15', 10, 405),
(97, 'Mahatma', 'itsch', 'Mahatma itsch', NULL, 10, NULL),
(98, 'Borchard', 'Brandes', 'Borchard Brandes', '13', 10, 280.8),
(99, 'Bosse', 'Lerch', 'Bosse Lerch', NULL, 10, NULL),
(100, 'Ekkea', 'ailer', 'Ekkea ailer', '28', 10, 902.7),
(101, 'Salvina', 'Strasser', 'Salvina Strasser', NULL, 10, NULL),
(102, NULL, 'Glasenap', NULL, '29', 10, 853.2),
(103, 'Jamira', 'olken', 'Jamira olken', '5', 10, 211.5),
(104, 'Hoyer', 'Honecker', 'Hoyer Honecker', '4', 10, 147.6),
(105, 'Mayken', 'alemann', 'Mayken alemann', NULL, 10, NULL),
(106, 'Aristine', 'Zenner', 'Aristine Zenner', '36', 10, 1146.6),
(107, 'Eitel-Fritz', 'Glauber', 'Eitel-Fritz Glauber', '4', 10, NULL),
(108, NULL, 'Honigmann', NULL, '16', 10, 273.6),
(109, 'Chicko', 'Klinger', 'Chicko Klinger', NULL, 10, NULL),
(110, 'Richmute', 'Goldhaber', 'Richmute Goldhaber', NULL, 10, NULL),
(111, 'Linnart', 'Feuerbach', 'Linnart Feuerbach', NULL, 10, NULL),
(112, 'Gerarda', 'Hopfer', 'Gerarda Hopfer', '24', 10, 386.1),
(113, 'Lais', 'Lerner', 'Lais Lerner', NULL, 10, NULL),
(114, 'Dark', 'Klostermann', 'Dark Klostermann', '18', 10, 81),
(115, 'Ortolf', 'Göring', 'Ortolf Göring', '28', 10, 910.8),
(116, 'Coppelius', 'Brandt', 'Coppelius Brandt', '5', 10, 78.3),
(117, 'Irenäus', 'Feuermann', 'Irenäus Feuermann', NULL, 10, NULL),
(118, 'Dorle', 'Braunfels', 'Dorle Braunfels', NULL, 10, NULL),
(119, 'Colbianna', 'öller', 'Colbianna öller', NULL, 10, NULL),
(120, 'Hadrian', 'Lichtenberg', 'Hadrian Lichtenberg', '24', 10, 511.2),
(121, 'Landolf', 'Feyerabend', 'Landolf Feyerabend', NULL, 10, NULL),
(122, 'Ebbo', 'Stuchenberg', 'Ebbo Stuchenberg', '6', 10, 189),
(123, 'Cilia', 'Ziebel', 'Cilia Ziebel', '13', 10, 286.2),
(124, 'Wolfsindis', 'Hopp', 'Wolfsindis Hopp', '16', 10, 244.8),
(125, 'Christoffel', 'Klotz', 'Christoffel Klotz', NULL, 10, NULL),
(126, 'Lais', 'ander', 'Lais ander', NULL, 10, NULL),
(127, 'Justus', 'Lichtenstein', 'Justus Lichtenstein', NULL, 10, NULL),
(128, 'Odowaker', 'Gossen', 'Odowaker Gossen', NULL, 10, NULL),
(129, NULL, 'Stumpf', NULL, '17', 10, 391.5),
(130, 'Babsi', 'Bremer', 'Babsi Bremer', '14', 10, 252),
(131, 'Chicko', 'Horkheimer', 'Chicko Horkheimer', NULL, 10, NULL),
(132, 'Annelena', 'berländer', 'Annelena berländer', '30', 10, 661.5),
(133, 'Bartel ', 'Grabbe', 'Bartel  Grabbe', '8', 10, 151.2),
(134, 'Vishna', 'artorius', 'Vishna artorius', '29', 10, 783.9),
(135, 'Krimhilde', 'Hörman', 'Krimhilde Hörman', NULL, 10, NULL),
(136, 'Balintt ', 'Zimmermann', 'Balintt  Zimmermann', '3', 10, 118.8),
(137, 'Ehrentrud', 'Kloz', 'Ehrentrud Kloz', NULL, 10, NULL),
(138, 'Hruodswinda', 'bermaier', 'Hruodswinda bermaier', '36', 10, 1152),
(139, 'Carena', 'chacht', 'Carena chacht', '32', 10, 360),
(140, 'Castigo', 'Finkelstein', 'Castigo Finkelstein', '15', 10, 391.5),
(141, 'Alrun', 'Brenner', 'Alrun Brenner', NULL, 10, NULL),
(142, 'Urias', 'Grasse', 'Urias Grasse', '20', 10, 417.6),
(143, 'Helwart', 'Liebknecht', 'Helwart Liebknecht', NULL, 10, NULL),
(144, 'Enriko', 'Tauberg', 'Enriko Tauberg', '9', 10, 405),
(145, 'Cathrin', 'bermann', 'Cathrin bermann', '13', 10, 538.2),
(146, 'Richmut', 'chall', 'Richmut chall', NULL, 10, NULL),
(147, 'Helmuth', 'Klug', 'Helmuth Klug', NULL, 10, NULL),
(148, 'Marlisa', 'Zinger', 'Marlisa Zinger', '9', 10, 56.7),
(149, 'Faustinus', 'Hornberger', 'Faustinus Hornberger', '7', 10, 270.9),
(150, 'Baldo ', 'Fischer', 'Baldo  Fischer', '2', 10, 72),
(151, 'Florestan', 'bermeyer', 'Florestan bermeyer', NULL, 10, NULL),
(152, NULL, 'Greuel', NULL, '5', 10, 166.5),
(153, 'Berna', 'Tausig', 'Berna Tausig', NULL, 10, NULL),
(154, 'Conczlin', 'Lindenau', 'Conczlin Lindenau', '16', 10, 86.4),
(155, 'Jupp', 'Brockhaus', 'Jupp Brockhaus', '8', 10, 237.6),
(156, NULL, 'chechtel', NULL, '6', 10, 70.2),
(157, 'Barthel ', 'Hornschuh', 'Barthel  Hornschuh', '9', 10, 64.8),
(158, 'Vinzenta', 'Knecht', 'Vinzenta Knecht', '9', 10, 64.8),
(159, 'Vulpecula', 'Grimm', 'Vulpecula Grimm', '18', 10, 176.4),
(160, 'Janaida', 'Fischnaller', 'Janaida Fischnaller', '6', 10, 124.2),
(161, 'Abbeygail ', 'Hoyer', 'Abbeygail  Hoyer', '8', 10, 86.4),
(162, NULL, 'chs', NULL, '10', 10, 117),
(163, 'Orthey', 'Zöller', 'Orthey Zöller', NULL, 10, NULL),
(164, 'Dietbald', 'Lindenstrauss', 'Dietbald Lindenstrauss', '10', 10, 297),
(165, 'Lovelyn', 'Tausch', 'Lovelyn Tausch', '1', 10, 39.6),
(166, 'Wigmar', 'chefer', 'Wigmar chefer', '1', 10, 35.1),
(167, 'Altburg', 'Knobel', 'Altburg Knobel', '14', 10, 302.4),
(168, 'Merina', 'Bruner', 'Merina Bruner', NULL, 10, NULL),
(169, 'Thuja', 'Zuckermann', 'Thuja Zuckermann', NULL, 10, NULL),
(170, 'Bringfried', 'ppert', 'Bringfried ppert', NULL, 10, NULL),
(171, 'Endrick', 'cheffer', 'Endrick cheffer', '21', 10, 766.8),
(172, 'Balte ', 'Abel', 'Balte  Abel', NULL, 10, NULL),
(173, 'Helmar', 'Brunner', 'Helmar Brunner', NULL, 10, NULL),
(174, 'Kaira', 'Linger', 'Kaira Linger', '4', 10, 120.6),
(175, 'Thekla', 'Abert', 'Thekla Abert', '18', 10, 388.8),
(176, 'Abby ', 'Koch', 'Abby  Koch', NULL, 10, NULL),
(177, NULL, 'Taschenberg', NULL, NULL, 10, NULL),
(178, 'Braida', 'Buchholz', 'Braida Buchholz', '12', 10, 302.4),
(179, 'Dietwald', 'Abich', 'Dietwald Abich', NULL, 10, NULL),
(180, 'Iustina', 'Buchloh', 'Iustina Buchloh', '16', 10, 331.2),
(181, 'Bastian ', 'Grossmann', 'Bastian  Grossmann', NULL, 10, NULL),
(182, 'Baldo ', 'Hübner', 'Baldo  Hübner', '30', 10, 669.6),
(183, 'Eckehard', 'Abicht', 'Eckehard Abicht', NULL, 10, NULL),
(184, 'Hadassa', 'Gruber', 'Hadassa Gruber', '7', 10, 44.1),
(185, 'Sylviana', 'Hummel', 'Sylviana Hummel', '4', 10, 32.4),
(186, 'Arnesa', 'Lipsius', 'Arnesa Lipsius', '3', 10, 62.1),
(187, NULL, 'stermann', NULL, '15', 10, 553.5),
(188, 'Annamaria', 'Buchmeyer', 'Annamaria Buchmeyer', '6', 10, 205.2),
(189, 'Thees', 'chelling', 'Thees chelling', NULL, 10, NULL),
(190, 'Wolfhart', 'Grünbaum', 'Wolfhart Grünbaum', '6', 10, 232.2),
(191, 'Katsa', 'Adler', 'Katsa Adler', NULL, 10, NULL),
(192, 'Lynna', 'cheidemann', 'Lynna cheidemann', NULL, 10, NULL),
(193, 'Annalisa', 'Buchner', 'Annalisa Buchner', '14', 10, 264.6),
(194, 'Erija', 'Albrecht', 'Erija Albrecht', '40', 10, 1522.8),
(195, 'Adelisa ', 'Husemann', 'Adelisa  Husemann', '37', 10, 1018.8),
(196, 'Edelwalde', 'Tetzner', 'Edelwalde Tetzner', NULL, 10, NULL),
(197, 'Jönna', 'Grundig', 'Jönna Grundig', '17', 10, 441.9),
(198, 'Hadassa', 'Kohlberg', 'Hadassa Kohlberg', '2', 10, 72),
(199, NULL, 'Hut', NULL, NULL, 10, NULL),
(200, 'Edelbert', 'stwald', 'Edelbert stwald', NULL, 10, NULL),
(201, 'Almut', 'Lochner', 'Almut Lochner', '18', 10, 178.2),
(202, 'Zowie', 'Köhne', 'Zowie Köhne', '8', 10, 144),
(203, 'Birklinde', 'chiefer', 'Birklinde chiefer', '26', 10, 658.8),
(204, 'Kordelia', 'Thaler', 'Kordelia Thaler', NULL, 10, NULL),
(205, 'Eylev', 'Lohmann', 'Eylev Lohmann', '4', 10, 104.4),
(206, 'Abby ', 'Grünenfelder', 'Abby  Grünenfelder', NULL, 10, NULL),
(207, NULL, 'Kolbe', NULL, '36', 10, 873.9),
(208, 'Gonda', 'Lohrer', 'Gonda Lohrer', '16', 10, 518.4),
(209, 'Herwig', 'Köler', 'Herwig Köler', '28', 10, 669.6),
(210, NULL, 'Loos', NULL, '29', 10, 858.6),
(211, 'Josias', 'chiller', 'Josias chiller', '15', 10, 297),
(212, NULL, 'Manstein', NULL, NULL, 10, NULL),
(213, 'Ruthart', 'verbeck', 'Ruthart verbeck', '18', 10, 547.2),
(214, 'Virgenie', 'Thalberg', 'Virgenie Thalberg', '9', 10, 210.6),
(215, 'Silia', 'König', 'Silia König', NULL, 10, NULL),
(216, NULL, 'chirrmann', NULL, '33', 10, 1031.4),
(217, 'Justus', 'Imhof', 'Justus Imhof', '20', 10, 198),
(218, 'Madlena', 'Lorenz', 'Madlena Lorenz', NULL, 10, NULL),
(219, 'Cordelius', 'Büchner', 'Cordelius Büchner', '9', 10, 299.7),
(220, 'Calantha', 'Altmann', 'Calantha Altmann', NULL, 10, NULL),
(221, 'Adina ', 'Buhmann', 'Adina  Buhmann', NULL, 10, NULL),
(222, 'Burkhardt', 'Marschner', 'Burkhardt Marschner', NULL, 10, NULL),
(223, NULL, 'Timroth', NULL, NULL, 10, NULL),
(224, 'Norgard', 'chlechter', 'Norgard chlechter', '37', 10, 843.3),
(225, 'Lorina', 'abst', 'Lorina abst', '10', 10, 203.4),
(226, 'Magnusson', 'Anger', 'Magnusson Anger', '6', 10, 221.4),
(227, 'Siegmund', 'Konradi', 'Siegmund Konradi', '24', 10, 696.6),
(228, 'Maret', 'Tischbein', 'Maret Tischbein', NULL, 10, NULL),
(229, 'Borchard', 'chmidt', 'Borchard chmidt', NULL, 10, NULL),
(230, 'Hanfried', 'Bülow', 'Hanfried Bülow', '18', 10, 210.6),
(231, 'Ernö', 'Tischler', 'Ernö Tischler', NULL, 10, NULL),
(232, 'Mirinda', 'chmitz', 'Mirinda chmitz', '13', 10, 197.1),
(233, 'Balte ', 'Luckner', 'Balte  Luckner', '6', 10, 216),
(234, 'Cedrella', 'Angst', 'Cedrella Angst', '6', 10, 54),
(235, 'Ravenna', 'Grünwald', 'Ravenna Grünwald', NULL, 10, NULL),
(236, 'Balduin ', 'Burgdorf', 'Balduin  Burgdorf', NULL, 10, NULL),
(237, 'Hoyer', 'Appel', 'Hoyer Appel', NULL, 10, NULL),
(238, 'Moriz', 'Mauch', 'Moriz Mauch', NULL, 10, NULL),
(239, 'Xanthos', 'Kopf', 'Xanthos Kopf', '20', 10, 324),
(240, 'Connie', 'Immerig', 'Connie Immerig', '28', 10, 363.6),
(241, 'Cäsarius', 'Bürger', 'Cäsarius Bürger', NULL, 10, NULL),
(242, 'Adina ', 'Tissen', 'Adina  Tissen', '3', 10, 132.3),
(243, 'Pinkus', 'ander', 'Pinkus ander', '7', 10, 194.4),
(244, 'Fenrir', 'Lungershausen', 'Fenrir Lungershausen', '16', 10, 606.6),
(245, NULL, 'Guggenberger', NULL, '19', 10, 427.5),
(246, 'Amona', 'chneider', 'Amona chneider', NULL, 10, NULL),
(247, 'Annalisa', 'Mauer', 'Annalisa Mauer', '16', 10, 115.2),
(248, 'Dietger', 'atkuhl', 'Dietger atkuhl', '34', 10, 961.2),
(249, 'Achime ', 'Mehring', 'Achime  Mehring', '5', 10, 157.5),
(250, 'Nessaja', 'Arnold', 'Nessaja Arnold', NULL, 10, NULL),
(251, 'Destina', 'Kopp', 'Destina Kopp', '31', 10, 654.3),
(252, 'Priska', 'Burkhard', 'Priska Burkhard', '8', 10, 252),
(253, 'Markward', 'Ittenbach', 'Markward Ittenbach', NULL, 10, NULL),
(254, 'Jupp', 'Totleben', 'Jupp Totleben', '11', 10, 168.3),
(255, 'Augustina', 'chneidermann', 'Augustina chneidermann', '6', 10, 167.4),
(256, 'Almut', 'Mager', 'Almut Mager', NULL, 10, NULL),
(257, 'Crescentia', 'Köstlin', 'Crescentia Köstlin', '29', 10, 918),
(258, 'Odilia', 'Assmann', 'Odilia Assmann', NULL, 10, NULL),
(259, 'Waltraud', 'Günther', 'Waltraud Günther', '14', 10, 428.4),
(260, 'Ekkea', 'Dahrendorf', 'Ekkea Dahrendorf', NULL, 10, NULL),
(261, 'Adina ', 'Auerbach', 'Adina  Auerbach', '16', 10, 464.4),
(262, 'Seraja', 'aul', 'Seraja aul', '7', 10, 249.3),
(263, 'Dodo', 'Dannenberg', 'Dodo Dannenberg', '34', 10, 653.4),
(264, 'Gerwald', 'Baade', 'Gerwald Baade', '22', 10, 456.3),
(265, 'Clodomer', 'Makensen', 'Clodomer Makensen', '30', 10, 838.8),
(266, 'Friedebrecht', 'Meiendorf', 'Friedebrecht Meiendorf', NULL, 10, NULL),
(267, 'Fabiane', 'Danziger', 'Fabiane Danziger', '6', 10, 64.8),
(268, 'Hunbert', 'Kraft', 'Hunbert Kraft', NULL, 10, NULL),
(269, 'Adlin ', 'aulig', 'Adlin  aulig', '8', 10, 331.2),
(270, 'Liebwin', 'Bach', 'Liebwin Bach', NULL, 10, NULL),
(271, 'Tabea', 'Jäger', 'Tabea Jäger', '38', 10, 839.7),
(272, 'Lynna', 'Treviranus', 'Lynna Treviranus', '23', 10, 770.4),
(273, 'Feline', 'Gutzeit', 'Feline Gutzeit', '22', 10, 190.8),
(274, NULL, 'choll', NULL, NULL, 10, NULL),
(275, 'Adina ', 'Trübner', 'Adina  Trübner', NULL, 10, NULL),
(276, 'Wittekind', 'chön', 'Wittekind chön', '20', 10, 162),
(277, 'Zyprian', 'Jens', 'Zyprian Jens', NULL, 10, NULL),
(278, NULL, 'Haack', NULL, NULL, 10, NULL),
(279, 'Eustachius', 'Meier', 'Eustachius Meier', '22', 10, 615.6),
(280, 'Balian ', 'Jensen', 'Balian  Jensen', '13', 10, 335.7),
(281, 'Gangolf', 'Dautzenberg', 'Gangolf Dautzenberg', NULL, 10, NULL),
(282, 'Walahfried', 'Ude', 'Walahfried Ude', NULL, 10, NULL),
(283, 'Vinzent', 'chönberg', 'Vinzent chönberg', '22', 10, 761.4),
(284, 'Ulrich', 'Bachmann', 'Ulrich Bachmann', NULL, 10, NULL),
(285, 'Hoyer', 'Haas', 'Hoyer Haas', '3', 10, 67.5),
(286, 'Lainy', 'eiper', 'Lainy eiper', '47', 10, 887.4),
(287, 'Barthel ', 'Meissner', 'Barthel  Meissner', '13', 10, 93.6),
(288, 'Baldur ', 'Delbrück', 'Baldur  Delbrück', NULL, 10, NULL),
(289, 'Magda', 'Maler', 'Magda Maler', NULL, 10, NULL),
(290, 'Abby ', 'erl', 'Abby  erl', '4', 10, 32.4),
(291, 'Gert', 'Bartels', 'Gert Bartels', '17', 10, 520.2),
(292, 'Bodobert', 'Jentsch', 'Bodobert Jentsch', '20', 10, 828),
(293, 'Bodo', 'Kramer', 'Bodo Kramer', '17', 10, 657.9),
(294, 'Sigmar', 'Uhlig', 'Sigmar Uhlig', NULL, 10, NULL),
(295, NULL, 'chreier', NULL, NULL, 10, NULL),
(296, NULL, 'Meltzer', NULL, '26', 10, 459),
(297, 'Elean', 'Ulbricht', 'Elean Ulbricht', '13', 10, 447.3),
(298, 'Pares', 'chröder', 'Pares chröder', '9', 10, 145.8),
(299, 'Maret', 'Hackl', 'Maret Hackl', '7', 10, 124.2),
(300, 'Friedrich', 'Ullmann', 'Friedrich Ullmann', NULL, 10, NULL),
(301, 'Balintt ', 'Jerg', 'Balintt  Jerg', '3', 10, 89.1),
(302, 'Balte ', 'Dils', 'Balte  Dils', '12', 10, 110.7),
(303, 'Witege', 'Mann', 'Witege Mann', '4', 10, 100.8),
(304, 'Elfrida', 'feifer', 'Elfrida feifer', NULL, 10, NULL),
(305, 'Hede', 'Melzer', 'Hede Melzer', NULL, 10, NULL),
(306, 'Eyff', 'chubert', 'Eyff chubert', NULL, 10, NULL),
(307, 'Lotti', 'Kraus', 'Lotti Kraus', NULL, 10, NULL),
(308, 'Jenoira', 'Hagemann', 'Jenoira Hagemann', NULL, 10, NULL),
(309, 'Rieke', 'John', 'Rieke John', '16', 10, 180),
(310, 'Izanuela', 'flüger', 'Izanuela flüger', NULL, 10, NULL),
(311, 'Bernharde', 'Unger', 'Bernharde Unger', '29', 10, 580.5),
(312, NULL, 'Mencke', NULL, NULL, 10, NULL),
(313, 'Frede', 'Hagen', 'Frede Hagen', '13', 10, 535.5),
(314, 'Kara', 'Kallisen', 'Kara Kallisen', '29', 10, 728.1),
(315, 'Zinnia', 'Krause', 'Zinnia Krause', '34', 10, 776.7),
(316, 'Silena', 'ichler', 'Silena ichler', NULL, 10, NULL),
(317, NULL, 'Kalm', NULL, '3', 10, 51.3),
(318, 'Lupine', 'Josef', 'Lupine Josef', NULL, 10, NULL),
(319, 'Wigmar', 'Menger', 'Wigmar Menger', NULL, 10, NULL),
(320, 'Dankert', 'Hager', 'Dankert Hager', '3', 10, 86.4),
(321, 'Cilia', 'Krebs', 'Cilia Krebs', '15', 10, 322.2),
(322, 'Dietrich', 'Bauer', 'Dietrich Bauer', '12', 10, 216),
(323, 'Menowin', 'later', 'Menowin later', NULL, 10, NULL),
(324, 'Richart', 'Menzel', 'Richart Menzel', NULL, 10, NULL),
(325, 'Diemuth', 'Kaltenbrunner', 'Diemuth Kaltenbrunner', NULL, 10, NULL),
(326, 'Raginhard', 'Dippel', 'Raginhard Dippel', '8', 10, 180),
(327, NULL, 'Joseph', NULL, '3', 10, 81),
(328, 'Cathrina', 'Krenz', 'Cathrina Krenz', '26', 10, 702),
(329, 'Franko', 'Kamphausen', 'Franko Kamphausen', '5', 10, 207),
(330, 'Umani', 'Kretschmer', 'Umani Kretschmer', NULL, 10, NULL),
(331, 'Elvine', 'Baum', 'Elvine Baum', '10', 10, 153),
(332, 'Gela', 'Ditmar', 'Gela Ditmar', NULL, 10, NULL),
(333, 'Zefania', 'chuhmacher', 'Zefania chuhmacher', '53', 10, 1777.5),
(334, 'Adina ', 'Vogt', 'Adina  Vogt', '36', 10, 493.2),
(335, 'Radolf', 'Baumann', 'Radolf Baumann', NULL, 10, NULL),
(336, 'Gumpert', 'lehwe', 'Gumpert lehwe', '14', 10, 57.6),
(337, 'Jendris', 'chulmann', 'Jendris chulmann', '20', 10, 378),
(338, 'Wigbert', 'Kant', 'Wigbert Kant', NULL, 10, NULL),
(339, 'Damasus', 'Mering', 'Damasus Mering', NULL, 10, NULL),
(340, 'Annaliese', 'Hammerschmidt', 'Annaliese Hammerschmidt', '24', 10, 666.9),
(341, 'Balduin ', 'Döring', 'Balduin  Döring', NULL, 10, NULL),
(342, 'Fleurelle', 'reuss', 'Fleurelle reuss', '4', 10, 28.8),
(343, 'Kiany', 'Baumbach', 'Kiany Baumbach', '9', 10, 364.5),
(344, 'Esthera', 'Dorn', 'Esthera Dorn', NULL, 10, NULL),
(345, 'Ravenna', 'Kromberg', 'Ravenna Kromberg', NULL, 10, NULL),
(346, 'Josy', 'Baumgarten', 'Josy Baumgarten', '6', 10, 97.2),
(347, 'Faustinus', 'Merkel', 'Faustinus Merkel', '49', 10, 1054.8),
(348, 'Linux', 'Dörner', 'Linux Dörner', '14', 10, 567.9),
(349, 'Bartel ', 'Kantor', 'Bartel  Kantor', '54', 10, 1177.2),
(350, 'Adelinde ', 'Kronberg', 'Adelinde  Kronberg', NULL, 10, NULL),
(351, 'Lionella', 'Baur', 'Lionella Baur', NULL, 10, NULL),
(352, 'Bartholomäus ', 'Jost', 'Bartholomäus  Jost', '14', 10, 541.8),
(353, 'Helvin', 'Karus', 'Helvin Karus', '28', 10, 840.6),
(354, 'Aurion ', 'ritzel', 'Aurion  ritzel', NULL, 10, NULL),
(355, 'Uodalrich', 'Voigt', 'Uodalrich Voigt', NULL, 10, NULL),
(356, 'Conni', 'Dötzer', 'Conni Dötzer', '19', 10, 171),
(357, 'Berti', 'Kronecker', 'Berti Kronecker', NULL, 10, NULL),
(358, 'Everly', 'Hanke', 'Everly Hanke', '3', 10, 113.4),
(359, 'Skyline', 'Bebel', 'Skyline Bebel', NULL, 10, NULL),
(360, 'Colias', 'Metzger', 'Colias Metzger', '31', 10, 765),
(361, 'Madline', 'Kade', 'Madline Kade', NULL, 10, NULL),
(362, 'Bero', 'ulver', 'Bero ulver', '26', 10, 256.5),
(363, 'Cyprienne', 'Meyendorf', 'Cyprienne Meyendorf', NULL, 10, NULL),
(364, 'Castigo', 'Drechsler', 'Castigo Drechsler', NULL, 10, NULL),
(365, 'Ablona ', 'ascher', 'Ablona  ascher', '1', 10, 28.8),
(366, 'Lanzo', 'Meyer', 'Lanzo Meyer', NULL, 10, NULL),
(367, 'Gunda', 'aspe', 'Gunda aspe', NULL, 10, NULL),
(368, NULL, 'Mielke', NULL, '33', 10, 1177.2),
(369, 'Fridrun', 'Benz', 'Fridrun Benz', '8', 10, 324),
(370, 'Riko', 'atzenberger', 'Riko atzenberger', '8', 10, 302.4),
(371, 'Elisabetha', 'Drescher', 'Elisabetha Drescher', NULL, 10, NULL),
(372, 'Pitt', 'Berend', 'Pitt Berend', NULL, 10, NULL),
(373, 'Ignatia', 'chulmeister', 'Ignatia chulmeister', '19', 10, 649.8),
(374, 'Balte ', 'Heckler', 'Balte  Heckler', '10', 10, 333),
(375, 'Helmute', 'Katz', 'Helmute Katz', '27', 10, 537.3),
(376, 'Yan', 'Krüger', 'Yan Krüger', NULL, 10, NULL),
(377, 'Lais', 'Katzmann', 'Lais Katzmann', '11', 10, 217.8),
(378, NULL, 'von Feierbach', NULL, '20', 10, 306),
(379, 'Annelena', 'Milch', 'Annelena Milch', NULL, 10, NULL),
(380, 'Finjus', 'chultz', 'Finjus chultz', NULL, 10, NULL),
(381, 'Raimar', 'Kalb', 'Raimar Kalb', NULL, 10, NULL),
(382, NULL, 'Krummacher', NULL, '19', 10, 666.9),
(383, 'Filou', 'Drews', 'Filou Drews', '37', 10, 1158.3),
(384, 'Friedrich', 'auch', 'Friedrich auch', '11', 10, 356.4),
(385, 'Catiana', 'Möbius', 'Catiana Möbius', '8', 10, 157.5),
(386, 'Zyriakus', 'Kauer', 'Zyriakus Kauer', '14', 10, 352.8),
(387, NULL, 'von Richthofen', NULL, '3', 10, NULL),
(388, 'Syria', 'Heidemann', 'Syria Heidemann', '18', 10, 635.4),
(389, 'Hruodolf', 'Berens', 'Hruodolf Berens', NULL, 10, NULL),
(390, 'Ravissa', 'Dümmler', 'Ravissa Dümmler', '4', 10, 117),
(391, 'Mirinda', 'ausch', 'Mirinda ausch', NULL, 10, NULL),
(392, NULL, 'Berg', NULL, '30', 10, 359.1),
(393, 'Bulk', 'Kruse', 'Bulk Kruse', NULL, 10, NULL),
(394, 'Felician', 'chulz', 'Felician chulz', '12', 10, 291.6),
(395, 'Friederun', 'Kalkbrenner', 'Friederun Kalkbrenner', '20', 10, 504),
(396, 'Gundula', 'Ebel', 'Gundula Ebel', NULL, 10, NULL),
(397, 'Jule', 'Wagner', 'Jule Wagner', '8', 10, 187.2),
(398, 'Barthel ', 'ockenhaupt', 'Barthel  ockenhaupt', '5', 10, 94.5),
(399, 'Adelisa ', 'ebinder', 'Adelisa  ebinder', '12', 10, 172.8),
(400, 'Landolf', 'odersohn', 'Landolf odersohn', '4', 10, 176.4),
(401, 'Wigbert', 'chulze', 'Wigbert chulze', '9', 10, 129.6),
(402, 'Baldo ', 'eimer', 'Baldo  eimer', '15', 10, 540),
(403, 'Otila', 'Berger', 'Otila Berger', '35', 10, 705.6),
(404, 'Frieder', 'Ebert', 'Frieder Ebert', NULL, 10, NULL),
(405, 'Friedegunde', 'Kaufmann', 'Friedegunde Kaufmann', '3', 10, 59.4),
(406, NULL, 'orgen', NULL, '13', 10, 491.4),
(407, 'Juvia', 'Walser', 'Juvia Walser', '3', 10, 56.7),
(408, 'Marell', 'Bergmann', 'Marell Bergmann', '1', 10, 16.2),
(409, 'Ingolf', 'Küchelbecker', 'Ingolf Küchelbecker', NULL, 10, NULL),
(410, 'Ulfried', 'Kaulbach', 'Ulfried Kaulbach', '3', 10, 43.2),
(411, 'Chanina', 'Eichenwald', 'Chanina Eichenwald', NULL, 10, NULL),
(412, 'Pinkus', 'Schwabe', 'Pinkus Schwabe', '3', 10, 61.2),
(413, 'Edeltrud', 'Küchenmeister', 'Edeltrud Küchenmeister', NULL, 10, NULL),
(414, 'Deborian', 'einhold', 'Deborian einhold', '31', 10, 833.4),
(415, 'Plektrudis', 'Keler', 'Plektrudis Keler', '7', 10, 315),
(416, 'Ingobert', 'orgenstern', 'Ingobert orgenstern', '2', 10, 48.6),
(417, 'Linux', 'einrhard', 'Linux einrhard', '6', 10, 129.6),
(418, 'Elsi', 'Heine', 'Elsi Heine', '22', 10, 708.3),
(419, 'Marell', 'Bering', 'Marell Bering', '10', 10, 342),
(420, 'Baldo ', 'Walter', 'Baldo  Walter', '16', 10, 684),
(421, 'Gerwig', 'Küchler', 'Gerwig Küchler', '5', 10, 63),
(422, 'Itria', 'Engel', 'Itria Engel', '20', 10, 360),
(423, 'Felin', 'Schwarz', 'Felin Schwarz', '9', 10, 260.1),
(424, 'Wido', 'Wassermann', 'Wido Wassermann', NULL, 10, NULL),
(425, 'Friedelotte', 'orgner', 'Friedelotte orgner', NULL, 10, NULL),
(426, 'Uodalrich', 'Keller', 'Uodalrich Keller', '12', 10, 294.3),
(427, 'Freimut', 'Kugler', 'Freimut Kugler', '3', 10, 45.9),
(428, 'Achime ', 'ennenkampf', 'Achime  ennenkampf', '16', 10, 316.8),
(429, 'Adelinde ', 'Bernhard', 'Adelinde  Bernhard', NULL, 10, NULL),
(430, 'Kamilla', 'Kallenberg', 'Kamilla Kallenberg', NULL, 10, NULL),
(431, 'Innocentia', 'Engelke', 'Innocentia Engelke', '18', 10, 288.9),
(432, 'Nanni', 'Bilderling', 'Nanni Bilderling', '16', 10, 691.2),
(433, 'Balian ', 'Kellermann', 'Balian  Kellermann', '25', 10, 341.1),
(434, NULL, 'oritz', NULL, '6', 10, 194.4),
(435, 'Anastina', 'Erdmann', 'Anastina Erdmann', '17', 10, 91.8),
(436, 'Adelinde ', 'Bischof', 'Adelinde  Bischof', '9', 10, 105.3),
(437, 'Lioba', 'Etinger', 'Lioba Etinger', '21', 10, 677.7),
(438, 'Abeline ', 'Schwarzmann', 'Abeline  Schwarzmann', '8', 10, 266.4),
(439, 'Kara', 'Weigl', 'Kara Weigl', '50', 10, 1209.6),
(440, 'Yascha', 'Blank', 'Yascha Blank', '24', 10, 179.1),
(441, 'Modena', 'Schweizer', 'Modena Schweizer', '7', 10, 233.1),
(442, 'Kowi', 'Kühn', 'Kowi Kühn', '14', 10, 466.2),
(443, 'Menowin', 'Heinemann', 'Menowin Heinemann', '19', 10, 673.2),
(444, 'Dankmar', 'eutern', 'Dankmar eutern', '4', 10, 126),
(445, 'Gardi', 'Fleischer', 'Gardi Fleischer', '6', 10, 264.6),
(446, 'Yehla', 'Fahrenkrog', 'Yehla Fahrenkrog', NULL, 10, NULL),
(447, 'Frederika', 'Weiss', 'Frederika Weiss', '17', 10, 413.1),
(448, NULL, 'oser', NULL, NULL, 10, NULL),
(449, 'Ernö', 'Heinz', 'Ernö Heinz', NULL, 10, NULL),
(450, 'Gerburgis', 'ichter', 'Gerburgis ichter', '9', 10, 218.7),
(451, 'Sigmar', 'Schwimmer', 'Sigmar Schwimmer', NULL, 10, NULL),
(452, 'Erhard', 'Blind', 'Erhard Blind', '9', 10, 299.7),
(453, 'Botlef', 'ozart', 'Botlef ozart', '1', 10, 43.2),
(454, 'Herwald', 'Fleischmann', 'Herwald Fleischmann', NULL, 10, NULL),
(455, 'Augis', 'Kern', 'Augis Kern', '4', 10, 72),
(456, 'Cesar', 'Heinzmann', 'Cesar Heinzmann', NULL, 10, NULL),
(457, NULL, 'ickert', NULL, NULL, 10, NULL),
(458, 'Christof', 'Forster', 'Christof Forster', NULL, 10, NULL),
(459, 'Ruwen', 'Heitsch', 'Ruwen Heitsch', '11', 10, 495),
(460, 'Ablona ', 'Fährmann', 'Ablona  Fährmann', '1', 10, 40.5),
(461, NULL, 'üller', NULL, '60', 10, 1706.4),
(462, 'Felizia', 'iedel', 'Felizia iedel', '17', 10, 673.2),
(463, 'Kolumban', 'Block', 'Kolumban Block', '26', 10, 415.8),
(464, 'Harwig', 'ünch', 'Harwig ünch', NULL, 10, NULL),
(465, 'Kalena', 'ogge', 'Kalena ogge', '1', 10, 18.9),
(466, 'Jördis', 'Falk', 'Jördis Falk', NULL, 10, NULL),
(467, 'Thalie', 'Franke', 'Thalie Franke', NULL, 10, NULL),
(468, 'Balduin ', 'Blücher', 'Balduin  Blücher', '12', 10, 28.8),
(469, 'Pontianus', 'Kunze', 'Pontianus Kunze', '6', 10, 226.8),
(470, 'Aegina ', 'ünchhausen', 'Aegina  ünchhausen', '2', 10, 72),
(471, 'Armella', 'Weber', 'Armella Weber', NULL, 10, NULL),
(472, NULL, 'Seidemann', NULL, '24', 10, 768.6),
(473, 'Fynnia', 'Heldman', 'Fynnia Heldman', NULL, 10, NULL),
(474, 'Adine ', 'Wegener', 'Adine  Wegener', '7', 10, 157.5),
(475, 'Blandine', 'Kesselhut', 'Blandine Kesselhut', '21', 10, 453.6),
(476, 'Linelle', 'Kurz', 'Linelle Kurz', NULL, 10, NULL),
(477, 'Hannika', 'omberg', 'Hannika omberg', '17', 10, 423.9),
(478, 'Erlefried', 'Franz', 'Erlefried Franz', NULL, 10, NULL),
(479, 'Frieder', 'Henkel', 'Frieder Henkel', NULL, 10, NULL),
(480, 'Akazia ', 'Kesselmann', 'Akazia  Kesselmann', '33', 10, 812.7),
(481, 'Erentrudis', 'Seidlitz', 'Erentrudis Seidlitz', NULL, 10, NULL),
(482, 'Kundry', 'ünz', 'Kundry ünz', '10', 10, 94.5),
(483, 'Lejana', 'Frenzel', 'Lejana Frenzel', '23', 10, 617.4),
(484, 'Baldur ', 'Hermann', 'Baldur  Hermann', '2', 10, 55.8),
(485, 'Maurus', 'Freund', 'Maurus Freund', NULL, 10, NULL),
(486, 'Ezechiel', 'osenbaum', 'Ezechiel osenbaum', NULL, 10, NULL),
(487, 'Marcellinus', 'Weltmann', 'Marcellinus Weltmann', '6', 10, 70.2),
(488, 'Käte', 'Herzog', 'Käte Herzog', NULL, 10, NULL),
(489, 'Baldrun', 'Fries', 'Baldrun Fries', '12', 10, 414.9),
(490, NULL, 'Lambert', NULL, '20', 10, 522),
(491, 'Levinia', 'Hess', 'Levinia Hess', '19', 10, 102.6),
(492, NULL, 'Kessler', NULL, '34', 10, 755.1),
(493, NULL, 'Seiler', NULL, '26', 10, 126),
(494, 'Haymo', 'Wentzel', 'Haymo Wentzel', NULL, 10, NULL),
(495, 'Sagana', 'Frisch', 'Sagana Frisch', NULL, 10, NULL),
(496, 'Bernolf', 'Hesse', 'Bernolf Hesse', NULL, 10, NULL),
(497, 'Bartel ', 'Lamprecht', 'Bartel  Lamprecht', '9', 10, 234.9),
(498, NULL, 'Kinkel', NULL, '15', 10, 256.5),
(499, 'Abby ', 'Landsberg', 'Abby  Landsberg', '8', 10, 266.4),
(500, 'Caruso', 'Semper', 'Caruso Semper', NULL, 10, NULL),
(501, 'Kresandra', 'Werner', 'Kresandra Werner', '7', 10, 239.4),
(502, 'Tita', 'Fuchs', 'Tita Fuchs', NULL, 10, NULL),
(503, 'Peronnik', 'Heuer', 'Peronnik Heuer', '9', 10, 189.9),
(504, 'Silko', 'Fürstenberg', 'Silko Fürstenberg', '15', 10, 197.1),
(505, 'Christl', 'Siegel', 'Christl Siegel', '8', 10, 345.6),
(506, 'California', 'Wieser', 'California Wieser', NULL, 10, NULL),
(507, 'Caspar', 'Hielscher', 'Caspar Hielscher', NULL, 10, NULL),
(508, 'Alphonsine', 'Sievers', 'Alphonsine Sievers', '14', 10, 277.2),
(509, 'Tana', 'Winkelhock', 'Tana Winkelhock', '35', 10, 1033.2),
(510, 'Friedebrecht', 'Silbermann', 'Friedebrecht Silbermann', '22', 10, 720),
(511, 'Yascha', 'Ganz', 'Yascha Ganz', NULL, 10, NULL),
(512, 'Viktoria', 'Winterhalter', 'Viktoria Winterhalter', NULL, 10, NULL),
(513, NULL, 'Silberstein', NULL, '16', 10, 388.8),
(514, 'Warinheri', 'Kirchner', 'Warinheri Kirchner', '14', 10, 176.4),
(515, 'Beda ', 'Lange', 'Beda  Lange', '2', 10, 9),
(516, 'Lenneth', 'Wirt', 'Lenneth Wirt', NULL, 10, NULL),
(517, NULL, 'Hildenbrand', NULL, NULL, 10, NULL),
(518, 'Xanthe', 'Simmel', 'Xanthe Simmel', NULL, 10, NULL),
(519, 'Colias', 'Kirschner', 'Colias Kirschner', NULL, 10, NULL),
(520, 'Ehrhard', 'Wolf', 'Ehrhard Wolf', '5', 10, 63),
(521, 'Christof', 'Langhof', 'Christof Langhof', NULL, 10, NULL),
(522, 'Thaddea', 'Kistler', 'Thaddea Kistler', NULL, 10, NULL),
(523, 'Bosse', 'Singer', 'Bosse Singer', '12', 10, 183.6),
(524, NULL, 'Wohlzogen', NULL, '12', 10, 284.4),
(525, 'Hermann', 'Sommer', 'Hermann Sommer', NULL, 10, NULL),
(526, 'Irenäus', 'Langmann', 'Irenäus Langmann', NULL, 10, NULL),
(527, 'Eovyn', 'Wulf', 'Eovyn Wulf', NULL, 10, NULL),
(528, 'Mangold', 'Kittel', 'Mangold Kittel', '12', 10, 313.2),
(529, NULL, 'Laub', NULL, NULL, 10, NULL),
(530, 'Natanja', 'Klassen', 'Natanja Klassen', NULL, 10, NULL),
(531, 'Philippine', 'ünzenberg', 'Philippine ünzenberg', '3', 10, 68.4),
(532, 'Adriane ', 'Falkenhausen', 'Adriane  Falkenhausen', '12', 10, 399.6),
(533, 'Lionna', 'Laufer', 'Lionna Laufer', '1', 10, 23.4),
(534, 'Kuno', 'osenblatt', 'Kuno osenblatt', '16', 10, 144),
(535, 'Ablona ', 'Zurbriggen', 'Ablona  Zurbriggen', '15', 10, 302.4),
(536, 'Sonnele', 'ünzer', 'Sonnele ünzer', '5', 10, 153),
(537, 'Hypolit', 'osenkranz', 'Hypolit osenkranz', NULL, 10, NULL),
(538, 'Haimo', 'agel', 'Haimo agel', NULL, 10, NULL),
(539, 'Almuth', 'Klee', 'Almuth Klee', '5', 10, 58.5),
(540, 'Mirijam', 'Lavater', 'Mirijam Lavater', '37', 10, 1065.6),
(541, 'Heidemaria', 'osenmüller', 'Heidemaria osenmüller', '5', 10, 58.5),
(542, 'Krispin', 'Kleiber', 'Krispin Kleiber', '20', 10, 414),
(543, 'Florens', 'Lechner', 'Florens Lechner', '29', 10, 760.5),
(544, 'Bibi', 'Klein', 'Bibi Klein', NULL, 10, NULL),
(545, 'Maex', 'Gardenberg', 'Maex Gardenberg', '3', 10, 86.4),
(546, 'Sigmar', 'Blume', 'Sigmar Blume', NULL, 10, NULL),
(547, 'Polykarp', 'elke', 'Polykarp elke', NULL, 10, NULL),
(548, NULL, 'Spangenberg', NULL, NULL, 10, NULL),
(549, 'Silia', 'Zabel', 'Silia Zabel', '22', 10, 363.6),
(550, 'Sakias', 'Lehmann', 'Sakias Lehmann', NULL, 10, NULL),
(551, 'Friedalotta', 'Kleiner', 'Friedalotta Kleiner', '3', 10, 49.5),
(552, 'Chlodomer', 'Hildenbrandt', 'Chlodomer Hildenbrandt', '23', 10, 708.3),
(553, 'Ebbe', 'Leist', 'Ebbe Leist', '7', 10, 121.5),
(554, 'Veritas', 'össler', 'Veritas össler', NULL, 10, NULL),
(555, 'Ladschana', 'Falkenstein', 'Ladschana Falkenstein', '9', 10, 113.4),
(556, 'Josias', 'Kleinermann', 'Josias Kleinermann', '32', 10, 283.5),
(557, 'Evodia', 'euenburg', 'Evodia euenburg', '1', 10, 33.3),
(558, 'Altburg', 'Spiegel', 'Altburg Spiegel', NULL, 10, NULL),
(559, 'Eusebia', 'Leitner', 'Eusebia Leitner', NULL, 10, NULL),
(560, 'Junius', 'otmann', 'Junius otmann', NULL, 10, NULL),
(561, 'Adlin ', 'Blumentahl', 'Adlin  Blumentahl', '20', 10, 108),
(562, 'Lisabella', 'Zahn', 'Lisabella Zahn', '39', 10, 716.4),
(563, 'Nestor', 'eumann', 'Nestor eumann', NULL, 10, NULL),
(564, 'Narziß', 'otschield', 'Narziß otschield', '1', 10, 27),
(565, 'Aloysia', 'euner', 'Aloysia euner', '27', 10, 893.7),
(566, 'Friedwart', 'Feierbach', 'Friedwart Feierbach', NULL, 10, NULL),
(567, 'Poldi', 'Gartung', 'Poldi Gartung', '13', 10, 311.4),
(568, 'Minona', 'Böhm', 'Minona Böhm', '37', 10, 1493.1),
(569, NULL, 'Sprenger', NULL, '14', 10, 415.8),
(570, 'Brunhild', 'Hildesheimer', 'Brunhild Hildesheimer', '11', 10, 178.2),
(571, 'Vienne', 'Kleinmann', 'Vienne Kleinmann', NULL, 10, NULL),
(572, 'Auguste', 'Gasenklever', 'Auguste Gasenklever', '19', 10, 239.4),
(573, NULL, 'Lemm', NULL, NULL, 10, NULL),
(574, 'Role', 'Himmler', 'Role Himmler', '10', 10, 301.5),
(575, 'Natanael', 'üdiger', 'Natanael üdiger', NULL, 10, NULL),
(576, 'Annalisa', 'Kleist', 'Annalisa Kleist', '17', 10, 337.5),
(577, 'Altburg', 'Gebbels', 'Altburg Gebbels', '4', 10, NULL),
(578, 'Bulk', 'Feigenbaum', 'Bulk Feigenbaum', '4', 10, 68.4),
(579, 'Morlind', 'icolai', 'Morlind icolai', '35', 10, 793.8),
(580, 'Ottokar', 'Bohnke', 'Ottokar Bohnke', NULL, 10, NULL),
(581, 'Brüne', 'Lengefeld', 'Brüne Lengefeld', '5', 10, 76.5),
(582, 'Fijara', 'Klemperer', 'Fijara Klemperer', '24', 10, 811.8),
(583, 'Wolfrad', 'Zapf', 'Wolfrad Zapf', NULL, 10, NULL),
(584, 'Cecilie', 'Stackelberg', 'Cecilie Stackelberg', '5', 10, 144),
(585, NULL, 'umpf', NULL, NULL, 10, NULL),
(586, 'Erike', 'Hirsch', 'Erike Hirsch', '19', 10, 666.9),
(587, 'Achime ', 'Zeiger', 'Achime  Zeiger', '3', 10, 35.1),
(588, 'Gundekar', 'Feigl', 'Gundekar Feigl', NULL, 10, NULL),
(589, 'Felini', 'Gekkel', 'Felini Gekkel', NULL, 10, NULL),
(590, 'Herward', 'iemann', 'Herward iemann', '12', 10, 334.8),
(591, 'Frido', 'Lenz', 'Frido Lenz', '21', 10, 575.1),
(592, 'Samoa', 'Klenze', 'Samoa Klenze', '10', 10, 390.6),
(593, 'Gustl', 'ack', 'Gustl ack', '21', 10, 359.1),
(594, 'Heddy', 'Hirschmann', 'Heddy Hirschmann', '14', 10, 75.6),
(595, 'Lulu', 'Stammer', 'Lulu Stammer', '19', 10, 613.8),
(596, 'Rebekka', 'Gelen', 'Rebekka Gelen', '52', 10, 894.6),
(597, 'Yandric', 'Hitler', 'Yandric Hitler', '16', 10, 619.2),
(598, 'Bertina', 'Zeisel', 'Bertina Zeisel', '3', 10, 116.1),
(599, 'Amika', 'Lerch', 'Amika Lerch', '27', 10, 188.1),
(600, 'Cäsarius', 'Bohrmann', 'Cäsarius Bohrmann', '33', 10, 898.2),
(601, 'Sonique', 'Felder', 'Sonique Felder', '14', 10, 630),
(602, 'Achime ', 'Klinger', 'Achime  Klinger', '27', 10, 969.3),
(603, 'Dore', 'Stein', 'Dore Stein', NULL, 10, NULL),
(604, 'Kyrillus', 'Zeiss', 'Kyrillus Zeiss', NULL, 10, NULL),
(605, 'Hypolit', 'Lerner', 'Hypolit Lerner', '9', 10, 388.8),
(606, 'Helmuth', 'ietzsche', 'Helmuth ietzsche', NULL, 10, NULL),
(607, 'Chlodomer', 'Bohrmann', 'Chlodomer Bohrmann', '16', 10, 100.8),
(608, 'Devid', 'acks', 'Devid acks', '31', 10, 677.7),
(609, 'Zereena', 'itsch', 'Zereena itsch', NULL, 10, NULL),
(610, NULL, 'Stern', NULL, '25', 10, 785.7),
(611, 'Ulrik', 'Geller', 'Ulrik Geller', '27', 10, 826.2),
(612, 'Walburgis', 'ailer', 'Walburgis ailer', '7', 10, 100.8),
(613, 'Madlena', 'Feldkamp', 'Madlena Feldkamp', '8', 10, 72),
(614, NULL, 'olken', NULL, '1', 10, 27),
(615, NULL, 'alemann', NULL, '11', 10, 207.9),
(616, 'Rigobert', 'Zeller', 'Rigobert Zeller', '17', 10, 515.7),
(617, 'Deborian', 'Klostermann', 'Deborian Klostermann', '4', 10, 139.5),
(618, NULL, 'öller', NULL, NULL, 10, NULL),
(619, NULL, 'ander', NULL, '29', 10, 992.7),
(620, 'Bonifaz', 'Lichtenberg', 'Bonifaz Lichtenberg', NULL, 10, NULL),
(621, 'Eligius', 'berländer', 'Eligius berländer', '1', 10, 4.5),
(622, 'Gumbert', 'Bongard', 'Gumbert Bongard', NULL, 10, NULL),
(623, 'Brünhilde', 'Klotz', 'Brünhilde Klotz', '9', 10, 194.4),
(624, 'Lambrecht', 'Strasser', 'Lambrecht Strasser', '2', 10, 75.6),
(625, NULL, 'Zenner', NULL, NULL, 10, NULL),
(626, 'Bodobert', 'Stuchenberg', 'Bodobert Stuchenberg', NULL, 10, NULL),
(627, 'Hannes', 'Hochstetter', 'Hannes Hochstetter', '19', 10, 720),
(628, 'Ehrentrud', 'Genkel', 'Ehrentrud Genkel', NULL, 10, NULL),
(629, 'Aurelie', 'Ziebel', 'Aurelie Ziebel', '5', 10, 72),
(630, 'Joleena', 'Stumpf', 'Joleena Stumpf', '15', 10, 580.5),
(631, 'Jochen', 'Fellendorf', 'Jochen Fellendorf', NULL, 10, NULL),
(632, 'Baldur ', 'Bonke', 'Baldur  Bonke', '9', 10, 348.3),
(633, 'Seraphinus', 'Zimmermann', 'Seraphinus Zimmermann', NULL, 10, NULL),
(634, 'Ziu', 'Hofer', 'Ziu Hofer', '15', 10, 580.5),
(635, 'Ingold', 'Tauberg', 'Ingold Tauberg', '5', 10, 27),
(636, 'Thorald', 'Lichtenstein', 'Thorald Lichtenstein', NULL, 10, NULL),
(637, 'Kalixtus', 'Kloz', 'Kalixtus Kloz', '18', 10, 405.9),
(638, 'Dorothea', 'Zinger', 'Dorothea Zinger', NULL, 10, NULL),
(639, 'Catharina', 'Gering', 'Catharina Gering', '2', 10, 16.2),
(640, 'Zebedäus', 'Höfermann', 'Zebedäus Höfermann', '9', 10, 89.1),
(641, 'Elinora', 'Tausig', 'Elinora Tausig', '16', 10, 625.5),
(642, 'Annalina', 'Liebknecht', 'Annalina Liebknecht', '3', 10, 113.4),
(643, 'Lovelle', 'Klug', 'Lovelle Klug', NULL, 10, NULL),
(644, 'Laija', 'Lindenau', 'Laija Lindenau', '20', 10, 270),
(645, 'Annelore', 'Gerlach', 'Annelore Gerlach', NULL, 10, NULL),
(646, 'Balintt ', 'artorius', 'Balintt  artorius', '8', 10, 302.4),
(647, 'Adine ', 'Fetting', 'Adine  Fetting', '19', 10, 513),
(648, 'Georgy', 'Knecht', 'Georgy Knecht', NULL, 10, NULL),
(649, 'Levinia', 'Lindenstrauss', 'Levinia Lindenstrauss', NULL, 10, NULL),
(650, 'Paulina', 'Borsig', 'Paulina Borsig', NULL, 10, NULL),
(651, 'Helmuth', 'Hoffmann', 'Helmuth Hoffmann', '9', 10, 162),
(652, 'Sanjae', 'bermaier', 'Sanjae bermaier', NULL, 10, NULL),
(653, 'Daimon', 'Feuchtwanger', 'Daimon Feuchtwanger', NULL, 10, NULL),
(654, 'Adina ', 'Zöller', 'Adina  Zöller', '22', 10, 787.5),
(655, 'Nico', 'Tausch', 'Nico Tausch', '28', 10, 349.2),
(656, 'Rayla', 'Brandes', 'Rayla Brandes', NULL, 10, NULL),
(657, 'Florien', 'Zuckermann', 'Florien Zuckermann', '27', 10, 781.2),
(658, 'Ayanta', 'chacht', 'Ayanta chacht', '10', 10, 90),
(659, 'Geva', 'Gerngross', 'Geva Gerngross', NULL, 10, NULL),
(660, NULL, 'Knobel', NULL, '14', 10, 428.4),
(661, 'Hilaria', 'Feuerbach', 'Hilaria Feuerbach', '40', 10, 837),
(662, 'Corbinian', 'bermann', 'Corbinian bermann', '56', 10, 971.1),
(663, 'Avera ', 'Taschenberg', 'Avera  Taschenberg', NULL, 10, NULL),
(664, 'Seraja', 'chall', 'Seraja chall', '8', 10, 72),
(665, NULL, 'bermeyer', NULL, NULL, 10, NULL),
(666, 'Xenie', 'chelling', 'Xenie chelling', '9', 10, 348.3),
(667, 'Christof', 'Högl', 'Christof Högl', '12', 10, 361.8),
(668, 'Dewin', 'chechtel', 'Dewin chechtel', '29', 10, 446.4),
(669, 'Jürg', 'Tetzner', 'Jürg Tetzner', NULL, 10, NULL),
(670, 'Tjorven', 'Gertz', 'Tjorven Gertz', '17', 10, 511.2),
(671, 'Odovacar', 'Linger', 'Odovacar Linger', '16', 10, 691.2),
(672, 'Abeline ', 'Homeyer', 'Abeline  Homeyer', '47', 10, 774),
(673, 'Elfine', 'Koch', 'Elfine Koch', '4', 10, 97.2),
(674, 'Jutta', 'Lipsius', 'Jutta Lipsius', '20', 10, 900),
(675, 'Bonifaz', 'chiefer', 'Bonifaz chiefer', NULL, 10, NULL),
(676, 'Gottschalk', 'Brandt', 'Gottschalk Brandt', '17', 10, 367.2),
(677, 'Marbot', 'Glasenap', 'Marbot Glasenap', NULL, 10, NULL),
(678, 'Luiselotte', 'chs', 'Luiselotte chs', NULL, 10, NULL),
(679, 'Faustinus', 'Kohlberg', 'Faustinus Kohlberg', NULL, 10, NULL),
(680, 'Gerd', 'Lochner', 'Gerd Lochner', '26', 10, 762.3),
(681, 'Pankraz', 'Honecker', 'Pankraz Honecker', NULL, 10, NULL),
(682, 'Mingard', 'Glauber', 'Mingard Glauber', '20', 10, 126),
(683, 'Joannis', 'Feuermann', 'Joannis Feuermann', '20', 10, 576),
(684, 'Herwig', 'Braunfels', 'Herwig Braunfels', '18', 10, 275.4),
(685, 'Horstine', 'Feyerabend', 'Horstine Feyerabend', '27', 10, 844.2),
(686, NULL, 'Bremer', NULL, '1', 10, 45),
(687, 'Swala', 'Finkelstein', 'Swala Finkelstein', '7', 10, 69.3),
(688, 'Gunde', 'Brenner', 'Gunde Brenner', '4', 10, 151.2),
(689, 'Armella', 'Thaler', 'Armella Thaler', NULL, 10, NULL),
(690, 'Lenette', 'Fischer', 'Lenette Fischer', NULL, 10, NULL),
(691, 'Otwin', 'Brockhaus', 'Otwin Brockhaus', '10', 10, 189),
(692, 'Erkenbald', 'chefer', 'Erkenbald chefer', '14', 10, 100.8),
(693, 'Tjorden', 'ppert', 'Tjorden ppert', '11', 10, 168.3),
(694, NULL, 'Honigmann', NULL, NULL, 10, NULL),
(695, NULL, 'Goldhaber', NULL, NULL, 10, NULL),
(696, 'Waldomir', 'cheffer', 'Waldomir cheffer', '3', 10, 94.5),
(697, NULL, 'Fischnaller', NULL, '36', 10, 1044.9),
(698, 'Menne', 'Hopfer', 'Menne Hopfer', NULL, 10, NULL),
(699, 'Mareline', 'Bruner', 'Mareline Bruner', '3', 10, 129.6),
(700, 'Gunter', 'Göring', 'Gunter Göring', '20', 10, 468),
(701, 'Elwine', 'Köhne', 'Elwine Köhne', '20', 10, 234),
(702, 'Sieglinde', 'Abel', 'Sieglinde Abel', '13', 10, 152.1),
(703, 'Lyana', 'Brunner', 'Lyana Brunner', NULL, 10, NULL),
(704, NULL, 'stermann', NULL, '14', 10, 113.4),
(705, 'Birklinde', 'Abert', 'Birklinde Abert', '8', 10, 57.6),
(706, NULL, 'cheidemann', NULL, NULL, 10, NULL),
(707, 'Gottschalk', 'Lohmann', 'Gottschalk Lohmann', '5', 10, 36),
(708, 'Endrik', 'stwald', 'Endrik stwald', '21', 10, 465.3),
(709, 'Juditha', 'chiller', 'Juditha chiller', NULL, 10, NULL),
(710, 'Naissa', 'Hopp', 'Naissa Hopp', '3', 10, 102.6),
(711, 'Florin', 'Thalberg', 'Florin Thalberg', NULL, 10, NULL),
(712, 'Haiko', 'Buchholz', 'Haiko Buchholz', NULL, 10, NULL),
(713, 'Line', 'Abich', 'Line Abich', NULL, 10, NULL),
(714, 'Nastja', 'Kolbe', 'Nastja Kolbe', NULL, 10, NULL),
(715, 'Solemnia', 'Gossen', 'Solemnia Gossen', NULL, 10, NULL),
(716, 'Berngar', 'Lohrer', 'Berngar Lohrer', '10', 10, 117),
(717, 'Elfine', 'Köler', 'Elfine Köler', NULL, 10, NULL),
(718, 'Bernhard', 'Manstein', 'Bernhard Manstein', '6', 10, 57.6),
(719, 'Maex', 'verbeck', 'Maex verbeck', '11', 10, 148.5),
(720, NULL, 'Horkheimer', NULL, '15', 10, 607.5),
(721, 'Aurion ', 'Loos', 'Aurion  Loos', NULL, 10, NULL),
(722, 'Arlett', 'Buchloh', 'Arlett Buchloh', '25', 10, 689.4),
(723, 'Armella', 'König', 'Armella König', '38', 10, 1062),
(724, 'Abbeygail ', 'Lorenz', 'Abbeygail  Lorenz', '37', 10, 617.4),
(725, 'Koloman', 'Grabbe', 'Koloman Grabbe', '8', 10, 158.4),
(726, 'Edelbert', 'Hörman', 'Edelbert Hörman', '15', 10, 202.5),
(727, NULL, 'chirrmann', NULL, NULL, 10, NULL),
(728, 'Tizian', 'Marschner', 'Tizian Marschner', '2', 10, 52.2),
(729, 'Cyriacus', 'Abicht', 'Cyriacus Abicht', '18', 10, 129.6),
(730, 'Liafwin', 'Timroth', 'Liafwin Timroth', NULL, 10, NULL),
(731, 'Danya', 'chlechter', 'Danya chlechter', '10', 10, 108),
(732, 'Bertina', 'Tischbein', 'Bertina Tischbein', '7', 10, 296.1),
(733, 'Eberharda', 'chmidt', 'Eberharda chmidt', '44', 10, 1427.4),
(734, 'Ablona ', 'abst', 'Ablona  abst', NULL, 10, NULL),
(735, 'Curd', 'Grasse', 'Curd Grasse', '33', 10, 577.8),
(736, 'Juta', 'Konradi', 'Juta Konradi', NULL, 10, NULL),
(737, 'Lennika', 'Luckner', 'Lennika Luckner', '10', 10, 369),
(738, 'Ottmar', 'Mauch', 'Ottmar Mauch', NULL, 10, NULL),
(739, 'Juéline', 'Tischler', 'Juéline Tischler', '8', 10, 280.8),
(740, NULL, 'ander', NULL, NULL, 10, NULL),
(741, 'Dodo', 'Mauer', 'Dodo Mauer', '12', 10, 507.6),
(742, 'Waltraud', 'Buchmeyer', 'Waltraud Buchmeyer', '26', 10, 270),
(743, 'Baldo ', 'chmitz', 'Baldo  chmitz', '10', 10, 378),
(744, 'Balduin ', 'atkuhl', 'Balduin  atkuhl', '2', 10, 82.8),
(745, 'Thöger', 'Kopf', 'Thöger Kopf', '9', 10, 226.8),
(746, 'Clarence', 'Mehring', 'Clarence Mehring', NULL, 10, NULL),
(747, NULL, 'Hornberger', NULL, '13', 10, 222.3),
(748, 'Philipp', 'aul', 'Philipp aul', '13', 10, 175.5),
(749, 'Madlene', 'Tissen', 'Madlene Tissen', '1', 10, 14.4),
(750, 'Hesekiel', 'Meiendorf', 'Hesekiel Meiendorf', NULL, 10, NULL),
(751, 'Aristine', 'Lungershausen', 'Aristine Lungershausen', '4', 10, 100.8),
(752, 'Markus', 'Adler', 'Markus Adler', NULL, 10, NULL),
(753, 'Burkart', 'Greuel', 'Burkart Greuel', '19', 10, 346.5),
(754, 'Lukian', 'Kopp', 'Lukian Kopp', '26', 10, 694.8),
(755, 'Dark', 'Mager', 'Dark Mager', NULL, 10, NULL),
(756, 'Esra', 'aulig', 'Esra aulig', '11', 10, 306.9),
(757, 'Wigald', 'Köstlin', 'Wigald Köstlin', '15', 10, 472.5),
(758, 'Ebbe', 'chneider', 'Ebbe chneider', NULL, 10, NULL),
(759, 'Eduard', 'Buchner', 'Eduard Buchner', '4', 10, 61.2),
(760, NULL, 'Albrecht', NULL, NULL, 10, NULL),
(761, 'Caspara', 'Meier', 'Caspara Meier', '24', 10, 419.4),
(762, 'Cinja', 'eiper', 'Cinja eiper', NULL, 10, NULL),
(763, 'Nepomuk', 'Hornschuh', 'Nepomuk Hornschuh', '5', 10, 81.9),
(764, 'Maylon', 'Makensen', 'Maylon Makensen', '19', 10, 342),
(765, NULL, 'Totleben', NULL, '26', 10, 415.8),
(766, 'Feline', 'Grimm', 'Feline Grimm', '5', 10, 161.1),
(767, 'Hadufuns', 'Hoyer', 'Hadufuns Hoyer', NULL, 10, NULL),
(768, 'Avila', 'Büchner', 'Avila Büchner', '2', 10, 32.4),
(769, 'Alenia ', 'chneidermann', 'Alenia  chneidermann', NULL, 10, NULL),
(770, 'Corvinus', 'Kraft', 'Corvinus Kraft', NULL, 10, NULL),
(771, 'Clementia', 'Treviranus', 'Clementia Treviranus', NULL, 10, NULL),
(772, 'Eckard', 'Altmann', 'Eckard Altmann', NULL, 10, NULL),
(773, 'Gustav', 'Meissner', 'Gustav Meissner', '19', 10, 500.4),
(774, 'Elika', 'erl', 'Elika erl', NULL, 10, NULL),
(775, 'Baldur ', 'Maler', 'Baldur  Maler', '23', 10, 893.7),
(776, 'Miria', 'Kramer', 'Miria Kramer', '38', 10, 1022.4),
(777, 'Dorle', 'Grossmann', 'Dorle Grossmann', '12', 10, 86.4),
(778, 'Clarinde', 'Hübner', 'Clarinde Hübner', NULL, 10, NULL),
(779, 'Iustina', 'Buhmann', 'Iustina Buhmann', NULL, 10, NULL),
(780, NULL, 'Gruber', NULL, '52', 10, 1344.6),
(781, 'Maex', 'Hummel', 'Maex Hummel', '6', 10, 32.4),
(782, 'Luna', 'Mann', 'Luna Mann', NULL, 10, NULL),
(783, NULL, 'Anger', NULL, '1', 10, 32.4),
(784, 'Joelle', 'Meltzer', 'Joelle Meltzer', '4', 10, 118.8),
(785, 'Tjorge', 'Grünbaum', 'Tjorge Grünbaum', NULL, 10, NULL),
(786, 'Ejs', 'Kraus', 'Ejs Kraus', '17', 10, 211.5),
(787, 'Filla', 'choll', 'Filla choll', '10', 10, 360),
(788, 'Othmar', 'Trübner', 'Othmar Trübner', '16', 10, 633.6),
(789, 'Ailine ', 'Bülow', 'Ailine  Bülow', '2', 10, 43.2),
(790, 'Daymon', 'feifer', 'Daymon feifer', '14', 10, 63),
(791, 'Christoffel', 'Angst', 'Christoffel Angst', NULL, 10, NULL),
(792, 'Marinjo', 'Husemann', 'Marinjo Husemann', NULL, 10, NULL),
(793, 'Liara', 'Grundig', 'Liara Grundig', '11', 10, 455.4),
(794, 'Vienna', 'Burgdorf', 'Vienna Burgdorf', '2', 10, 86.4),
(795, 'Viktoria', 'Hut', 'Viktoria Hut', '6', 10, 243),
(796, 'Hadubrand', 'Melzer', 'Hadubrand Melzer', NULL, 10, NULL),
(797, 'Beda ', 'flüger', 'Beda  flüger', '10', 10, 297),
(798, 'Alwine', 'chön', 'Alwine chön', '10', 10, 63),
(799, 'Manoa', 'Grünenfelder', 'Manoa Grünenfelder', NULL, 10, NULL),
(800, 'Endris', 'Mencke', 'Endris Mencke', NULL, 10, NULL),
(801, 'Ablona ', 'Ude', 'Ablona  Ude', '46', 10, 1436.4),
(802, 'Romegius', 'chönberg', 'Romegius chönberg', '2', 10, 14.4),
(803, NULL, 'Appel', NULL, '6', 10, 162),
(804, 'Menowin', 'Imhof', 'Menowin Imhof', '44', 10, 450.9),
(805, 'Friedburg', 'Kallisen', 'Friedburg Kallisen', NULL, 10, NULL),
(806, 'Jakobus', 'ichler', 'Jakobus ichler', NULL, 10, NULL),
(807, 'Burkard', 'Uhlig', 'Burkard Uhlig', NULL, 10, NULL),
(808, 'Annelene', 'Grünwald', 'Annelene Grünwald', '34', 10, 696.6),
(809, 'Eberhart', 'Immerig', 'Eberhart Immerig', '6', 10, 75.6),
(810, 'Smudo', 'Menger', 'Smudo Menger', '1', 10, 9),
(811, 'Sigwin', 'Guggenberger', 'Sigwin Guggenberger', NULL, 10, NULL),
(812, 'Narziss', 'Ittenbach', 'Narziss Ittenbach', NULL, 10, NULL),
(813, 'Achime ', 'Günther', 'Achime  Günther', NULL, 10, NULL),
(814, 'Vulpecula', 'Krause', 'Vulpecula Krause', NULL, 10, NULL),
(815, 'Aglaja ', 'later', 'Aglaja  later', '29', 10, 1052.1),
(816, 'Lukas', 'chreier', 'Lukas chreier', '25', 10, 145.8),
(817, 'Janete', 'Kalm', 'Janete Kalm', '17', 10, 230.4),
(818, 'Alruna', 'Bürger', 'Alruna Bürger', NULL, 10, NULL),
(819, 'Wastl', 'Arnold', 'Wastl Arnold', '19', 10, 803.7),
(820, 'Kordelia', 'Jäger', 'Kordelia Jäger', NULL, 10, NULL),
(821, 'Levia', 'Gutzeit', 'Levia Gutzeit', '28', 10, 658.8),
(822, 'Cecilie', 'Menzel', 'Cecilie Menzel', '15', 10, 372.6),
(823, NULL, 'Ulbricht', NULL, NULL, 10, NULL),
(824, 'Poldi', 'Burkhard', 'Poldi Burkhard', '24', 10, 891),
(825, 'Adlin ', 'lehwe', 'Adlin  lehwe', '17', 10, 437.4),
(826, 'Friedbert', 'Krebs', 'Friedbert Krebs', '16', 10, 289.8),
(827, 'Rüdiger', 'Kaltenbrunner', 'Rüdiger Kaltenbrunner', NULL, 10, NULL),
(828, 'Annafee', 'Jens', 'Annafee Jens', '8', 10, 79.2),
(829, NULL, 'Assmann', NULL, NULL, 10, NULL),
(830, 'Raginmund', 'Dahrendorf', 'Raginmund Dahrendorf', '45', 10, 1028.7),
(831, NULL, 'Auerbach', NULL, '18', 10, 631.8),
(832, 'Bartel ', 'Mering', 'Bartel  Mering', '28', 10, 761.4),
(833, 'Ruthilde', 'Krenz', 'Ruthilde Krenz', '7', 10, 220.5),
(834, 'Friedebrecht', 'Dannenberg', 'Friedebrecht Dannenberg', '36', 10, 827.1),
(835, 'Aurion ', 'Kamphausen', 'Aurion  Kamphausen', NULL, 10, NULL),
(836, NULL, 'chröder', NULL, '15', 10, 405),
(837, 'Erwald', 'reuss', 'Erwald reuss', '16', 10, 431.1),
(838, NULL, 'Kretschmer', NULL, NULL, 10, NULL),
(839, 'Oktavus', 'Ullmann', 'Oktavus Ullmann', NULL, 10, NULL),
(840, 'Wirk', 'Baade', 'Wirk Baade', NULL, 10, NULL),
(841, 'Ionita', 'chubert', 'Ionita chubert', NULL, 10, NULL),
(842, 'Ottokar', 'Kant', 'Ottokar Kant', '17', 10, 627.3),
(843, NULL, 'Kromberg', NULL, NULL, 10, NULL),
(844, 'Balintt ', 'Haack', 'Balintt  Haack', '3', 10, 45.9),
(845, 'Frowine', 'Merkel', 'Frowine Merkel', '11', 10, 192.6),
(846, 'Mirabell', 'Unger', 'Mirabell Unger', '8', 10, 288),
(847, 'Anais', 'chuhmacher', 'Anais chuhmacher', NULL, 10, NULL),
(848, 'Cäsar', 'Kantor', 'Cäsar Kantor', '15', 10, 94.5),
(849, 'Jan-Luca', 'Kronberg', 'Jan-Luca Kronberg', NULL, 10, NULL),
(850, 'Dany', 'ritzel', 'Dany ritzel', NULL, 10, NULL),
(851, 'Erwin', 'Karus', 'Erwin Karus', '13', 10, 325.8),
(852, 'Bitja', 'Danziger', 'Bitja Danziger', NULL, 10, NULL),
(853, 'Otger', 'Metzger', 'Otger Metzger', '31', 10, 1157.4),
(854, 'Dora', 'Jensen', 'Dora Jensen', NULL, 10, NULL),
(855, 'Elieser', 'Haas', 'Elieser Haas', '17', 10, 413.1),
(856, 'Pit', 'ulver', 'Pit ulver', NULL, 10, NULL),
(857, 'Chaymae', 'Kronecker', 'Chaymae Kronecker', '21', 10, 568.8),
(858, 'Thorson', 'Bach', 'Thorson Bach', NULL, 10, NULL),
(859, 'Adlin ', 'Vogt', 'Adlin  Vogt', '10', 10, 432),
(860, 'Erentrud', 'Dautzenberg', 'Erentrud Dautzenberg', NULL, 10, NULL),
(861, 'Jael', 'Katz', 'Jael Katz', '11', 10, 237.6),
(862, 'Florentine', 'Krüger', 'Florentine Krüger', '14', 10, 242.1),
(863, 'Canela', 'chulmann', 'Canela chulmann', NULL, 10, NULL),
(864, 'Akelei ', 'Bachmann', 'Akelei  Bachmann', '26', 10, 810.9),
(865, 'Eberhard', 'Voigt', 'Eberhard Voigt', NULL, 10, NULL),
(866, 'Freimut', 'Jentsch', 'Freimut Jentsch', NULL, 10, NULL),
(867, 'Rijana', 'chulmeister', 'Rijana chulmeister', '6', 10, 205.2),
(868, 'Vinzentia', 'Katzmann', 'Vinzentia Katzmann', NULL, 10, NULL),
(869, 'Bartel ', 'Hackl', 'Bartel  Hackl', NULL, 10, NULL),
(870, 'Cäsar', 'Meyendorf', 'Cäsar Meyendorf', NULL, 10, NULL),
(871, 'Julica', 'von Feierbach', 'Julica von Feierbach', '6', 10, 205.2),
(872, 'Bernolf', 'Krummacher', 'Bernolf Krummacher', NULL, 10, NULL),
(873, 'Lisandra', 'ascher', 'Lisandra ascher', NULL, 10, NULL),
(874, 'Ravena', 'Kauer', 'Ravena Kauer', '13', 10, 526.5),
(875, 'Claus', 'Delbrück', 'Claus Delbrück', '27', 10, 488.7),
(876, 'Rimja', 'Meyer', 'Rimja Meyer', NULL, 10, NULL),
(877, 'Friederun', 'chultz', 'Friederun chultz', '3', 10, 121.5),
(878, 'Romedius', 'aspe', 'Romedius aspe', '4', 10, 118.8),
(879, 'Philipp', 'Kruse', 'Philipp Kruse', NULL, 10, NULL),
(880, 'Merlinde', 'von Richthofen', 'Merlinde von Richthofen', '27', 10, 440.1),
(881, 'Alejna ', 'Mielke', 'Alejna  Mielke', NULL, 10, NULL),
(882, 'Yannah', 'Bartels', 'Yannah Bartels', NULL, 10, NULL),
(883, 'Nicol', 'chulz', 'Nicol chulz', '20', 10, 792),
(884, 'Raiko', 'Wagner', 'Raiko Wagner', '19', 10, 444.6),
(885, 'Xaver', 'chulze', 'Xaver chulze', NULL, 10, NULL),
(886, 'Bartholomäus ', 'Dils', 'Bartholomäus  Dils', '11', 10, 445.5),
(887, 'Alraune', 'Bauer', 'Alraune Bauer', '12', 10, 518.4),
(888, NULL, 'Dippel', NULL, NULL, 10, NULL),
(889, NULL, 'Kaufmann', NULL, NULL, 10, NULL),
(890, NULL, 'Küchelbecker', NULL, '23', 10, 451.8),
(891, 'Mischael', 'Walser', 'Mischael Walser', '3', 10, 108),
(892, 'Uli', 'Baum', 'Uli Baum', '33', 10, 412.2),
(893, 'Rüder', 'Schwabe', 'Rüder Schwabe', NULL, 10, NULL),
(894, 'Ducati', 'atzenberger', 'Ducati atzenberger', NULL, 10, NULL),
(895, 'Berengar', 'Milch', 'Berengar Milch', '8', 10, 57.6),
(896, 'Farona', 'Kaulbach', 'Farona Kaulbach', '25', 10, 882),
(897, 'Ive', 'Küchenmeister', 'Ive Küchenmeister', NULL, 10, NULL),
(898, 'Wolfsindis', 'auch', 'Wolfsindis auch', '4', 10, 86.4),
(899, NULL, 'Ditmar', NULL, '4', 10, 108),
(900, NULL, 'Keler', NULL, '26', 10, 909),
(901, 'Lumina', 'Baumann', 'Lumina Baumann', '11', 10, 148.5),
(902, 'Dankmar', 'Walter', 'Dankmar Walter', '2', 10, 77.4),
(903, 'Finian', 'Schwarz', 'Finian Schwarz', NULL, 10, NULL),
(904, NULL, 'Möbius', NULL, '8', 10, 72),
(905, 'Eitel-Fritz', 'Küchler', 'Eitel-Fritz Küchler', NULL, 10, NULL),
(906, 'Joas', 'Keller', 'Joas Keller', '23', 10, 720),
(907, 'Amika', 'ausch', 'Amika ausch', '15', 10, 548.1),
(908, 'Corvinus', 'Kugler', 'Corvinus Kugler', '20', 10, 759.6),
(909, NULL, 'Döring', NULL, '25', 10, 785.7),
(910, 'Reesa', 'Baumbach', 'Reesa Baumbach', NULL, 10, NULL),
(911, 'Nuna', 'Dorn', 'Nuna Dorn', '20', 10, 263.7),
(912, 'Minette', 'Baumgarten', 'Minette Baumgarten', '16', 10, 302.4),
(913, 'Coppelius', 'Jerg', 'Coppelius Jerg', NULL, 10, NULL),
(914, 'Balian ', 'Kellermann', 'Balian  Kellermann', NULL, 10, NULL),
(915, 'Neolie', 'Kühn', 'Neolie Kühn', '3', 10, 75.6),
(916, 'Godwin', 'Hagemann', 'Godwin Hagemann', '22', 10, 704.7),
(917, 'Hadufuns', 'John', 'Hadufuns John', '6', 10, 216),
(918, 'Casady', 'Hagen', 'Casady Hagen', NULL, 10, NULL),
(919, NULL, 'ockenhaupt', NULL, '33', 10, 742.5),
(920, 'Radolf', 'Kern', 'Radolf Kern', '14', 10, 138.6),
(921, 'Ottomar', 'Josef', 'Ottomar Josef', NULL, 10, NULL),
(922, 'Friederika', 'Dörner', 'Friederika Dörner', '18', 10, 198.9),
(923, 'Selmar', 'Kunze', 'Selmar Kunze', NULL, 10, NULL),
(924, 'Kain', 'Kesselhut', 'Kain Kesselhut', '13', 10, 540),
(925, 'Izanuela', 'ebinder', 'Izanuela ebinder', '14', 10, 180),
(926, 'Hanneliese', 'Wassermann', 'Hanneliese Wassermann', NULL, 10, NULL),
(927, NULL, 'Schwarzmann', NULL, '6', 10, 183.6),
(928, 'Jakobine', 'odersohn', 'Jakobine odersohn', '29', 10, 667.8),
(929, 'Haike', 'eimer', 'Haike eimer', NULL, 10, NULL),
(930, NULL, 'Kurz', NULL, '10', 10, 297.9),
(931, 'Yoda', 'Kesselmann', 'Yoda Kesselmann', NULL, 10, NULL),
(932, 'Manusch', 'Hager', 'Manusch Hager', NULL, 10, NULL),
(933, 'Django', 'Joseph', 'Django Joseph', '2', 10, 16.2),
(934, 'Askanja', 'Weigl', 'Askanja Weigl', '30', 10, 982.8),
(935, 'Inra', 'Baur', 'Inra Baur', '20', 10, 288),
(936, 'Richmute', 'Lambert', 'Richmute Lambert', '41', 10, 1317.6),
(937, NULL, 'orgen', NULL, '11', 10, 425.7),
(938, 'Arlett', 'Schweizer', 'Arlett Schweizer', '24', 10, 413.1),
(939, 'Clivia', 'Hammerschmidt', 'Clivia Hammerschmidt', '12', 10, 64.8),
(940, 'Bithja', 'Dötzer', 'Bithja Dötzer', '18', 10, 518.4),
(941, NULL, 'Kessler', NULL, '40', 10, 864),
(942, 'Adina ', 'Bebel', 'Adina  Bebel', '19', 10, 189.9),
(943, 'Hilar', 'Jost', 'Hilar Jost', '9', 10, 396.9),
(944, 'Pauleen', 'Hanke', 'Pauleen Hanke', '26', 10, 478.8),
(945, 'Jehova', 'Weiss', 'Jehova Weiss', '19', 10, 660.6),
(946, 'Eusebius', 'Lamprecht', 'Eusebius Lamprecht', '6', 10, 91.8),
(947, 'Adlin ', 'einhold', 'Adlin  einhold', '25', 10, 1017),
(948, 'Linnart', 'Kinkel', 'Linnart Kinkel', '12', 10, 129.6),
(949, 'Ijob', 'Schwimmer', 'Ijob Schwimmer', '13', 10, 163.8),
(950, 'Emilienne', 'Kade', 'Emilienne Kade', '39', 10, 958.5),
(951, 'Balian ', 'Landsberg', 'Balian  Landsberg', NULL, 10, NULL),
(952, NULL, 'Kirchner', NULL, NULL, 10, NULL),
(953, 'Reglindis', 'orgenstern', 'Reglindis orgenstern', NULL, 10, NULL),
(954, 'Gundela', 'Weber', 'Gundela Weber', '2', 10, 32.4),
(955, 'Chlodomer', 'Heckler', 'Chlodomer Heckler', '22', 10, 846),
(956, 'Wedekind', 'Seidemann', 'Wedekind Seidemann', NULL, 10, NULL),
(957, 'Nena', 'Kalb', 'Nena Kalb', '15', 10, 621),
(958, 'Talisja', 'einrhard', 'Talisja einrhard', '20', 10, 828),
(959, 'Adina ', 'orgner', 'Adina  orgner', NULL, 10, NULL),
(960, 'Viveca', 'Heidemann', 'Viveca Heidemann', NULL, 10, NULL),
(961, 'Fabiane', 'Wegener', 'Fabiane Wegener', '4', 10, 126),
(962, 'Aylia', 'Seidlitz', 'Aylia Seidlitz', NULL, 10, NULL),
(963, 'Pondus', 'Drechsler', 'Pondus Drechsler', '14', 10, 473.4),
(964, 'Junipa', 'ennenkampf', 'Junipa ennenkampf', '8', 10, 64.8),
(965, NULL, 'Lange', NULL, NULL, 10, NULL),
(966, NULL, 'oritz', NULL, '40', 10, 467.1),
(967, 'Kensie', 'Kirschner', 'Kensie Kirschner', '42', 10, 773.1),
(968, 'Eckbert', 'Weltmann', 'Eckbert Weltmann', '19', 10, 222.3),
(969, 'Raimar', 'Langhof', 'Raimar Langhof', '2', 10, 28.8),
(970, 'Ottheinrich', 'Benz', 'Ottheinrich Benz', '19', 10, 567),
(971, 'Sonnwin', 'Seiler', 'Sonnwin Seiler', '13', 10, 257.4),
(972, 'Ehrentraud', 'Wentzel', 'Ehrentraud Wentzel', NULL, 10, NULL),
(973, 'Eleanora', 'Semper', 'Eleanora Semper', '22', 10, 559.8),
(974, NULL, 'Drescher', NULL, NULL, 10, NULL),
(975, 'Gundelindis', 'eutern', 'Gundelindis eutern', '15', 10, 531),
(976, 'Egidius', 'Kalkbrenner', 'Egidius Kalkbrenner', NULL, 10, NULL),
(977, 'Jutte', 'Werner', 'Jutte Werner', '1', 10, 24.3),
(978, 'Berno', 'oser', 'Berno oser', '9', 10, 113.4),
(979, 'Demokrit', 'Kistler', 'Demokrit Kistler', '19', 10, 671.4),
(980, 'Tobi', 'Berend', 'Tobi Berend', '18', 10, 226.8),
(981, 'Getraud', 'ichter', 'Getraud ichter', NULL, 10, NULL),
(982, 'Ellenor', 'ozart', 'Ellenor ozart', NULL, 10, NULL),
(983, 'Amika', 'Heine', 'Amika Heine', '2', 10, 41.4),
(984, 'Genefra', 'Siegel', 'Genefra Siegel', '2', 10, 23.4),
(985, 'Alicandra ', 'ickert', 'Alicandra  ickert', '19', 10, 735.3),
(986, 'Erko', 'Langmann', 'Erko Langmann', '6', 10, 259.2),
(987, 'Xaver', 'Drews', 'Xaver Drews', '9', 10, 202.5),
(988, 'Yanthe', 'Kittel', 'Yanthe Kittel', '10', 10, 423),
(989, 'Thassilo', 'Laub', 'Thassilo Laub', '1', 10, 36.9),
(990, 'Dorena', 'Berens', 'Dorena Berens', NULL, 10, NULL),
(991, 'Yanthe', 'Dümmler', 'Yanthe Dümmler', '3', 10, 89.1),
(992, 'Fidelis', 'Klassen', 'Fidelis Klassen', '6', 10, 113.4),
(993, 'Menne', 'üller', 'Menne üller', '15', 10, 310.5),
(994, 'Mareline', 'Wieser', 'Mareline Wieser', '51', 10, 1120.5),
(995, 'Friedemann', 'Sievers', 'Friedemann Sievers', '33', 10, 1179),
(996, 'Jupp', 'Kallenberg', 'Jupp Kallenberg', NULL, 10, NULL),
(997, 'Gerwald', 'iedel', 'Gerwald iedel', '32', 10, 571.5),
(998, 'Zinnia', 'Winkelhock', 'Zinnia Winkelhock', '17', 10, 367.2),
(999, 'Loreenja', 'Heinemann', 'Loreenja Heinemann', NULL, 10, NULL),
(1000, 'Vitani', 'Berg', 'Vitani Berg', NULL, 10, NULL);

-- 
-- Dumping data for table venden
--
INSERT INTO venden VALUES
(25, 472, 7, '2004-10-19', 126),
(27, 1, 6, '1998-01-07', 224.4),
(26, 477, 8, '1998-01-09', 43.2),
(5, 272, 7, '2003-03-15', 151.2),
(24, 489, 11, '1998-01-01', 376.2),
(32, 880, 7, '2005-02-24', 44.1),
(42, 96, 10, '2006-01-13', 198),
(44, 938, 11, '2007-12-12', 227.7),
(30, 267, 6, '1999-06-13', 64.8),
(8, 296, 11, '2006-02-01', 148.5),
(8, 748, 13, '2002-02-13', 175.5),
(5, 616, 6, '2001-12-19', 129.6),
(9, 753, 6, '2001-02-25', 264.6),
(39, 610, 17, '2003-05-14', 627.3),
(9, 943, 9, '2001-03-11', 396.9),
(12, 697, 7, '2000-02-02', 201.6),
(41, 973, 2, '2006-03-22', 84.6),
(29, 58, 5, '1998-01-03', 117),
(19, 432, 16, '2007-03-03', 691.2),
(21, 745, 9, '2002-07-21', 226.8),
(21, 751, 4, '2007-01-09', 100.8),
(4, 686, 1, '1998-01-05', 45),
(24, 608, 1, '1998-01-02', 34.2),
(40, 562, 9, '2005-10-18', 129.6),
(18, 724, 8, NULL, 237.6),
(41, 477, 9, '2001-06-05', 380.7),
(7, 334, 8, '2007-08-31', 223.2),
(39, 65, 1, '2000-06-06', 36.9),
(43, 662, 3, '1998-01-02', 45.9),
(41, 71, 5, '1999-07-02', 235),
(9, 602, 17, '2003-01-03', 749.7),
(8, 94, 17, '2006-12-01', 229.5),
(35, 567, 2, '2002-05-09', 14.4),
(19, 859, 10, '1999-06-09', 432),
(41, 907, 11, '2004-04-23', 465.3),
(10, 234, 6, '1998-02-23', 54),
(43, 844, 3, '2000-06-10', 45.9),
(46, 540, 2, '2000-04-06', 25.2),
(26, 56, 1, '1998-01-07', 5.4),
(7, 484, 2, '2006-12-17', 55.8),
(24, 225, 3, '1998-04-08', 102.6),
(46, 514, 14, NULL, 176.4),
(12, 509, 19, '2003-03-20', 547.2),
(42, 600, 17, '2003-01-17', 336.6),
(41, 103, 5, '1999-06-16', 211.5),
(44, 385, 7, '1998-02-20', 144.9),
(36, 947, 20, '2007-06-03', 810),
(18, 797, 10, '1999-10-18', 297),
(14, 358, 3, NULL, 113.4),
(46, 825, 9, '1998-11-01', 113.4),
(40, 612, 7, '2004-12-08', 100.8),
(35, 599, 20, '2002-07-30', 144),
(32, 763, 3, '2007-09-09', 18.9),
(8, 801, 18, '2000-11-20', 243),
(41, 776, 14, '2005-02-18', 592.2),
(34, 587, 3, '1998-02-08', 35.1),
(18, 549, 8, '2001-03-11', 237.6),
(32, 148, 9, '1998-01-14', 56.7),
(34, 702, 13, '2005-07-24', 152.1),
(23, 568, 20, '1998-12-15', 774),
(3, 704, 14, '2001-04-21', 113.4),
(37, 314, 16, '2006-03-08', 576),
(29, 884, 19, '2006-05-26', 444.6),
(22, 906, 20, '2003-03-06', 612),
(8, 116, 3, '1998-01-01', 40.5),
(17, 394, 12, '2006-05-24', 291.6),
(16, 747, 13, '2006-09-06', 222.3),
(45, 570, 11, '2000-03-05', 178.2),
(33, 600, 16, '2005-04-10', 561.6),
(24, 383, 20, '2005-12-24', 684),
(41, 244, 11, '2000-11-23', 465.3),
(6, 824, 6, '1999-06-02', 194.4),
(32, 826, 9, '2000-11-07', 56.7),
(20, 285, 3, '2007-05-04', 67.5),
(2, 803, 6, '1998-05-14', 162),
(9, 592, 3, '2001-06-24', 132.3),
(1, 552, 5, '2004-12-05', 157.5),
(6, 775, 8, '2007-04-17', 259.2),
(25, 925, 10, NULL, 180),
(3, 482, 7, '2003-02-02', 56.7),
(3, 834, 19, '2001-01-14', 153.9),
(27, 58, 4, '2004-08-08', 158.4),
(44, 315, 18, '1998-11-19', 372.6),
(34, 817, 10, '1998-04-10', 117),
(12, 940, 18, '1998-01-02', 518.4),
(12, 41, 19, '2000-07-31', 516.8),
(28, 497, 9, '2005-08-14', 234.9),
(11, 509, 12, '2000-09-15', 399.6),
(7, 900, 14, '2000-10-26', 390.6),
(46, 978, 9, '1999-08-30', 113.4),
(20, 245, 19, '1998-12-30', 427.5),
(19, 106, 9, '1999-09-26', 388.8),
(20, 708, 13, '2003-09-22', 292.5),
(12, 247, 4, '2000-06-02', 115.2),
(5, 651, 5, '2004-07-30', 108),
(7, 248, 20, '2005-07-26', 558),
(6, 434, 6, '2006-06-16', 194.4),
(13, 347, 13, '1999-02-21', 58.5),
(31, 193, 14, '2006-05-02', 264.6),
(30, 804, 14, '2000-07-16', 151.2),
(22, 259, 14, '2005-05-31', 428.4),
(20, 271, 18, '2008-01-21', 405),
(23, 611, 5, '1998-03-24', 193.5),
(40, 935, 20, '2003-04-03', 288),
(35, 468, 4, '2007-01-20', 28.8),
(4, 93, 15, NULL, 675),
(41, 492, 16, '1998-12-20', 676.8),
(30, 161, 8, '2001-06-23', 86.4),
(47, 804, 15, '1998-01-06', NULL),
(36, 795, 6, '1998-04-26', 243),
(26, 435, 17, '2001-08-23', 91.8),
(36, 825, 8, '1999-02-02', 324),
(45, 346, 6, '2005-12-21', 97.2),
(8, 726, 15, '2006-06-08', 202.5),
(6, 194, 13, '2000-11-30', 421.2),
(15, 315, 3, '2006-10-29', 29.7),
(41, 819, 19, '2004-02-06', 803.7),
(15, 375, 12, '1998-01-05', 118.8),
(18, 33, 8, '1998-01-01', 264),
(23, 272, 16, '1998-11-28', 619.2),
(32, 273, 20, NULL, 126),
(2, 928, 13, '2006-04-24', 351),
(32, 682, 20, '1998-04-07', 126),
(36, 309, 3, '2003-08-20', 121.5),
(6, 208, 16, '2005-10-01', 518.4),
(21, 641, 3, '2007-10-20', 75.6),
(28, 941, 8, '2008-01-14', 208.8),
(12, 315, 13, '2004-05-27', 374.4),
(3, 830, 9, '2005-05-26', 72.9),
(28, 528, 12, '2001-09-20', 313.2),
(21, 178, 12, '2002-02-02', 302.4),
(7, 756, 11, '2004-07-11', 306.9),
(21, 524, 7, NULL, 176.4),
(14, 406, 13, '1999-03-20', 491.4),
(29, 890, 11, '2008-01-11', 257.4),
(37, 543, 9, '2004-04-26', 324),
(47, 387, 3, '2003-10-29', NULL),
(20, 627, 6, '2002-04-26', 135),
(8, 719, 11, '1998-04-09', 148.5),
(22, 595, 15, '2005-03-30', 459),
(29, 195, 12, '2007-02-12', 280.8),
(42, 377, 11, '2007-08-04', 217.8),
(40, 969, 2, '2006-01-27', 28.8),
(27, 195, 15, '2002-07-24', 594),
(38, 744, 2, '1999-06-09', 82.8),
(37, 787, 10, '2003-04-09', 360),
(46, 520, 5, '2006-10-21', 63),
(34, 314, 13, '1999-09-22', 152.1),
(2, 37, 8, '2003-09-05', 216),
(18, 279, 16, '2003-02-20', 475.2),
(1, 444, 4, '1998-01-09', 126),
(34, 23, 8, '1998-01-03', 93.6),
(10, 356, 19, '2003-04-27', 171),
(31, 116, 2, NULL, 37.8),
(35, 816, 9, '1998-01-14', 64.8),
(28, 591, 11, '1998-03-20', 287.1),
(20, 41, 4, '2000-02-18', 85),
(1, 122, 6, '1998-01-07', 189),
(17, 830, 18, NULL, 437.4),
(22, 950, 2, '2001-01-31', 61.2),
(38, 995, 17, '1998-02-06', 703.8),
(31, 655, 8, '2006-02-13', 151.2),
(14, 743, 10, '2001-10-11', 378),
(27, 619, 2, '2007-07-29', 79.2),
(44, 936, 2, '2005-02-17', 41.4),
(25, 1, 20, NULL, 340),
(1, 207, 19, '2001-08-25', 598.5),
(32, 65, 8, '2003-04-06', 50.4),
(20, 326, 8, '1998-12-11', 180),
(47, 468, 8, '2005-10-23', NULL),
(15, 640, 9, '2003-08-20', 89.1),
(3, 742, 15, '2006-07-26', 121.5),
(6, 74, 5, '1998-07-22', 162),
(26, 491, 19, '1998-12-16', 102.6),
(27, 216, 12, '2007-07-10', 475.2),
(2, 327, 3, '2003-07-30', 81),
(33, 166, 1, '2001-08-11', 35.1),
(17, 447, 17, '2001-04-15', 413.1),
(36, 368, 15, '1999-10-18', 607.5),
(28, 134, 11, '1998-03-24', 287.1),
(15, 687, 7, '2004-11-28', 69.3),
(25, 130, 14, '1998-01-04', 252),
(23, 347, 13, '2002-01-09', 503.1),
(34, 162, 10, '1998-01-08', 117),
(16, 433, 13, NULL, 222.3),
(16, 280, 4, '2006-09-06', 68.4),
(27, 437, 2, '2005-09-14', 79.2),
(17, 210, 20, '1998-08-12', 486),
(4, 144, 9, '2004-06-18', 405),
(16, 317, 3, '2003-01-15', 51.3),
(30, 948, 12, NULL, 129.6),
(36, 328, 7, '2004-05-21', 283.5),
(3, 185, 4, '1999-10-25', 32.4),
(34, 487, 6, NULL, 70.2),
(39, 104, 4, '2004-07-26', 147.6),
(1, 480, 19, '1998-02-11', 598.5),
(21, 303, 4, '2003-06-03', 100.8),
(41, 216, 12, '2005-01-09', 507.6),
(10, 950, 14, '2003-06-14', 126),
(3, 556, 8, '1998-03-21', 64.8),
(1, 565, 15, NULL, 472.5),
(23, 149, 7, '2005-04-28', 270.9),
(28, 115, 8, '1999-10-15', 208.8),
(38, 329, 5, '1998-01-08', 207),
(20, 540, 14, '2004-12-24', 315),
(23, 985, 19, '2005-06-28', 735.3),
(27, 297, 8, '2003-07-03', 316.8),
(45, 954, 2, '2004-01-28', 32.4),
(35, 692, 14, '1998-12-31', 100.8),
(1, 439, 20, '1998-03-30', 630),
(34, 968, 19, '2007-06-07', 222.3),
(28, 426, 11, '2007-10-02', 287.1),
(26, 216, 9, '1999-03-09', 48.6),
(23, 902, 2, '2000-01-28', 77.4),
(22, 75, 5, '2001-11-29', 153),
(36, 877, 3, '2007-03-14', 121.5),
(28, 994, 15, '1998-03-19', 391.5),
(47, 401, 5, NULL, NULL),
(6, 735, 6, '2006-11-29', 194.4),
(18, 761, 6, '1998-01-24', 178.2),
(47, 336, 12, '1998-02-07', NULL),
(35, 182, 16, '2002-12-08', 115.2),
(20, 140, 12, '2006-07-21', 270),
(3, 933, 2, '1999-04-23', 16.2),
(37, 100, 16, NULL, 576),
(47, 493, 6, '2004-12-15', NULL),
(36, 343, 9, '2005-08-10', 364.5),
(47, 579, 17, '2002-04-17', NULL),
(33, 390, 2, '1998-01-05', 70.2),
(2, 899, 4, '1998-01-08', 108),
(10, 658, 10, '2001-10-26', 90),
(45, 71, 4, '2002-05-30', 72),
(4, 853, 19, '1999-01-04', 855),
(2, 510, 15, '2006-06-06', 405),
(20, 657, 8, '2005-07-27', 180),
(27, 138, 20, '2003-05-07', 792),
(6, 574, 5, '1998-06-14', 162),
(25, 328, 2, '1999-08-18', 36),
(42, 857, 11, '1998-05-24', 217.8),
(16, 498, 15, '2003-02-24', 256.5),
(12, 934, 18, '2006-03-01', 518.4),
(13, 309, 13, '1999-04-09', 58.5),
(7, 23, 10, '2006-12-28', 279),
(45, 439, 17, '2000-02-16', 275.4),
(42, 431, 3, '2007-12-29', 59.4),
(3, 644, 13, '2006-10-08', 105.3),
(21, 853, 12, '2003-08-11', 302.4),
(26, 535, 9, NULL, 48.6),
(20, 644, 6, '2002-03-26', 135),
(24, 979, 11, '1998-01-06', 376.2),
(46, 572, 19, '1998-03-28', 239.4),
(20, 138, 16, '2007-06-05', 360),
(14, 469, 6, '1998-05-18', 226.8),
(31, 465, 1, NULL, 18.9),
(31, 60, 11, '2004-01-21', 207.9),
(15, 754, 7, '2006-08-04', 69.3),
(25, 422, 20, '1998-09-05', 360),
(17, 697, 18, '1998-03-15', 437.4),
(25, 202, 8, '2001-03-19', 144),
(10, 875, 20, '1998-08-14', 180),
(43, 311, 10, '2006-05-10', 153),
(32, 798, 10, '1998-01-10', 63),
(23, 352, 14, '2006-12-08', 541.8),
(41, 775, 15, '1998-01-07', 634.5),
(2, 261, 4, '2007-07-27', 108),
(36, 874, 13, '2002-10-05', 526.5),
(43, 254, 11, '2002-05-02', 168.3),
(45, 768, 2, '2005-06-27', 32.4),
(25, 629, 1, '2003-01-18', 18),
(20, 987, 9, '2003-10-21', 202.5),
(13, 621, 1, '2001-02-25', 4.5),
(24, 562, 5, NULL, 171),
(9, 242, 3, '1998-01-09', 132.3),
(39, 582, 8, '2001-11-09', 295.2),
(28, 490, 20, '2002-03-01', 522),
(36, 576, 4, '1998-01-07', 162),
(18, 301, 3, '2004-02-10', 89.1),
(36, 733, 4, '2001-10-25', 162),
(40, 19, 1, '1998-01-01', 14.4),
(31, 864, 4, '2006-09-03', 75.6),
(2, 567, 11, '1998-11-13', 297),
(1, 617, 1, '1999-02-05', 31.5),
(11, 826, 7, '1998-11-09', 233.1),
(6, 384, 11, '2004-11-06', 356.4),
(40, 967, 15, '2000-06-30', 216),
(37, 617, 3, '2006-06-22', 108),
(14, 24, 9, '1999-11-30', 340.2),
(11, 532, 12, '2005-09-30', 399.6),
(6, 299, 1, '1998-07-12', 32.4),
(20, 174, 2, NULL, 45),
(40, 263, 20, '2001-12-15', 288),
(11, 773, 12, '2007-04-09', 399.6),
(23, 824, 18, '2002-05-06', 696.6),
(7, 463, 10, '2005-12-19', 279),
(23, 666, 9, '1998-03-05', 348.3),
(38, 349, 14, '2005-06-02', 579.6),
(12, 414, 20, '2001-01-09', 576),
(16, 403, 18, '1998-02-26', 307.8),
(9, 579, 18, '1999-05-23', 793.8),
(43, 946, 6, '1998-02-27', 91.8),
(5, 48, 16, NULL, 345.6),
(8, 392, 13, '1998-01-08', 175.5),
(39, 90, 3, '2006-03-17', 86.1),
(17, 855, 17, '2007-08-26', 413.1),
(34, 539, 5, '2001-03-23', 58.5),
(43, 240, 20, '2005-07-16', 306),
(11, 219, 9, '2001-09-30', 299.7),
(39, 697, 11, '2004-09-16', 405.9),
(25, 654, 7, '1998-01-03', 126),
(7, 264, 15, '2006-04-21', 418.5),
(37, 129, 10, NULL, 360),
(21, 22, 19, '2008-01-17', 478.8),
(27, 883, 20, '2006-07-11', 792),
(14, 864, 5, '2001-04-10', 189),
(19, 194, 15, '2004-12-29', 648),
(44, 68, 16, '2000-09-16', 368),
(13, 114, 18, '2007-07-09', 81),
(33, 616, 11, NULL, 386.1),
(10, 851, 5, NULL, 45),
(3, 964, 8, '2002-12-20', 64.8),
(19, 794, 2, '1999-01-15', 86.4),
(33, 857, 10, '2003-10-26', 351),
(13, 515, 2, '2001-03-14', 9),
(31, 398, 5, '2003-04-05', 94.5),
(47, 107, 4, '2003-04-04', NULL),
(1, 833, 7, '2002-03-21', 220.5),
(23, 634, 15, '2004-11-08', 580.5),
(43, 693, 11, '2007-06-11', 168.3),
(30, 94, 13, '1999-11-27', 140.4),
(31, 38, 20, '2003-02-08', 378),
(9, 909, 9, '2000-08-19', 396.9),
(2, 100, 3, '1998-01-10', 81),
(47, 247, 12, '1998-07-04', NULL),
(12, 461, 20, '2000-11-22', 576),
(20, 226, 2, '2002-02-06', 45),
(4, 102, 13, '2001-09-30', 585),
(20, 619, 7, '2000-07-06', 157.5),
(28, 832, 11, '2003-11-04', 287.1),
(30, 443, 3, '2001-07-27', 32.4),
(47, 611, 5, '2006-11-07', NULL),
(20, 423, 1, '2004-06-16', 22.5),
(40, 47, 17, '1998-01-03', 244.8),
(43, 804, 12, '2003-08-24', 183.6),
(39, 637, 11, '1998-07-23', 405.9),
(8, 77, 14, '1998-06-19', 189),
(23, 632, 9, '1998-12-27', 348.3),
(10, 919, 18, '2005-05-19', 162),
(37, 388, 11, '2006-01-28', 396),
(35, 705, 8, '2000-08-21', 57.6),
(24, 670, 11, '1999-03-14', 376.2),
(11, 79, 16, '1998-01-06', 532.8),
(44, 321, 2, '2007-07-05', 41.4),
(31, 62, 15, '2002-04-27', 315),
(17, 673, 4, '1999-05-24', 97.2),
(9, 445, 6, NULL, 264.6),
(10, 54, 6, '1999-10-05', 60),
(6, 970, 6, '2006-09-28', 194.4),
(9, 7, 18, '2002-05-11', 793.8),
(19, 924, 10, '1998-10-22', 432),
(19, 605, 9, '2004-06-13', 388.8),
(4, 360, 11, '1998-08-17', 495),
(31, 334, 10, '2000-03-29', 189),
(34, 553, 3, '2000-04-11', 35.1),
(32, 599, 7, NULL, 44.1),
(6, 227, 18, NULL, 583.2),
(23, 562, 1, '2006-09-20', 38.7),
(17, 416, 2, '1998-01-07', 48.6),
(21, 123, 11, '2002-05-19', 277.2),
(7, 590, 12, '1998-01-12', 334.8),
(22, 602, 4, '1998-01-01', 122.4),
(29, 390, 2, '2000-08-30', 46.8),
(46, 385, 1, '2001-06-29', 12.6),
(39, 842, 17, '2006-12-06', 627.3),
(7, 62, 3, '1998-03-20', 93),
(10, 904, 8, '2005-06-27', 72),
(9, 400, 4, '1999-04-08', 176.4),
(29, 439, 13, '2003-03-18', 304.2),
(37, 171, 18, '2007-05-26', 648),
(14, 313, 6, '2005-01-03', 226.8),
(27, 182, 14, '1998-01-02', 554.4),
(34, 436, 9, '2000-10-08', 105.3),
(16, 120, 10, '2006-03-11', 171),
(7, 102, 5, '1998-01-10', 139.5),
(20, 670, 6, NULL, 135),
(24, 754, 10, '2001-02-18', 342),
(23, 908, 12, '2005-03-20', 464.4),
(35, 718, 2, '2000-01-30', 14.4),
(34, 821, 12, NULL, 140.4),
(10, 613, 8, '2002-07-10', 72),
(12, 723, 20, '1998-01-08', 576),
(25, 421, 2, '2002-04-25', 36),
(15, 662, 15, '2000-03-21', 148.5),
(31, 992, 6, '2003-06-16', 113.4),
(38, 958, 20, '2003-12-09', 828),
(14, 472, 17, '1998-04-16', 642.6),
(4, 510, 7, '2003-06-03', 315),
(46, 33, 3, NULL, 42),
(19, 120, 7, '1998-10-10', 302.4),
(17, 418, 10, '2005-07-29', 243),
(42, 405, 3, '2005-07-07', 59.4),
(12, 483, 13, '2006-02-13', 374.4),
(6, 739, 5, '2004-01-19', 162),
(3, 786, 15, '1999-05-30', 121.5),
(19, 353, 18, '1998-01-02', 777.6),
(9, 232, 2, NULL, 88.2),
(23, 919, 15, '2002-05-18', 580.5),
(11, 442, 14, '2000-11-15', 466.2),
(36, 369, 8, '2004-06-22', 324),
(19, 505, 8, '2006-08-27', 345.6),
(40, 410, 3, '2001-09-11', 43.2),
(46, 596, 20, '1999-05-13', 252),
(14, 174, 2, '2000-01-16', 75.6),
(1, 251, 2, '2001-02-16', 63),
(2, 564, 1, '1998-01-07', 27),
(35, 895, 8, '2006-10-01', 57.6),
(26, 440, 13, '2007-01-27', 70.2),
(15, 463, 10, NULL, 99),
(29, 106, 13, '2001-08-08', 304.2),
(23, 262, 4, '2000-05-31', 154.8),
(3, 808, 16, '1998-04-09', 129.6),
(5, 708, 8, '2006-04-23', 172.8),
(14, 475, 3, NULL, 113.4),
(24, 388, 7, '1998-01-01', 239.4),
(41, 657, 4, '1998-01-03', 169.2),
(18, 280, 9, '2004-03-28', 267.3),
(19, 986, 6, '1998-02-10', 259.2),
(36, 886, 11, '2003-09-06', 445.5),
(25, 455, 4, '1999-10-19', 72),
(5, 898, 4, '2003-11-02', 86.4),
(5, 676, 17, '1999-01-17', 367.2),
(28, 297, 5, '2002-05-29', 130.5),
(12, 320, 3, '1999-01-25', 86.4),
(18, 261, 12, '1999-03-14', 356.4),
(41, 732, 7, '1998-07-22', 296.1),
(27, 83, 4, '1999-12-03', 158.4),
(1, 961, 4, '2002-09-07', 126),
(40, 134, 7, '1999-11-01', 100.8),
(3, 362, 9, NULL, 72.9),
(24, 963, 12, '2004-10-14', 410.4),
(43, 581, 5, '2006-08-05', 76.5),
(38, 145, 13, '2006-05-04', 538.2),
(47, 729, 9, '2000-08-24', NULL),
(32, 753, 13, '2004-04-17', 81.9),
(44, 993, 15, '1998-01-03', 310.5),
(44, 180, 16, '2005-12-19', 331.2),
(36, 140, 3, '1998-07-09', 121.5),
(28, 492, 3, NULL, 78.3),
(12, 733, 13, '2006-12-31', 374.4),
(22, 17, 17, NULL, 520.2),
(33, 916, 7, '1998-04-09', 245.7),
(2, 970, 9, NULL, 243),
(12, 683, 20, '1998-01-07', 576),
(34, 701, 20, '2008-01-15', 234),
(33, 565, 12, '2000-02-10', 421.2),
(36, 831, 14, '2001-05-02', 567),
(37, 846, 8, '1998-01-06', 288),
(5, 789, 2, '2007-04-11', 43.2),
(38, 957, 15, '2005-01-23', 621),
(37, 906, 3, '2002-12-13', 108),
(12, 248, 14, '2003-11-03', 403.2),
(27, 136, 3, '1998-01-22', 118.8),
(6, 273, 2, '2000-06-29', 64.8),
(5, 271, 17, '1998-02-18', 367.2),
(39, 187, 15, '2004-12-12', 553.5),
(5, 861, 11, '1998-01-04', 237.6),
(5, 503, 4, '2007-07-30', 86.4),
(13, 129, 7, '1998-06-03', 31.5),
(10, 810, 1, '2008-01-02', 9),
(19, 900, 12, '2004-02-19', 518.4),
(20, 89, 15, '2003-03-26', 337.5),
(8, 562, 3, '2005-12-31', 40.5),
(7, 668, 16, '1999-08-27', 446.4),
(11, 368, 7, '1998-12-19', 233.1),
(25, 302, 3, '2007-06-29', 54),
(39, 766, 3, '2002-10-15', 110.7),
(22, 552, 18, '1998-01-09', 550.8),
(15, 920, 14, '1998-08-11', 138.6),
(40, 36, 18, '2002-12-09', 259.2),
(26, 661, 20, '2007-04-01', 108),
(12, 837, 13, '1998-01-01', 374.4),
(14, 73, 16, '2007-11-17', 672),
(32, 257, 1, NULL, 6.3),
(41, 568, 17, '1998-01-26', 719.1),
(11, 152, 5, '1999-04-09', 166.5),
(11, 374, 10, '1998-04-07', 333),
(2, 836, 15, '2004-07-18', 405),
(15, 83, 14, NULL, 138.6),
(19, 733, 18, '2004-12-02', 777.6),
(15, 655, 20, '2000-12-26', 198),
(40, 225, 7, '2003-10-02', 100.8),
(27, 171, 3, '2007-12-21', 118.8),
(3, 504, 1, '1999-10-18', 8.1),
(3, 290, 4, '2005-03-31', 32.4),
(20, 271, 3, '1998-12-23', 67.5),
(27, 283, 6, '2007-01-18', 237.6),
(37, 20, 4, '1998-03-16', 144),
(32, 184, 7, '2000-09-18', 44.1),
(41, 988, 10, '1998-03-16', 423),
(22, 930, 7, '1999-01-20', 214.2),
(20, 596, 5, '1998-01-05', 112.5),
(46, 562, 13, '1998-02-19', 163.8),
(21, 64, 15, NULL, 378),
(33, 333, 18, '1998-01-08', 631.8),
(13, 667, 3, '2001-04-27', 13.5),
(38, 975, 5, '2001-07-06', 207),
(5, 896, 6, '1998-03-04', 129.6),
(36, 460, 1, NULL, 40.5),
(32, 911, 3, '2000-07-26', 18.9),
(5, 672, 19, '2000-06-05', 410.4),
(30, 941, 3, '2002-02-05', 32.4),
(36, 661, 14, '2002-11-02', 567),
(31, 133, 8, '2007-07-20', 151.2),
(19, 973, 2, '2002-07-28', 86.4),
(11, 441, 7, '1998-03-05', 233.1),
(28, 263, 14, '1998-07-09', 365.4),
(25, 322, 12, '2000-06-16', 216),
(7, 574, 5, '2003-09-29', 139.5),
(11, 438, 8, '1998-09-23', 266.4),
(15, 201, 18, '1998-02-17', 178.2),
(5, 553, 4, '1998-02-21', 86.4),
(18, 569, 14, '2000-02-16', 415.8),
(30, 362, 17, NULL, 183.6),
(5, 417, 6, '2004-07-04', 129.6),
(30, 224, 20, '2005-11-06', 216),
(1, 963, 2, NULL, 63),
(15, 828, 8, '2007-04-25', 79.2),
(33, 851, 8, '1998-08-30', 280.8),
(31, 691, 10, '2002-07-13', 189),
(1, 283, 5, '2002-05-29', 157.5),
(44, 543, 15, '1999-12-02', 310.5),
(5, 509, 4, '2002-05-07', 86.4),
(1, 757, 15, '1999-11-20', 472.5),
(6, 783, 1, '1998-12-22', 32.4),
(9, 654, 15, '2001-05-09', 661.5),
(43, 480, 14, '2000-04-03', 214.2),
(46, 95, 1, '2005-03-12', 12.6),
(11, 557, 1, '2001-03-29', 33.3),
(40, 729, 9, '2001-06-15', 129.6),
(15, 349, 8, '2003-07-21', 79.2),
(23, 937, 11, NULL, 425.7),
(40, 195, 10, '1998-01-04', 144),
(47, 492, 15, '2003-09-17', NULL),
(45, 608, 7, '1998-01-18', 113.4),
(20, 328, 17, '2005-01-20', 382.5),
(43, 608, 12, '1998-08-10', 183.6),
(23, 349, 3, '2006-12-01', 116.1),
(37, 891, 3, '2003-07-19', 108),
(41, 641, 13, '1998-04-10', 549.9),
(34, 541, 5, '2004-05-17', 58.5),
(15, 217, 20, '2006-03-04', 198),
(46, 980, 18, '2005-01-10', 226.8),
(18, 878, 4, '1998-01-09', 118.8),
(41, 936, 16, '2003-07-11', 676.8),
(26, 264, 7, '2007-07-28', 37.8),
(19, 801, 10, '1999-01-07', 432),
(43, 966, 16, '2006-05-13', 244.8),
(29, 403, 17, '2000-08-31', 397.8),
(31, 912, 16, '2001-03-03', 302.4),
(18, 244, 3, NULL, 89.1),
(27, 788, 16, NULL, 633.6),
(6, 24, 5, '2001-10-12', 162),
(12, 333, 18, '2003-09-20', 518.4),
(3, 276, 20, '1998-01-06', 162),
(35, 802, 2, '1999-10-18', 14.4),
(10, 966, 17, '2002-03-19', 153),
(47, 668, 13, '2007-10-01', NULL),
(32, 353, 10, '2000-08-29', 63),
(45, 822, 7, '2003-11-27', 113.4),
(30, 718, 4, '1998-02-09', 43.2),
(35, 240, 8, NULL, 57.6),
(37, 150, 2, '2007-11-26', 72),
(45, 817, 7, NULL, 113.4),
(32, 607, 16, NULL, 100.8),
(27, 165, 1, '1999-07-05', 39.6),
(34, 593, 3, '2003-07-14', 35.1),
(36, 265, 11, '1998-01-05', 445.5),
(34, 156, 6, '2000-06-16', 70.2),
(32, 816, 5, '1998-12-09', 31.5),
(42, 91, 5, '1998-01-04', 77),
(16, 69, 4, '1998-11-22', 68.4),
(39, 175, 9, NULL, 332.1),
(24, 419, 10, '1998-01-06', 342),
(44, 542, 20, '1999-03-05', 414),
(15, 251, 16, '1999-11-10', 158.4),
(20, 311, 19, '2007-10-31', 427.5),
(14, 69, 1, '1999-02-27', 37.8),
(24, 188, 6, '1998-01-06', 205.2),
(44, 907, 4, NULL, 82.8),
(24, 373, 19, '1999-11-25', 649.8),
(47, 577, 4, '2007-12-22', NULL),
(9, 815, 15, '2000-11-01', 661.5),
(14, 370, 8, '2004-09-10', 302.4),
(29, 414, 11, '2001-05-28', 257.4),
(32, 100, 3, '2002-10-09', 18.9),
(42, 428, 16, '1998-01-31', 316.8),
(32, 942, 16, NULL, 100.8),
(6, 822, 8, '1999-11-18', 259.2),
(12, 657, 15, '1998-01-10', 432),
(2, 936, 19, NULL, 513),
(38, 292, 20, '2002-07-21', 828),
(46, 685, 7, '2002-10-09', 88.2),
(24, 871, 6, '1998-10-10', 205.2),
(21, 142, 14, '2000-07-21', 352.8),
(45, 203, 15, '2001-12-24', 243),
(12, 830, 18, '1998-04-10', 518.4),
(8, 629, 4, '2002-12-23', 54),
(23, 443, 4, '2005-09-17', 154.8),
(13, 816, 11, '1998-01-08', 49.5),
(31, 862, 9, '2002-01-18', 170.1),
(19, 671, 16, '2000-03-30', 691.2),
(11, 780, 19, '1998-01-06', 632.7),
(6, 975, 10, '2005-08-18', 324),
(26, 781, 6, NULL, 32.4),
(36, 461, 14, '2005-12-03', 567),
(36, 443, 12, '2004-02-22', 486),
(17, 483, 10, '2007-02-09', 243),
(9, 875, 7, '2001-04-28', 308.7),
(43, 684, 18, '2004-07-15', 275.4),
(35, 531, 1, '2006-01-13', 7.2),
(21, 243, 5, '1998-01-03', 126),
(44, 296, 15, '2001-09-20', 310.5),
(43, 523, 12, NULL, 183.6),
(44, 983, 2, '1998-06-06', 41.4),
(30, 392, 17, '1998-03-28', 183.6),
(31, 475, 18, '2000-10-10', 340.2),
(37, 924, 3, '1998-03-18', 108),
(46, 349, 19, '1998-01-06', 239.4),
(40, 749, 1, '2001-06-09', 14.4),
(23, 934, 12, '1998-01-17', 464.4),
(32, 175, 9, '2002-04-13', 56.7),
(30, 724, 19, '2006-07-09', 205.2),
(41, 741, 12, '1998-01-06', 507.6),
(47, 139, 16, '2006-03-19', NULL),
(8, 651, 4, '2000-05-20', 54),
(39, 737, 10, '2001-04-14', 369),
(43, 378, 20, '1998-01-10', 306),
(47, 892, 12, '1998-01-10', NULL),
(18, 784, 4, '1998-02-27', 118.8),
(10, 159, 14, '1998-10-06', 126),
(1, 680, 16, '2000-01-22', 504),
(5, 524, 5, '2007-10-26', 108),
(34, 761, 17, '1998-01-07', 198.9),
(42, 725, 8, '2004-03-04', 158.4),
(35, 132, 15, '1998-01-01', 108),
(19, 892, 9, '2002-02-18', 388.8),
(39, 592, 7, '2002-04-18', 258.3),
(18, 155, 8, '1998-05-28', 237.6),
(26, 594, 14, '1999-10-18', 75.6),
(2, 723, 18, '2007-08-15', 486),
(5, 98, 13, '1999-06-05', 280.8),
(37, 917, 6, '1998-08-09', 216),
(12, 2, 13, '1999-10-02', 374.4),
(28, 34, 18, NULL, 469.8),
(4, 415, 7, '1999-12-28', 315),
(7, 461, 17, '1998-02-07', 474.3),
(40, 911, 17, NULL, 244.8),
(2, 614, 1, '1998-02-25', 27),
(18, 423, 8, '2003-04-19', 237.6),
(4, 674, 20, NULL, 900),
(35, 426, 1, '1998-01-02', 7.2),
(29, 340, 15, '1998-08-20', 351),
(12, 91, 8, '2000-12-13', 179.2),
(34, 102, 11, '2006-11-24', 128.7),
(32, 6, 4, '2007-01-18', 25.2),
(11, 452, 9, '1999-02-20', 299.7),
(7, 864, 12, '2003-10-07', 334.8),
(8, 742, 11, '1998-01-07', 148.5),
(9, 226, 4, NULL, 176.4),
(11, 251, 13, '1998-01-06', 432.9),
(6, 970, 4, '2002-01-27', 129.6),
(10, 664, 8, '1998-02-23', 72),
(33, 340, 9, '1998-03-26', 315.9),
(9, 474, 3, '2006-02-12', 132.3),
(37, 134, 11, '1998-03-24', 396),
(38, 793, 11, '1999-12-27', 455.4),
(15, 967, 13, '2001-09-07', 128.7),
(10, 534, 16, '2003-04-07', 144),
(35, 157, 9, '2002-08-07', 64.8),
(2, 647, 19, '1999-11-17', 513),
(6, 821, 16, NULL, 518.4),
(7, 375, 15, NULL, 418.5),
(46, 78, 11, '1999-09-19', 138.6),
(32, 2, 11, '2002-02-02', 69.3),
(15, 232, 11, '2004-06-17', 108.9),
(29, 397, 8, '2007-04-27', 187.2),
(45, 239, 20, '2001-09-02', 324),
(35, 287, 13, '2007-09-29', 93.6),
(5, 167, 14, '2000-10-24', 302.4),
(31, 227, 6, '2006-02-23', 113.4),
(46, 482, 3, '2001-09-17', 37.8),
(26, 561, 20, '2000-04-16', 108),
(14, 845, 3, '1999-09-09', 113.4),
(14, 540, 17, '2006-08-21', 642.6),
(38, 955, 10, '1999-10-06', 414),
(31, 776, 11, '2000-02-10', 207.9),
(21, 543, 5, '2006-06-08', 126),
(31, 407, 3, '2003-01-30', 56.7),
(19, 25, 19, '2005-12-18', 820.8),
(21, 386, 14, '1998-02-16', 352.8),
(26, 939, 12, '1998-02-04', 64.8),
(14, 194, 12, '1998-05-23', 453.6),
(39, 132, 15, '1998-09-10', 553.5),
(32, 582, 2, '2006-11-03', 12.6),
(41, 10, 10, '1998-04-08', 376),
(37, 955, 12, NULL, 432),
(10, 549, 14, '1998-01-01', 126),
(28, 950, 4, '1999-12-25', 104.4),
(9, 662, 6, '2004-02-01', 264.6),
(14, 688, 4, '2000-02-04', 151.2),
(31, 615, 11, '2004-05-25', 207.9),
(1, 34, 2, '2000-04-17', 63),
(38, 210, 9, '2001-09-07', 372.6),
(8, 576, 13, '2002-11-07', 175.5),
(37, 233, 6, NULL, 216),
(37, 78, 7, '2002-10-15', 252),
(44, 540, 4, '2000-04-09', 82.8),
(26, 635, 5, '1999-12-17', 27),
(15, 845, 8, '2002-02-14', 79.2),
(35, 66, 15, '2005-05-27', 108),
(14, 642, 3, '1998-09-20', 113.4),
(44, 160, 6, '2001-03-06', 124.2),
(2, 661, 6, '2005-06-09', 162),
(31, 213, 8, '1998-01-05', 151.2),
(7, 930, 3, '2003-02-23', 83.7),
(33, 724, 3, '2000-08-04', 105.3),
(14, 624, 2, '1999-03-05', 75.6),
(6, 34, 2, '1999-02-20', 64.8),
(1, 45, 2, '1998-01-31', 59.5),
(33, 115, 20, '2002-05-20', 702),
(46, 997, 15, '1998-01-10', 189),
(29, 938, 2, '2002-02-15', 46.8),
(43, 759, 4, '2004-11-18', 61.2),
(24, 243, 2, '2005-07-27', 68.4),
(12, 336, 2, '1998-02-17', 57.6),
(33, 950, 19, '2003-08-17', 666.9),
(22, 368, 11, NULL, 336.6),
(17, 11, 4, '2005-08-02', 108),
(3, 47, 15, '2007-08-30', 121.5),
(28, 922, 1, '1998-02-02', 26.1),
(20, 997, 17, '1998-01-23', 382.5),
(13, 944, 12, NULL, 54),
(41, 864, 5, '1998-06-09', 211.5),
(8, 901, 11, '2001-10-28', 148.5),
(9, 96, 4, '2007-06-10', 176.4),
(7, 815, 14, '2003-11-13', 390.6),
(42, 44, 1, '2000-07-17', 22),
(4, 627, 13, '2004-11-13', 585),
(46, 555, 9, '2000-01-26', 113.4),
(32, 302, 9, '2005-12-08', 56.7),
(39, 224, 17, '1998-05-02', 627.3),
(23, 630, 15, '1998-01-02', 580.5),
(45, 890, 12, '2004-01-31', 194.4),
(14, 100, 6, '1999-02-12', 226.8),
(39, 989, 1, '1998-10-20', 36.9),
(13, 123, 2, '2005-09-19', 9),
(8, 735, 20, '1999-07-05', 270),
(43, 596, 14, '2003-09-20', 214.2),
(1, 252, 8, '2003-01-27', 252),
(41, 761, 1, '2007-08-13', 42.3),
(36, 10, 7, '2006-08-31', 252),
(47, 556, 15, '1998-01-06', NULL),
(5, 34, 9, '2006-04-02', 194.4),
(12, 209, 20, '2003-09-12', 576),
(22, 927, 6, '2001-07-10', 183.6),
(7, 832, 17, NULL, 474.3),
(1, 696, 3, '2000-06-05', 94.5),
(15, 433, 12, '2000-06-30', 118.8),
(22, 531, 2, '1998-01-09', 61.2),
(5, 623, 9, '2005-12-25', 194.4),
(29, 533, 1, '2003-02-09', 23.4),
(23, 595, 4, '2007-05-03', 154.8),
(25, 764, 19, '2004-09-17', 342),
(4, 69, 18, '2002-11-13', 810),
(36, 43, 8, '1998-02-18', 324),
(16, 108, 16, NULL, 273.6),
(24, 197, 12, '2000-05-27', 410.4),
(32, 463, 6, '1999-03-02', 37.8),
(14, 646, 8, '2005-06-01', 302.4),
(1, 808, 18, '1998-08-13', 567),
(9, 420, 12, '1999-03-18', 529.2),
(38, 58, 19, '2004-02-18', 786.6),
(13, 81, 1, '1998-08-02', 4.5),
(24, 501, 7, '1998-07-13', 239.4),
(18, 942, 3, '2001-08-11', 89.1),
(43, 431, 15, '1998-06-18', 229.5),
(17, 286, 4, '1998-01-08', 97.2),
(26, 347, 13, '2000-01-26', 70.2),
(41, 347, 10, NULL, 423),
(19, 453, 1, '2003-01-04', 43.2),
(18, 644, 1, '2006-01-13', 29.7),
(30, 65, 14, '2002-06-02', 151.2),
(5, 973, 18, '2000-02-21', 388.8),
(36, 720, 15, '2003-05-23', 607.5),
(32, 197, 5, '1998-06-21', 31.5),
(21, 395, 20, NULL, 504),
(20, 941, 18, NULL, 405),
(24, 945, 17, '2002-07-02', 581.4),
(47, 925, 4, '1998-01-01', NULL),
(11, 34, 6, '1998-01-07', 199.8),
(37, 402, 15, '1999-05-11', 540),
(3, 922, 16, '2004-03-25', 129.6),
(46, 733, 9, '2002-02-22', 113.4),
(1, 994, 18, '2006-12-07', 567),
(19, 944, 9, '1999-03-08', 388.8),
(8, 765, 14, '2000-06-05', 189),
(30, 142, 6, '2006-11-27', 64.8),
(17, 596, 13, '2006-02-16', 315.9),
(12, 545, 3, '2007-06-25', 86.4),
(23, 293, 17, '1998-02-01', 657.9),
(37, 470, 2, '1998-09-21', 72),
(13, 551, 1, '1998-10-17', 4.5),
(42, 610, 8, '1998-01-04', 158.4),
(21, 915, 3, '2001-10-07', 75.6),
(45, 602, 6, '1998-01-06', 97.2),
(47, 637, 7, '2002-01-03', NULL),
(27, 95, 15, '2001-03-16', 594),
(22, 660, 14, '2007-05-08', 428.4),
(5, 321, 13, '2001-11-13', 280.8),
(20, 551, 2, '2003-02-03', 45),
(1, 608, 11, '2006-01-28', 346.5),
(28, 205, 4, '2005-10-18', 104.4),
(7, 383, 17, '2000-07-24', 474.3),
(22, 916, 15, NULL, 459),
(15, 672, 12, '1998-05-01', 118.8),
(38, 348, 1, NULL, 41.4),
(8, 504, 14, '1998-10-16', 189),
(13, 334, 18, '2000-02-23', 81),
(4, 459, 11, '2000-08-26', 495),
(1, 249, 5, NULL, 157.5),
(10, 83, 20, '1998-01-13', 180),
(42, 941, 11, NULL, 217.8),
(23, 420, 4, '2005-10-21', 154.8),
(18, 991, 3, '1998-02-13', 89.1),
(1, 763, 2, '2007-05-04', 63),
(45, 831, 4, '2000-05-05', 64.8),
(12, 257, 19, '2006-05-24', 547.2),
(17, 513, 16, '2000-04-06', 388.8),
(43, 672, 16, '2000-12-26', 244.8),
(37, 582, 14, NULL, 504),
(43, 427, 3, NULL, 45.9),
(38, 269, 8, NULL, 331.2),
(32, 474, 4, '2001-07-27', 25.2),
(35, 158, 9, '2000-06-11', 64.8),
(22, 96, 1, '2006-09-25', 30.6),
(12, 365, 1, '1999-02-12', 28.8),
(30, 731, 10, '2004-04-27', 108),
(40, 862, 5, '2006-07-22', 72),
(29, 700, 20, '1998-02-12', 468),
(1, 754, 9, '1998-01-17', 283.5),
(45, 408, 1, '1998-03-07', 16.2),
(34, 209, 8, '2004-05-16', 93.6),
(16, 412, 2, '2000-03-02', 34.2),
(35, 680, 1, '1999-02-11', 7.2),
(46, 92, 7, '2001-07-29', 88.2),
(42, 971, 13, '1998-06-09', 257.4),
(25, 593, 18, '2006-09-14', 324),
(17, 556, 9, '1999-12-24', 218.7),
(40, 349, 9, '1998-03-31', 129.6),
(31, 780, 19, NULL, 359.1),
(16, 578, 4, '1999-02-28', 68.4),
(47, 892, 10, '1999-12-03', NULL),
(4, 786, 2, '2005-04-21', 90),
(43, 331, 10, '2003-02-09', 153),
(26, 120, 7, '2002-04-10', 37.8),
(6, 106, 14, '2007-02-10', 453.6),
(2, 412, 1, '2004-08-11', 27),
(13, 790, 14, '2000-02-12', 63),
(42, 662, 17, '2001-09-15', 336.6),
(27, 112, 5, '2002-09-03', 198),
(18, 164, 10, NULL, 297),
(27, 462, 17, '1998-01-01', 673.2),
(46, 159, 4, '1999-08-26', 50.4),
(32, 848, 15, '2002-09-24', 94.5),
(14, 685, 20, '2001-08-29', 756),
(29, 279, 6, '2000-06-30', 140.4),
(21, 766, 2, '2006-08-03', 50.4),
(45, 286, 18, '1998-01-03', 291.6),
(35, 342, 4, '2001-08-29', 28.8),
(1, 437, 19, '2003-01-02', 598.5),
(47, 93, 17, '1998-01-07', NULL),
(12, 591, 10, '2000-12-06', 288),
(32, 493, 20, '1998-02-28', 126),
(31, 67, 9, NULL, 170.1),
(15, 112, 19, '2002-11-25', 188.1),
(41, 535, 6, '2004-10-26', 253.8),
(5, 998, 17, '2008-01-20', 367.2),
(44, 265, 19, '2006-08-07', 393.3),
(12, 24, 13, '2003-06-05', 374.4),
(46, 938, 11, '2005-07-14', 138.6),
(15, 724, 7, '1998-03-13', 69.3),
(12, 49, 20, '2004-07-12', 576),
(19, 699, 3, '1998-01-09', 129.6),
(25, 286, 7, '2003-11-13', 126),
(33, 382, 19, '1998-04-03', 666.9),
(17, 977, 1, '1998-01-08', 24.3),
(31, 765, 12, '2000-06-23', 226.8),
(45, 298, 9, '2002-04-08', 145.8),
(27, 213, 10, '2004-10-22', 396),
(4, 601, 14, '2001-09-01', 630),
(5, 93, 2, '2002-06-23', 43.2),
(37, 93, 16, '1999-06-18', 576),
(46, 809, 6, '1998-07-08', 75.6),
(36, 257, 9, '1999-06-14', 364.5),
(28, 244, 2, '1999-07-22', 52.2),
(34, 716, 10, '2005-05-17', 117),
(27, 68, 16, '1998-06-18', 704),
(33, 586, 19, '2005-07-02', 666.9),
(44, 186, 3, '1998-01-09', 62.1),
(23, 804, 3, '2007-10-20', 116.1),
(19, 922, 1, '1998-01-05', 43.2),
(39, 979, 8, '2001-06-03', 295.2),
(23, 597, 16, '1999-03-13', 619.2),
(41, 611, 9, '1999-11-23', 380.7),
(7, 255, 6, '1998-02-07', 167.4),
(18, 995, 16, '2005-01-02', 475.2),
(14, 203, 11, '2007-06-03', 415.8),
(24, 10, 20, '2007-10-30', 608),
(20, 139, 16, '2003-12-28', 360),
(33, 418, 5, '2003-12-12', 175.5),
(5, 562, 8, '1998-01-08', 172.8),
(38, 947, 5, '2007-02-27', 207),
(43, 124, 16, '2001-07-08', 244.8),
(15, 461, 9, '1998-08-08', 89.1),
(17, 450, 9, '2004-11-14', 218.7),
(11, 349, 1, '2003-03-17', 33.3),
(1, 611, 8, '2007-03-01', 252),
(1, 262, 3, '2003-07-05', 94.5),
(27, 896, 19, '2005-03-01', 752.4),
(37, 680, 6, '2003-07-11', 216),
(34, 230, 18, '2002-02-02', 210.6),
(34, 984, 2, '2002-04-19', 23.4),
(27, 739, 3, '1998-01-05', 118.8),
(36, 348, 13, '2002-08-02', 526.5),
(23, 190, 6, '1999-08-18', 232.2),
(39, 908, 8, '2007-06-23', 295.2),
(46, 949, 13, '1998-11-09', 163.8),
(23, 489, 1, '1998-01-05', 38.7),
(45, 735, 7, '2000-05-31', 113.4),
(10, 95, 8, '2005-07-15', 72),
(39, 333, 17, NULL, 627.3),
(40, 399, 12, NULL, 172.8),
(32, 47, 6, '2003-04-29', 37.8),
(22, 291, 17, '2001-07-18', 520.2),
(22, 967, 14, NULL, 428.4),
(26, 154, 16, '2005-04-07', 86.4),
(35, 944, 5, '2003-04-12', 36),
(37, 198, 2, '2004-07-02', 72),
(11, 283, 11, '2006-10-02', 366.3),
(42, 880, 20, NULL, 396),
(39, 55, 14, '1998-12-28', 516.6),
(31, 20, 19, '1999-10-25', 359.1),
(42, 211, 15, '2007-02-21', 297),
(15, 440, 11, '2000-05-31', 108.9),
(25, 10, 20, '1998-08-06', 320),
(11, 499, 8, '2004-12-22', 266.4),
(41, 801, 18, '2005-05-16', 761.4),
(40, 773, 7, '2005-04-08', 100.8),
(42, 508, 14, '2000-12-05', 277.2),
(12, 584, 5, '1999-03-23', 144),
(10, 421, 3, '2004-01-12', 27),
(15, 966, 7, '1998-04-09', 69.3),
(6, 401, 4, '2007-05-16', 129.6),
(8, 360, 20, '2005-07-23', 270),
(35, 707, 5, '2004-02-25', 36),
(38, 418, 7, '2003-10-14', 289.8),
(24, 867, 6, '2005-03-16', 205.2),
(27, 834, 17, '1998-01-09', 673.2),
(34, 662, 15, '2005-03-18', 175.5),
(14, 619, 20, '1998-04-04', 756),
(31, 337, 20, '2006-03-10', 378),
(3, 639, 2, '2006-04-18', 16.2),
(34, 892, 2, '2002-08-18', 23.4),
(23, 667, 9, NULL, 348.3),
(34, 680, 3, '1998-03-09', 35.1),
(16, 41, 8, '1999-06-27', 129.2),
(9, 313, 7, '2002-06-05', 308.7),
(24, 710, 3, '1998-03-28', 102.6),
(17, 909, 16, '2001-05-11', 388.8),
(27, 945, 2, '2002-07-20', 79.2),
(31, 837, 3, '1998-08-13', 56.7),
(42, 928, 16, '2006-02-18', 316.8),
(44, 286, 18, '2003-10-23', 372.6),
(38, 4, 13, '2001-09-04', 538.2),
(17, 722, 12, '1998-01-06', 291.6),
(32, 6, 7, '1998-01-08', 44.1),
(16, 776, 13, NULL, 222.3),
(29, 214, 9, NULL, 210.6),
(5, 936, 4, NULL, 86.4),
(44, 503, 5, NULL, 103.5),
(35, 777, 12, NULL, 86.4),
(10, 994, 18, NULL, 162),
(23, 598, 3, NULL, 116.1),
(28, 728, 2, NULL, 52.2),
(19, 887, 12, NULL, 518.4),
(43, 299, 6, NULL, 91.8),
(22, 536, 5, NULL, 153),
(45, 207, 17, NULL, 275.4),
(22, 722, 13, NULL, 397.8),
(21, 780, 14, NULL, 352.8),
(13, 80, 3, NULL, 13.5);

-- 
-- Restore previous SQL mode
-- 
/*!40101 SET SQL_MODE=@OLD_SQL_MODE */;

-- 
-- Enable foreign keys
-- 
/*!40014 SET FOREIGN_KEY_CHECKS = @OLD_FOREIGN_KEY_CHECKS */;