﻿--
-- Script was generated by Devart dbForge Studio for MySQL, Version 8.0.40.0
-- Product home page: http://www.devart.com/dbforge/mysql/studio
-- Script date 26/01/2019 10:17:02
-- Server version: 5.5.5-10.1.30-MariaDB
-- Client version: 4.1
--

-- 
-- Disable foreign keys
-- 
/*!40014 SET @OLD_FOREIGN_KEY_CHECKS=@@FOREIGN_KEY_CHECKS, FOREIGN_KEY_CHECKS=0 */;

-- 
-- Set SQL mode
-- 
/*!40101 SET @OLD_SQL_MODE=@@SQL_MODE, SQL_MODE='NO_AUTO_VALUE_ON_ZERO' */;

-- 
-- Set character set the client will use to send SQL statements to the server
--
SET NAMES 'utf8';

--
-- Set default database
--
USE reservas;

--
-- Drop view `dosnumhotel`
--
DROP VIEW IF EXISTS dosnumhotel CASCADE;

--
-- Drop view `sumanumhabt`
--
DROP VIEW IF EXISTS sumanumhabt CASCADE;

--
-- Drop view `datosprimertrimestre`
--
DROP VIEW IF EXISTS datosprimertrimestre CASCADE;

--
-- Drop view `diasnumhotel`
--
DROP VIEW IF EXISTS diasnumhotel CASCADE;

--
-- Drop view `diastotaleshab`
--
DROP VIEW IF EXISTS diastotaleshab CASCADE;

--
-- Drop view `numhotelnumtiphabnumresmeshotel4`
--
DROP VIEW IF EXISTS numhotelnumtiphabnumresmeshotel4 CASCADE;

--
-- Drop view `numtiphabnumresmeshotel4`
--
DROP VIEW IF EXISTS numtiphabnumresmeshotel4 CASCADE;

--
-- Drop view `numresmeshotel4`
--
DROP VIEW IF EXISTS numresmeshotel4 CASCADE;

--
-- Drop view `meseshtel4`
--
DROP VIEW IF EXISTS meseshtel4 CASCADE;

--
-- Drop view `mesesreservas`
--
DROP VIEW IF EXISTS mesesreservas CASCADE;

--
-- Drop view `reservasyfechaini`
--
DROP VIEW IF EXISTS reservasyfechaini CASCADE;

--
-- Drop table `reserva`
--
DROP TABLE IF EXISTS reserva;

--
-- Drop table `cliente`
--
DROP TABLE IF EXISTS cliente;

--
-- Drop view `numhotelhotel4`
--
DROP VIEW IF EXISTS numhotelhotel4 CASCADE;

--
-- Drop table `tipo_habitacion`
--
DROP TABLE IF EXISTS tipo_habitacion;

--
-- Drop table `hotel`
--
DROP TABLE IF EXISTS hotel;

--
-- Set default database
--
USE reservas;

--
-- Create table `hotel`
--
CREATE TABLE hotel (
  NUM_HOTEL int(11) NOT NULL AUTO_INCREMENT,
  NOMBRE varchar(50) NOT NULL,
  CATEGORIA varchar(50) DEFAULT NULL,
  DOMICILIO varchar(50) DEFAULT NULL,
  LOCALIDAD varchar(50) DEFAULT NULL,
  PROVINCIA varchar(50) DEFAULT NULL,
  COD_POSTAL varchar(5) DEFAULT NULL,
  TELEFONO varchar(9) NOT NULL,
  PRIMARY KEY (NUM_HOTEL)
)
ENGINE = INNODB,
AUTO_INCREMENT = 101,
AVG_ROW_LENGTH = 163,
CHARACTER SET utf8,
COLLATE utf8_spanish_ci,
COMMENT = 'tabla de hoteles',
ROW_FORMAT = DYNAMIC;

--
-- Create table `tipo_habitacion`
--
CREATE TABLE tipo_habitacion (
  NUM_TIPOHAB int(11) NOT NULL AUTO_INCREMENT,
  NUM_HOTEL int(11) NOT NULL COMMENT 'clave foranea del hotel',
  NOMBRE varchar(20) NOT NULL,
  DESCRIPCION varchar(50) DEFAULT NULL,
  CANTIDAD int(11) NOT NULL COMMENT 'num. habitaciones disponible de este tipo',
  MAX_OCUPANTES int(11) NOT NULL COMMENT 'num. maximo de ocupantes',
  PRECIO float NOT NULL COMMENT 'importe por noche',
  PRIMARY KEY (NUM_TIPOHAB)
)
ENGINE = INNODB,
AUTO_INCREMENT = 101,
AVG_ROW_LENGTH = 163,
CHARACTER SET utf8,
COLLATE utf8_spanish_ci,
COMMENT = 'tipos de habitaciones de un hotel';

--
-- Create index `new_fk_constraint` on table `tipo_habitacion`
--
ALTER TABLE tipo_habitacion
ADD INDEX new_fk_constraint (NUM_HOTEL);

--
-- Create foreign key
--
ALTER TABLE tipo_habitacion
ADD CONSTRAINT FK_tipo_habitacion_hotel_NUM_HOTEL FOREIGN KEY (NUM_HOTEL)
REFERENCES hotel (NUM_HOTEL) ON DELETE CASCADE ON UPDATE CASCADE;

--
-- Create view `numhotelhotel4`
--
CREATE
DEFINER = 'root'@'localhost'
VIEW numhotelhotel4
AS
SELECT
  `th`.`NUM_TIPOHAB` AS `NUM_TIPOHAB`,
  `th`.`NUM_HOTEL` AS `NUM_HOTEL`,
  `th`.`NOMBRE` AS `NOMBRE`,
  `th`.`DESCRIPCION` AS `DESCRIPCION`,
  `th`.`CANTIDAD` AS `CANTIDAD`,
  `th`.`MAX_OCUPANTES` AS `MAX_OCUPANTES`,
  `th`.`PRECIO` AS `PRECIO`
FROM `tipo_habitacion` `th`
WHERE (`th`.`NUM_HOTEL` = 4);

--
-- Create table `cliente`
--
CREATE TABLE cliente (
  NUM_CLIENTE int(11) NOT NULL AUTO_INCREMENT,
  NOMBRE varchar(50) NOT NULL,
  NIF varchar(9) DEFAULT NULL,
  DOMICILIO varchar(50) DEFAULT NULL,
  LOCALIDAD varchar(50) DEFAULT NULL,
  PROVINCIA varchar(50) DEFAULT NULL,
  COD_POSTAL varchar(50) DEFAULT NULL,
  PRIMARY KEY (NUM_CLIENTE)
)
ENGINE = INNODB,
AUTO_INCREMENT = 101,
AVG_ROW_LENGTH = 163,
CHARACTER SET utf8,
COLLATE utf8_spanish_ci,
COMMENT = 'tabla de clientes';

--
-- Create table `reserva`
--
CREATE TABLE reserva (
  NUM_RESERVA int(11) NOT NULL AUTO_INCREMENT,
  NUM_CLIENTE int(11) NOT NULL,
  NUM_TIPOHAB int(11) NOT NULL,
  CANTIDAD int(11) NOT NULL COMMENT 'num. habitaciones reservadas',
  FECHA_INI date NOT NULL,
  FECHA_FIN date NOT NULL,
  PRIMARY KEY (NUM_RESERVA)
)
ENGINE = INNODB,
AUTO_INCREMENT = 101,
AVG_ROW_LENGTH = 163,
CHARACTER SET utf8,
COLLATE utf8_spanish_ci,
COMMENT = 'tabla de reservas';

--
-- Create index `cliente_reserva` on table `reserva`
--
ALTER TABLE reserva
ADD INDEX cliente_reserva (NUM_CLIENTE);

--
-- Create index `tipohab_reserva` on table `reserva`
--
ALTER TABLE reserva
ADD INDEX tipohab_reserva (NUM_TIPOHAB);

--
-- Create foreign key
--
ALTER TABLE reserva
ADD CONSTRAINT FK_reserva_cliente_NUM_CLIENTE FOREIGN KEY (NUM_CLIENTE)
REFERENCES cliente (NUM_CLIENTE) ON DELETE CASCADE ON UPDATE CASCADE;

--
-- Create foreign key
--
ALTER TABLE reserva
ADD CONSTRAINT FK_reserva_tipo_habitacion_NUM_TIPOHAB FOREIGN KEY (NUM_TIPOHAB)
REFERENCES tipo_habitacion (NUM_TIPOHAB) ON DELETE CASCADE ON UPDATE CASCADE;

--
-- Create view `reservasyfechaini`
--
CREATE
DEFINER = 'root'@'localhost'
VIEW reservasyfechaini
AS
SELECT
  `r`.`NUM_RESERVA` AS `NUM_RESERVA`,
  MONTH(`r`.`FECHA_INI`) AS `meses`
FROM `reserva` `r`;

--
-- Create view `mesesreservas`
--
CREATE
DEFINER = 'root'@'localhost'
VIEW mesesreservas
AS
SELECT
  `r`.`NUM_TIPOHAB` AS `NUM_TIPOHAB`,
  `r`.`FECHA_INI` AS `FECHA_INI`
FROM `reserva` `r`;

--
-- Create view `meseshtel4`
--
CREATE
DEFINER = 'root'@'localhost'
VIEW meseshtel4
AS
SELECT
  MONTH(`r`.`FECHA_INI`) AS `meses`
FROM (`reserva` `r`
  JOIN `numhotelhotel4` `hh`
    ON ((`r`.`NUM_TIPOHAB` = `hh`.`NUM_TIPOHAB`)));

--
-- Create view `numresmeshotel4`
--
CREATE
DEFINER = 'root'@'localhost'
VIEW numresmeshotel4
AS
SELECT
  `yi`.`NUM_RESERVA` AS `num_reserva`
FROM (`reservasyfechaini` `yi`
  JOIN `meseshtel4` `h`
    ON ((`yi`.`meses` = `h`.`meses`)));

--
-- Create view `numtiphabnumresmeshotel4`
--
CREATE
DEFINER = 'root'@'localhost'
VIEW numtiphabnumresmeshotel4
AS
SELECT
  `r`.`NUM_RESERVA` AS `NUM_RESERVA`,
  `r`.`NUM_CLIENTE` AS `NUM_CLIENTE`,
  `r`.`NUM_TIPOHAB` AS `NUM_TIPOHAB`,
  `r`.`CANTIDAD` AS `CANTIDAD`,
  `r`.`FECHA_INI` AS `FECHA_INI`,
  `r`.`FECHA_FIN` AS `FECHA_FIN`
FROM (`reserva` `r`
  JOIN `numresmeshotel4` `rmh`
    ON ((`r`.`NUM_RESERVA` = `rmh`.`num_reserva`)));

--
-- Create view `numhotelnumtiphabnumresmeshotel4`
--
CREATE
DEFINER = 'root'@'localhost'
VIEW numhotelnumtiphabnumresmeshotel4
AS
SELECT
  `th`.`NUM_HOTEL` AS `NUM_HOTEL`
FROM (`tipo_habitacion` `th`
  JOIN `numtiphabnumresmeshotel4`
    ON ((`th`.`NUM_TIPOHAB` = `numtiphabnumresmeshotel4`.`NUM_TIPOHAB`)));

--
-- Create view `diastotaleshab`
--
CREATE
DEFINER = 'root'@'localhost'
VIEW diastotaleshab
AS
SELECT
  `r`.`NUM_TIPOHAB` AS `NUM_TIPOHAB`,
  SUM((TO_DAYS(`r`.`FECHA_FIN`) - TO_DAYS(`r`.`FECHA_INI`))) AS `dias`
FROM `reserva` `r`
GROUP BY `r`.`NUM_TIPOHAB`;

--
-- Create view `diasnumhotel`
--
CREATE
DEFINER = 'root'@'localhost'
VIEW diasnumhotel
AS
SELECT
  `th`.`NUM_HOTEL` AS `NUM_HOTEL`,
  `th1`.`dias` AS `dias`
FROM (`tipo_habitacion` `th`
  JOIN `diastotaleshab` `th1`
    ON ((`th`.`NUM_TIPOHAB` = `th1`.`NUM_TIPOHAB`)));

--
-- Create view `datosprimertrimestre`
--
CREATE
DEFINER = 'root'@'localhost'
VIEW datosprimertrimestre
AS
SELECT
  `r`.`NUM_RESERVA` AS `NUM_RESERVA`,
  `r`.`NUM_CLIENTE` AS `NUM_CLIENTE`,
  `r`.`NUM_TIPOHAB` AS `NUM_TIPOHAB`,
  `r`.`CANTIDAD` AS `CANTIDAD`,
  `r`.`FECHA_INI` AS `FECHA_INI`,
  `r`.`FECHA_FIN` AS `FECHA_FIN`
FROM `reserva` `r`
WHERE (QUARTER(`r`.`FECHA_INI`) = 1);

--
-- Create view `sumanumhabt`
--
CREATE
DEFINER = 'root'@'localhost'
VIEW sumanumhabt
AS
SELECT
  `pt`.`NUM_TIPOHAB` AS `num_tipohab`,
  SUM(`pt`.`CANTIDAD`) AS `habitaciones`
FROM `datosprimertrimestre` `pt`
GROUP BY `pt`.`NUM_TIPOHAB`;

--
-- Create view `dosnumhotel`
--
CREATE
DEFINER = 'root'@'localhost'
VIEW dosnumhotel
AS
SELECT
  `th`.`NUM_HOTEL` AS `NUM_HOTEL`,
  SUM(`nh`.`habitaciones`) AS `habitacionesHotel`
FROM (`tipo_habitacion` `th`
  JOIN `sumanumhabt` `nh`
    ON ((`th`.`NUM_TIPOHAB` = `nh`.`num_tipohab`)))
GROUP BY `th`.`NUM_HOTEL`
ORDER BY SUM(`nh`.`habitaciones`) DESC LIMIT 2;

-- 
-- Dumping data for table hotel
--
INSERT INTO hotel VALUES
(1, 'Elit Industries', '2', '3679 Faucibus Avenue', 'Almería', 'Andalucía', '83145', '993868764'),
(2, 'Phasellus Nulla Company', '1', '6173 Eu, St.', 'Fuenlabrada', 'Madrid', '56523', '956307827'),
(3, 'Porttitor Vulputate LLC', '4', '5380 Purus. Road', 'Marbella', 'Andalucía', '10423', '916549059'),
(4, 'Non Arcu Vivamus Incorporated', '4', 'P.O. Box 574, 4944 Molestie. Road', 'Palma de Mallorca', 'Illes Balears', '61718', '984322112'),
(5, 'Tempor Augue Ac LLC', '4', '516 Luctus Road', 'Mataró', 'Catalunya', '75591', '930428286'),
(6, 'Ac Industries', '5', '746-8046 Viverra. Av.', 'Sabadell', 'Catalunya', '85154', '952213150'),
(7, 'Cras Vehicula Incorporated', '4', '721-6243 Ultricies Ave', 'Barcelona', 'Catalunya', '69166', '935428885'),
(8, 'Odio LLC', '4', 'P.O. Box 115, 4458 Mauris Ave', 'Granada', 'Andalucía', '43675', '967736533'),
(9, 'Sit Amet Consectetuer LLP', '3', '674-1501 Cursus Road', 'Cáceres', 'Extremadura', '17331', '995995202'),
(10, 'Amet Risus LLP', '3', '3943 Phasellus Avenue', 'Guadalajara', 'Castilla - La Mancha', '09977', '951462965'),
(11, 'Erat Incorporated', '3', '712-920 Feugiat Rd.', 'Madrid', 'Madrid', '28594', '908653228'),
(12, 'Arcu Industries', '2', '954-5792 Fusce Street', 'Cartagena', 'Murcia', '38759', '995114811'),
(13, 'Nisl Institute', '5', '982-7610 Sed St.', 'Zaragoza', 'Aragón', '04220', '975489402'),
(14, 'Turpis Vitae Corporation', '2', '551-7484 Dui. St.', 'Castelló', 'Comunitat Valenciana', '25631', '947260755'),
(15, 'Suspendisse Tristique Neque Inc.', '1', 'P.O. Box 384, 3567 Sagittis Rd.', 'Torrevieja', 'Comunitat Valenciana', '90623', '997350789'),
(16, 'Vitae Consulting', '3', '9056 Lectus Rd.', 'Toledo', 'Castilla - La Mancha', '45329', '951181075'),
(17, 'Tempus Scelerisque LLP', '4', '221-5134 Magna Street', 'Vigo', 'Galicia', '18218', '933980630'),
(18, 'Fermentum Corp.', '3', 'Ap #899-3083 Suspendisse Avenue', 'Tarrasa', 'Catalunya', '35349', '916142708'),
(19, 'Sapien Molestie Corp.', '4', 'Ap #619-8223 Quam, Rd.', 'Valéncia', 'Comunitat Valenciana', '53410', '966508328'),
(20, 'Gravida Nunc Sed Foundation', '3', 'P.O. Box 526, 3723 Dictum Street', 'Córdoba', 'Andalucía', '03876', '919272491'),
(21, 'Urna Vivamus Corporation', '2', 'P.O. Box 388, 6575 Interdum Road', 'Murcia', 'Murcia', '30773', '920596673'),
(22, 'Luctus Corp.', '2', 'P.O. Box 720, 3130 Id, Road', 'Getafe', 'Madrid', '26299', '929851669'),
(23, 'Rutrum Institute', '3', 'P.O. Box 443, 3891 Sem Avenue', 'Castelló', 'Comunitat Valenciana', '84229', '975930243'),
(24, 'Interdum Feugiat Sed Industries', '4', '588-4172 Luctus, Ave', 'Santander', 'Cantabria', '60651', '976665585'),
(25, 'In At Corp.', '5', 'Ap #481-7520 Quam St.', 'Tarrasa', 'Catalunya', '86369', '927352088'),
(26, 'Donec Fringilla Consulting', '2', 'P.O. Box 741, 7622 Mi St.', 'Cádiz', 'Andalucía', '01451', '927554825'),
(27, 'Malesuada Augue Ut Company', '3', 'P.O. Box 708, 4094 Non, Rd.', 'Ourense', 'Galicia', '78905', '974658712'),
(28, 'Sit Foundation', '1', '596-9658 Amet, Road', 'Ciudad Real', 'Castilla - La Mancha', '12469', '939356392'),
(29, 'Eu Euismod Ltd', '1', 'Ap #649-3793 Nec Avenue', 'Sabadell', 'Catalunya', '73936', '946464716'),
(30, 'Proin PC', '5', 'P.O. Box 505, 6358 Tempor Road', 'Mataró', 'Catalunya', '43919', '986454434'),
(31, 'Nunc Sollicitudin LLP', '1', '241-6881 Mus. Avenue', 'Logroño', 'La Rioja', '42128', '963485233'),
(32, 'Cursus A Enim Limited', '5', '3569 Mauris, St.', 'Valéncia', 'Comunitat Valenciana', '37644', '907671421'),
(33, 'Erat Nonummy Ultricies Inc.', '1', 'P.O. Box 206, 9228 Hendrerit. Ave', 'Alcobendas', 'Madrid', '73612', '921417651'),
(34, 'Ornare Associates', '1', '5675 Dui St.', 'Teruel', 'Aragón', '87751', '968152148'),
(35, 'Elit Industries', '4', '5046 Nisi Street', 'Tarrasa', 'Catalunya', '47469', '901240637'),
(36, 'Sed Dictum Proin Ltd', '5', 'P.O. Box 404, 9104 Mi, Street', 'Móstoles', 'Madrid', '00960', '938243638'),
(37, 'Tincidunt Nibh Phasellus Corp.', '2', '5024 Cum St.', 'Alacant', 'Comunitat Valenciana', '52174', '963320768'),
(38, 'Aliquam Enim Nec Incorporated', '2', '9991 Mauris Avenue', 'Sabadell', 'Catalunya', '11027', '945503570'),
(39, 'Donec Tempus Lorem Limited', '5', 'P.O. Box 708, 9341 Ut Avenue', 'Gasteiz', 'Euskadi', '05018', '900134558'),
(40, 'Dolor LLC', '1', '214-1248 Interdum Street', 'Pamplona', 'Navarra', '09032', '937512082'),
(41, 'Praesent Limited', '3', 'Ap #211-162 Dictum Rd.', 'Zamora', 'Castilla y León', '95808', '903368584'),
(42, 'Dictum Eleifend Industries', '1', 'P.O. Box 170, 953 Cras Av.', 'Bilbo', 'Euskadi', '41344', '983985187'),
(43, 'Vitae Odio Sagittis LLP', '2', 'Ap #750-5916 Risus Road', 'Castelló', 'Comunitat Valenciana', '60669', '920472793'),
(44, 'Ipsum Nunc Company', '1', 'P.O. Box 310, 3793 Ut St.', 'Alcorcón', 'Madrid', '13309', '928449441'),
(45, 'Accumsan Convallis Limited', '4', '375-972 Luctus, St.', 'Baracaldo', 'Euskadi', '24044', '986453818'),
(46, 'Magnis Dis LLP', '5', '7033 Euismod Av.', 'Getafe', 'Madrid', '10734', '902973335'),
(47, 'Nonummy Ltd', '4', '746-5524 Ligula Rd.', 'Palma de Mallorca', 'Illes Balears', '83954', '901686432'),
(48, 'Sed Foundation', '1', '5733 Euismod Street', 'Móstoles', 'Madrid', '60190', '997295880'),
(49, 'Semper Tellus Associates', '2', 'Ap #558-9252 Eleifend Road', 'Barcelona', 'Catalunya', '04839', '976895653'),
(50, 'Sit Corporation', '5', '584-5480 Felis Road', 'Santander', 'Cantabria', '16788', '910450482'),
(51, 'Velit Quisque Associates', '5', 'Ap #920-1484 A Street', 'Gijón', 'Principado de Asturias', '91823', '927209548'),
(52, 'In Hendrerit Incorporated', '2', '1676 At Rd.', 'Cáceres', 'Extremadura', '08801', '932619917'),
(53, 'Ultricies Adipiscing Industries', '5', '9929 Auctor Rd.', 'Málaga', 'Andalucía', '71649', '980213061'),
(54, 'Non Institute', '4', 'Ap #649-4412 Aliquam Street', 'Las Palmas', 'Canarias', '39219', '982544485'),
(55, 'Nisl Quisque Corp.', '2', 'Ap #979-7746 Vel Street', 'Vigo', 'Galicia', '36048', '902552594'),
(56, 'Mauris Eu Turpis Associates', '2', '8245 Ridiculus Rd.', 'Toledo', 'Castilla - La Mancha', '46467', '937100734'),
(57, 'Fringilla Associates', '1', 'P.O. Box 909, 1780 Phasellus Road', 'Tarrasa', 'Catalunya', '73952', '937121002'),
(58, 'Malesuada Associates', '3', '864-1321 Phasellus Rd.', 'Gijón', 'Principado de Asturias', '66114', '910964695'),
(59, 'Dictum Cursus LLC', '2', '3938 Nec, St.', 'Alcalá de Henares', 'Madrid', '60866', '993552053'),
(60, 'Egestas Rhoncus Proin Ltd', '2', 'P.O. Box 682, 6961 Quis Road', 'Valladolid', 'Castilla y León', '91935', '946809055'),
(61, 'Justo Eu Arcu LLP', '3', '850-5376 Non, Road', 'Leganés', 'Madrid', '10330', '900549834'),
(62, 'Semper Pretium LLC', '3', 'P.O. Box 596, 8052 Et, Avenue', 'Mataró', 'Catalunya', '40761', '983529517'),
(63, 'Enim Curabitur PC', '2', 'P.O. Box 230, 9858 Mattis Rd.', 'Sabadell', 'Catalunya', '27302', '907568746'),
(64, 'Mauris Sit Amet Ltd', '5', '6356 Integer Road', 'Baracaldo', 'Euskadi', '01013', '981757690'),
(65, 'Id Ante Dictum Corp.', '2', '646-8399 Egestas Rd.', 'Elx', 'Comunitat Valenciana', '23135', '957219686'),
(66, 'Gravida PC', '1', 'Ap #579-245 Duis St.', 'Gijón', 'Principado de Asturias', '18644', '937467168'),
(67, 'Hendrerit Inc.', '1', 'P.O. Box 656, 8105 Arcu. Rd.', 'Reus', 'Catalunya', '35794', '924114281'),
(68, 'Cursus Purus LLC', '4', '622-3313 Vulputate, Road', 'Melilla', 'Melilla', '49093', '947633971'),
(69, 'Sed Incorporated', '1', 'Ap #205-1397 Et Rd.', 'Alacant', 'Comunitat Valenciana', '84306', '924869586'),
(70, 'Nisi Sem Semper Inc.', '5', '9507 Et, Rd.', 'L''Hospitalet de Llobregat', 'Catalunya', '91073', '913655590'),
(71, 'Sed Ltd', '5', '210-8686 Justo Ave', 'Elx', 'Comunitat Valenciana', '11850', '903635376'),
(72, 'Risus Donec Limited', '1', '7421 Lacinia Road', 'Telde', 'Canarias', '82698', '924997356'),
(73, 'Ac Mi Eleifend LLP', '2', 'P.O. Box 393, 6689 Eu Street', 'San Cristóbal de la Laguna', 'Canarias', '09755', '958383446'),
(74, 'Vestibulum Nec Corporation', '2', 'Ap #320-5484 Sit Street', 'Madrid', 'Madrid', '70535', '975428476'),
(75, 'Non LLC', '2', '766-3857 Ullamcorper, St.', 'Jerez de la Frontera', 'Andalucía', '16253', '914178950'),
(76, 'Libero Mauris LLP', '5', '4992 Ut Rd.', 'Murcia', 'Murcia', '23724', '946200804'),
(77, 'Placerat Inc.', '3', 'Ap #477-473 Lobortis, Avenue', 'Valladolid', 'Castilla y León', '12130', '971526626'),
(78, 'Donec Porttitor Corp.', '1', '9536 Erat St.', 'Jaén', 'Andalucía', '71363', '973691395'),
(79, 'Morbi Quis Associates', '2', '1677 Fusce Rd.', 'Pamplona', 'Navarra', '05491', '990469302'),
(80, 'Integer Vulputate Risus Corporation', '3', 'P.O. Box 795, 8794 Lorem St.', 'Las Palmas', 'Canarias', '85580', '987537267'),
(81, 'Suspendisse Tristique Corp.', '4', '282-1185 Praesent St.', 'Dos Hermanas', 'Andalucía', '51879', '912595700'),
(82, 'Proin Vel Arcu Foundation', '1', '8403 Nulla Rd.', 'Alcorcón', 'Madrid', '88708', '997277530'),
(83, 'Fusce Inc.', '4', 'Ap #669-3413 Magna, Rd.', 'Santa Coloma de Gramenet', 'Catalunya', '98874', '917525274'),
(84, 'Est Institute', '2', '199-2962 Tristique St.', 'Alcalá de Henares', 'Madrid', '01874', '947171553'),
(85, 'Donec Est PC', '1', 'P.O. Box 808, 2120 Sodales. Av.', 'Madrid', 'Madrid', '53617', '989127332'),
(86, 'Massa Mauris Ltd', '2', 'Ap #899-1662 Aliquam Street', 'Alacant', 'Comunitat Valenciana', '19136', '993161901'),
(87, 'Montes Nascetur Associates', '5', '109-8334 Risus. St.', 'Zaragoza', 'Aragón', '81025', '906799262'),
(88, 'Donec Tempus Lorem Associates', '5', '981-6096 Lorem Avenue', 'Palma de Mallorca', 'Illes Balears', '34854', '956305418'),
(89, 'In Ornare Ltd', '4', '1808 Purus Av.', 'Móstoles', 'Madrid', '68567', '906808744'),
(90, 'Natoque Consulting', '1', '579-2844 Ultricies St.', 'Móstoles', 'Madrid', '97353', '958334402'),
(91, 'Dui Fusce Corporation', '2', 'P.O. Box 963, 7296 Vivamus Ave', 'Toledo', 'Castilla - La Mancha', '51481', '926545821'),
(92, 'Nunc Ltd', '3', '3110 Ultrices St.', 'Ourense', 'Galicia', '46529', '916536775'),
(93, 'Urna Justo LLC', '1', 'P.O. Box 372, 9181 Sagittis. St.', 'Cáceres', 'Extremadura', '34288', '912374258'),
(94, 'Vivamus Non Inc.', '4', 'Ap #434-9569 Vivamus Av.', 'Palencia', 'Castilla y León', '65552', '955183175'),
(95, 'Suspendisse Sagittis Nullam LLC', '2', 'P.O. Box 472, 5265 Pede, Road', 'Jerez de la Frontera', 'Andalucía', '89752', '970187639'),
(96, 'Eu Tellus Incorporated', '1', '1066 Mauris Rd.', 'Dos Hermanas', 'Andalucía', '37891', '979269025'),
(97, 'Vulputate Eu Company', '5', '157-5422 Vitae Av.', 'Almería', 'Andalucía', '10152', '969234712'),
(98, 'Pellentesque Habitant Consulting', '2', '712-4093 Lacus. Rd.', 'Cádiz', 'Andalucía', '22810', '937268466'),
(99, 'In Faucibus Orci Ltd', '2', 'P.O. Box 225, 7747 Sed Street', 'Teruel', 'Aragón', '59261', '917752501'),
(100, 'Sed Nulla Ante Institute', '1', '419-3461 Magna Av.', 'Alcalá de Henares', 'Madrid', '68820', '925447136');

-- 
-- Dumping data for table tipo_habitacion
--
INSERT INTO tipo_habitacion VALUES
(1, 5, 'Sodales Mauris Bland', 'malesuada. Integer id magna et ipsum cursus vestib', 1, 4, 0),
(2, 2, 'Accumsan Interdum Li', 'non, luctus sit amet, faucibus ut, nulla. Cras eu ', 4, 4, 0),
(3, 10, 'Diam Duis LLC', 'Cum sociis natoque penatibus et magnis dis parturi', 7, 2, 0),
(4, 4, 'Vel LLP', 'Morbi vehicula. Pellentesque tincidunt tempus risu', 2, 4, 0),
(5, 8, 'Enim Gravida Limited', 'Etiam laoreet, libero et tristique pellentesque, t', 10, 3, 0),
(6, 1, 'Id Corp.', 'ullamcorper viverra. Maecenas iaculis aliquet diam', 2, 4, 0),
(7, 3, 'Vitae Limited', 'fringilla. Donec feugiat metus sit amet ante. Viva', 4, 6, 0),
(8, 5, 'Justo Foundation', 'magna. Duis dignissim tempor arcu. Vestibulum ut e', 9, 3, 0),
(9, 7, 'Eget Laoreet Posuere', 'vestibulum lorem, sit amet ultricies sem magna nec', 5, 6, 0),
(10, 3, 'Placerat LLP', 'lectus pede, ultrices a, auctor non, feugiat nec, ', 8, 6, 0),
(11, 4, 'Turpis Nulla Foundat', 'Morbi quis urna. Nunc quis arcu vel quam dignissim', 1, 3, 0),
(12, 2, 'Nunc Incorporated', 'sed dui. Fusce aliquam, enim nec tempus scelerisqu', 2, 5, 0),
(13, 2, 'Neque Et Nunc Compan', 'Phasellus fermentum convallis ligula. Donec luctus', 9, 4, 0),
(14, 5, 'Suspendisse Non Leo ', 'mattis. Integer eu lacus. Quisque imperdiet, erat ', 3, 4, 0),
(15, 5, 'Egestas A Limited', 'cubilia Curae; Phasellus ornare. Fusce mollis. Dui', 10, 5, 0),
(16, 8, 'Lorem Corporation', 'blandit viverra. Donec tempus, lorem fringilla orn', 3, 5, 0),
(17, 10, 'Laoreet Posuere Enim', 'Vestibulum ante ipsum primis in faucibus orci luct', 1, 5, 0),
(18, 2, 'Quis Diam Consulting', 'Maecenas ornare egestas ligula. Nullam feugiat pla', 3, 5, 0),
(19, 1, 'Magna Industries', 'augue ac ipsum. Phasellus vitae mauris sit amet lo', 3, 3, 0),
(20, 1, 'Etiam Ligula Tortor ', 'accumsan laoreet ipsum. Curabitur consequat, lectu', 3, 4, 0),
(21, 7, 'Non Hendrerit Inc.', 'nunc ac mattis ornare, lectus ante dictum mi, ac m', 1, 4, 0),
(22, 5, 'Urna Ut PC', 'consectetuer rhoncus. Nullam velit dui, semper et,', 6, 4, 0),
(23, 10, 'Aliquam Ultrices Iac', 'Integer mollis. Integer tincidunt aliquam arcu. Al', 8, 4, 0),
(24, 2, 'Eu Nibh Inc.', 'ac, eleifend vitae, erat. Vivamus nisi. Mauris nul', 2, 4, 0),
(25, 10, 'Sapien Aenean Massa ', 'ligula tortor, dictum eu, placerat', 6, 2, 0),
(26, 1, 'Purus Associates', 'Nulla tincidunt, neque vitae semper egestas, urna ', 8, 3, 0),
(27, 9, 'Elit Nulla Associate', 'Nunc mauris elit, dictum eu, eleifend nec, malesua', 4, 5, 0),
(28, 9, 'Arcu Vestibulum Ut I', 'magna. Ut tincidunt orci quis lectus. Nullam susci', 3, 3, 0),
(29, 5, 'Lorem Ltd', 'sociis natoque penatibus et magnis dis parturient ', 9, 2, 0),
(30, 4, 'Auctor Non LLC', 'cursus. Integer mollis. Integer tincidunt aliquam ', 5, 6, 0),
(31, 7, 'Laoreet LLC', 'felis orci, adipiscing non, luctus sit amet, fauci', 6, 4, 0),
(32, 4, 'Facilisis Non Instit', 'nulla magna, malesuada vel, convallis in, cursus e', 5, 5, 0),
(33, 1, 'In Mi Industries', 'dapibus id, blandit at, nisi. Cum sociis natoque p', 6, 2, 0),
(34, 8, 'A Feugiat Consulting', 'Cras dictum ultricies ligula. Nullam enim. Sed nul', 6, 2, 0),
(35, 5, 'Lorem LLP', 'tempor erat neque non quam. Pellentesque habitant ', 10, 2, 0),
(36, 8, 'Integer Inc.', 'Sed nulla ante, iaculis nec, eleifend non, dapibus', 10, 2, 0),
(37, 10, 'Dignissim Incorporat', 'Nulla dignissim. Maecenas ornare egestas ligula. N', 7, 3, 0),
(38, 5, 'Libero Dui LLP', 'quis arcu vel quam dignissim pharetra. Nam ac null', 6, 6, 0),
(39, 10, 'Eu Eleifend Limited', 'amet nulla. Donec non justo. Proin non massa non a', 4, 4, 0),
(40, 8, 'Nunc PC', 'Donec fringilla. Donec feugiat metus sit amet ante', 6, 6, 0),
(41, 9, 'Vulputate Eu PC', 'feugiat tellus lorem eu metus. In lorem. Donec ele', 1, 4, 0),
(42, 10, 'Nunc Lectus PC', 'Duis sit amet diam eu dolor egestas rhoncus. Proin', 1, 2, 0),
(43, 10, 'Habitant Morbi Trist', 'ac mi eleifend egestas. Sed pharetra, felis eget v', 1, 6, 0),
(44, 9, 'Libero Est Congue Co', 'quam,', 5, 3, 0),
(45, 2, 'Lorem Eget Mollis Co', 'nec urna', 4, 4, 0),
(46, 8, 'Nostra Per Consultin', 'ridiculus mus. Proin vel arcu eu odio tristique ph', 3, 4, 0),
(47, 4, 'Egestas Corporation', 'consectetuer adipiscing elit. Curabitur sed tortor', 1, 2, 0),
(48, 2, 'Amet Dapibus Corpora', 'Duis elementum, dui quis accumsan convallis, ante ', 3, 4, 0),
(49, 5, 'Enim Gravida PC', 'quis arcu vel quam dignissim pharetra. Nam ac null', 9, 3, 0),
(50, 7, 'Interdum Nunc Sollic', 'dui, semper et, lacinia vitae, sodales at, velit. ', 2, 5, 0),
(51, 9, 'Viverra Company', 'Donec tempus, lorem fringilla ornare placerat, orc', 6, 3, 0),
(52, 6, 'Sit Amet LLP', 'auctor vitae, aliquet nec, imperdiet nec, leo. Mor', 3, 5, 0),
(53, 9, 'Morbi Vehicula Pelle', 'Donec vitae erat vel pede blandit congue. In scele', 2, 5, 0),
(54, 3, 'Interdum Enim Non Co', 'risus. Nunc ac sem ut dolor dapibus gravida. Aliqu', 8, 3, 0),
(55, 2, 'Sed Neque Corp.', 'consequat enim diam vel arcu. Curabitur ut odio ve', 4, 4, 0),
(56, 9, 'Elementum Industries', 'a odio semper cursus. Integer mollis. Integer tinc', 4, 5, 0),
(57, 2, 'Varius Nam Corporati', 'Donec porttitor tellus non magna. Nam ligula elit,', 7, 4, 0),
(58, 9, 'Libero At Associates', 'mollis. Integer tincidunt aliquam arcu. Aliquam ul', 7, 5, 0),
(59, 8, 'Auctor Quis Tristiqu', 'enim, sit amet ornare lectus justo eu arcu. Morbi ', 6, 3, 0),
(60, 1, 'Ut Aliquam Iaculis I', 'Donec est mauris, rhoncus id, mollis nec, cursus a', 4, 2, 0),
(61, 2, 'Sit Corporation', 'tincidunt orci quis lectus. Nullam suscipit, est a', 5, 5, 0),
(62, 6, 'Id Erat LLC', 'ipsum sodales purus, in molestie tortor nibh sit a', 5, 2, 0),
(63, 10, 'Morbi Foundation', 'egestas a, scelerisque sed, sapien. Nunc pulvinar ', 10, 6, 0),
(64, 5, 'Ut Cursus Luctus Ind', 'Donec est. Nunc ullamcorper, velit in aliquet lobo', 5, 5, 0),
(65, 4, 'Nulla Industries', 'Duis elementum, dui quis accumsan convallis, ante ', 3, 6, 0),
(66, 8, 'Eros Limited', 'nonummy. Fusce fermentum fermentum arcu.', 7, 3, 0),
(67, 5, 'Massa Corporation', 'auctor non, feugiat nec, diam. Duis mi', 9, 5, 0),
(68, 4, 'In LLC', 'aliquam eros turpis non enim. Mauris quis turpis v', 6, 3, 0),
(69, 3, 'Dui Nec Urna Incorpo', 'egestas. Aliquam nec enim. Nunc ut erat. Sed nunc ', 4, 4, 0),
(70, 10, 'Lectus Nullam Suscip', 'pretium neque. Morbi quis urna. Nunc', 5, 2, 0),
(71, 6, 'Id Mollis LLP', 'pede, malesuada vel, venenatis vel, faucibus id, l', 6, 6, 0),
(72, 6, 'Suspendisse Tristiqu', 'volutpat nunc sit amet metus. Aliquam erat volutpa', 8, 5, 0),
(73, 6, 'Molestie In Tempus L', 'ullamcorper eu, euismod ac, fermentum vel, mauris.', 3, 2, 0),
(74, 5, 'Molestie Corp.', 'Suspendisse ac metus vitae velit egestas lacinia. ', 6, 5, 0),
(75, 8, 'Proin Mi Aliquam Ltd', 'eros. Nam consequat dolor vitae dolor. Donec fring', 6, 4, 0),
(76, 8, 'Cursus Non Company', 'a odio semper cursus. Integer mollis. Integer tinc', 4, 4, 0),
(77, 10, 'Vel Pede Blandit Inc', 'mi enim, condimentum eget, volutpat ornare, facili', 7, 2, 0),
(78, 2, 'Aliquam Enim Ltd', 'ut nisi a odio semper cursus. Integer mollis. Inte', 7, 4, 0),
(79, 6, 'Tellus Associates', 'malesuada. Integer id magna et ipsum cursus vestib', 1, 5, 0),
(80, 2, 'Eu Limited', 'at arcu. Vestibulum ante ipsum primis in faucibus ', 5, 4, 0),
(81, 7, 'Urna Ut Industries', 'hendrerit id, ante. Nunc mauris sapien, cursus in,', 9, 2, 0),
(82, 4, 'Dictum Ultricies Ins', 'dictum cursus. Nunc mauris elit, dictum eu, eleife', 4, 6, 0),
(83, 1, 'Facilisis Corp.', 'elit elit fermentum risus, at fringilla purus maur', 1, 4, 0),
(84, 9, 'Nostra Per Inceptos ', 'cursus vestibulum. Mauris magna. Duis dignissim te', 7, 2, 0),
(85, 8, 'Nullam Enim LLC', 'nec tellus. Nunc lectus pede, ultrices a, auctor n', 3, 5, 0),
(86, 1, 'Egestas PC', 'hendrerit. Donec porttitor tellus non magna. Nam l', 6, 4, 0),
(87, 4, 'Ullamcorper Limited', 'semper erat, in consectetuer ipsum nunc id enim. C', 9, 3, 0),
(88, 2, 'Scelerisque Ltd', 'vel pede blandit congue. In scelerisque scelerisqu', 2, 6, 0),
(89, 7, 'Dignissim Foundation', 'sem. Nulla interdum. Curabitur dictum. Phasellus i', 1, 5, 0),
(90, 5, 'Enim Gravida Sit Lim', 'quis urna. Nunc quis arcu vel quam dignissim phare', 4, 3, 0),
(91, 8, 'Gravida Praesent Fou', 'sollicitudin a, malesuada id, erat. Etiam vestibul', 8, 6, 0),
(92, 5, 'Dui Nec Tempus LLC', 'pede sagittis augue, eu tempor erat neque non quam', 6, 5, 0),
(93, 10, 'Vivamus Incorporated', 'ac nulla. In tincidunt congue turpis. In condiment', 10, 6, 0),
(94, 5, 'Phasellus Fermentum ', 'Donec sollicitudin adipiscing ligula. Aenean gravi', 10, 5, 0),
(95, 2, 'Convallis Convallis ', 'mauris ipsum porta elit, a feugiat tellus lorem', 6, 4, 0),
(96, 6, 'Et Tristique Industr', 'Cum sociis natoque penatibus et magnis dis parturi', 10, 3, 0),
(97, 7, 'Nam Nulla Inc.', 'nec tempus mauris erat eget ipsum. Suspendisse sag', 5, 5, 0),
(98, 2, 'Posuere Cubilia Cura', 'Nunc commodo auctor velit. Aliquam nisl. Nulla eu ', 10, 3, 0),
(99, 9, 'Nunc Mauris Associat', 'non sapien molestie orci tincidunt adipiscing. Mau', 7, 4, 0),
(100, 1, 'Vel LLC', 'at, velit. Pellentesque ultricies dignissim lacus.', 7, 2, 0);

-- 
-- Dumping data for table cliente
--
INSERT INTO cliente VALUES
(1, 'Vivian', '56156246N', 'Ap #938-6548 Ligula. Rd.', 'Bilbo', 'Euskadi', '91057'),
(2, 'Kirsten', '35376357W', 'Ap #109-7457 Pellentesque Street', 'Girona', 'Catalunya', '36969'),
(3, 'Elizabeth', '44395887L', '915-4205 Ante Rd.', 'Huesca', 'Aragón', '90203'),
(4, 'Yael', '18369558N', '1037 Et Rd.', 'Getafe', 'Madrid', '61324'),
(5, 'Austin', '28032445S', '181-2902 Aliquam Av.', 'Alcobendas', 'Madrid', '12779'),
(6, 'Cade', '21704663V', '711-4695 Morbi St.', 'Valladolid', 'Castilla y León', '20533'),
(7, 'Sean', '48708766T', '2844 Laoreet Av.', 'Reus', 'Catalunya', '33158'),
(8, 'Cairo', '69205446M', 'P.O. Box 579, 9676 Urna Ave', 'Baracaldo', 'Euskadi', '84786'),
(9, 'Oren', '33505436Q', '1442 Dui, Avenue', 'Parla', 'Madrid', '63257'),
(10, 'Cain', '81389075C', 'Ap #890-1944 Vel Road', 'Castelló', 'Comunitat Valenciana', '67637'),
(11, 'Galena', '27373133V', '2862 Fringilla Rd.', 'Cáceres', 'Extremadura', '25007'),
(12, 'Rogan', '21539751I', '646-2300 Mi Rd.', 'Elx', 'Comunitat Valenciana', '89801'),
(13, 'Cherokee', '90798200W', '325-9344 Neque Rd.', 'Zaragoza', 'Aragón', '91723'),
(14, 'Quentin', '06331298N', '7896 Lectus Road', 'Cáceres', 'Extremadura', '08944'),
(15, 'Jason', '92007883S', '922-2122 Odio. St.', 'Ourense', 'Galicia', '51644'),
(16, 'Vladimir', '49792039X', 'P.O. Box 882, 3811 Nulla Av.', 'A Coruña', 'Galicia', '97533'),
(17, 'Cedric', '50941901J', '1380 Nec Av.', 'Alacant', 'Comunitat Valenciana', '87127'),
(18, 'Nathaniel', '79095077O', 'Ap #351-5404 Vitae, St.', 'Teruel', 'Aragón', '59742'),
(19, 'Isabelle', '42788423N', 'Ap #552-4133 Gravida Rd.', 'Móstoles', 'Madrid', '71504'),
(20, 'Sebastian', '95564492H', 'P.O. Box 163, 2064 Massa. St.', 'Lleida', 'Catalunya', '86850'),
(21, 'Hadassah', '53051049Z', 'Ap #253-4214 Accumsan Rd.', 'Castelló', 'Comunitat Valenciana', '03204'),
(22, 'Dieter', '57995091K', 'P.O. Box 888, 644 Pede. St.', 'Cádiz', 'Andalucía', '16967'),
(23, 'Rebecca', '43717308N', '3351 Rutrum Road', 'Bilbo', 'Euskadi', '76042'),
(24, 'Raphael', '08857677W', '541-6017 Euismod St.', 'Jaén', 'Andalucía', '15430'),
(25, 'Reece', '49919635E', '757-5384 Nec Street', 'Dos Hermanas', 'Andalucía', '35456'),
(26, 'Adam', '30742056H', '2459 Integer Av.', 'Marbella', 'Andalucía', '57133'),
(27, 'Wyatt', '33314229L', 'P.O. Box 617, 2439 Fermentum Rd.', 'Salamanca', 'Castilla y León', '90909'),
(28, 'Sydnee', '23391189K', 'Ap #438-3379 Dictum Ave', 'Dos Hermanas', 'Andalucía', '12566'),
(29, 'Kyla', '66611146X', 'Ap #279-2133 Ac, Rd.', 'Valladolid', 'Castilla y León', '31841'),
(30, 'Farrah', '73644300A', 'P.O. Box 823, 1643 Lectus. Road', 'Algeciras', 'Andalucía', '29233'),
(31, 'India', '30218437Q', 'P.O. Box 867, 1237 Vel St.', 'Jerez de la Frontera', 'Andalucía', '64021'),
(32, 'Ina', '41249625E', 'Ap #446-4951 Nunc Avenue', 'Murcia', 'Murcia', '61672'),
(33, 'Wing', '26302087E', '1726 Consequat, St.', 'Marbella', 'Andalucía', '03487'),
(34, 'Kelsey', '79966755O', 'Ap #406-3092 Ac Ave', 'Zaragoza', 'Aragón', '26285'),
(35, 'Seth', '56765106V', '6131 Diam. St.', 'Cáceres', 'Extremadura', '99488'),
(36, 'Steel', '32554005S', '3731 Augue, Rd.', 'Tarrasa', 'Catalunya', '58267'),
(37, 'Stella', '43961862B', 'P.O. Box 873, 8135 Curae; St.', 'Granada', 'Andalucía', '45740'),
(38, 'Jerry', '37868189A', '144-3905 Egestas Av.', 'Fuenlabrada', 'Madrid', '41731'),
(39, 'Valentine', '87663103K', '881-5129 Orci St.', 'Oviedo', 'Principado de Asturias', '70225'),
(40, 'Odessa', '17667018L', '151-5072 Maecenas Road', 'Sevilla', 'Andalucía', '93996'),
(41, 'Yasir', '22928745N', 'Ap #533-5704 Adipiscing Avenue', 'Dos Hermanas', 'Andalucía', '68521'),
(42, 'Sebastian', '50362325C', '202-3049 Eu St.', 'Palma de Mallorca', 'Illes Balears', '82901'),
(43, 'Celeste', '38934322A', 'Ap #213-1222 Molestie Avenue', 'Huelva', 'Andalucía', '49169'),
(44, 'Logan', '45989007V', 'Ap #427-6298 In Rd.', 'Fuenlabrada', 'Madrid', '04827'),
(45, 'Ruth', '63973559E', 'P.O. Box 390, 6681 Neque Rd.', 'Alcobendas', 'Madrid', '79962'),
(46, 'Amy', '28760019U', 'Ap #975-3844 Mauris Avenue', 'Fuenlabrada', 'Madrid', '68839'),
(47, 'Rana', '13197172D', '6806 Auctor, Ave', 'Valladolid', 'Castilla y León', '50089'),
(48, 'Merrill', '96783383B', 'P.O. Box 584, 4884 Posuere, St.', 'Segovia', 'Castilla y León', '53762'),
(49, 'Jermaine', '19363220G', '7739 Cras Rd.', 'Badalona', 'Catalunya', '48161'),
(50, 'Miriam', '93629102A', 'P.O. Box 133, 6810 Blandit St.', 'Bilbo', 'Euskadi', '67435'),
(51, 'Chandler', '39127450J', '237-8164 Vitae St.', 'Madrid', 'Madrid', '92843'),
(52, 'Eleanor', '99698372T', 'P.O. Box 501, 1931 Dolor Avenue', 'A Coruña', 'Galicia', '14778'),
(53, 'Justina', '77972385Z', 'P.O. Box 282, 7993 Quam Road', 'Oviedo', 'Principado de Asturias', '37411'),
(54, 'Nissim', '38758917Q', 'Ap #648-1350 At, Av.', 'Huelva', 'Andalucía', '65629'),
(55, 'Ila', '81712165G', '676-1888 Luctus Road', 'Vigo', 'Galicia', '16988'),
(56, 'Ryan', '92711910T', '923-5986 Ipsum Street', 'Algeciras', 'Andalucía', '13148'),
(57, 'Deirdre', '64472749S', 'P.O. Box 471, 7175 Semper St.', 'Bilbo', 'Euskadi', '56258'),
(58, 'Xantha', '68142976R', 'Ap #211-778 Sem Ave', 'Jerez de la Frontera', 'Andalucía', '70913'),
(59, 'Ima', '94491238N', '6870 Gravida Street', 'Badalona', 'Catalunya', '99268'),
(60, 'Zachary', '99281661Y', 'Ap #465-5233 Convallis Av.', 'Lugo', 'Galicia', '51091'),
(61, 'Kirby', '11696563O', '984-1973 Sed Av.', 'A Coruña', 'Galicia', '61598'),
(62, 'Jermaine', '51509175R', '874 Mauris Street', 'Badalona', 'Catalunya', '45314'),
(63, 'Caldwell', '32016769B', 'P.O. Box 568, 4052 Ipsum. St.', 'Huelva', 'Andalucía', '29756'),
(64, 'Harding', '52828266V', 'P.O. Box 381, 4778 Et St.', 'Dos Hermanas', 'Andalucía', '69976'),
(65, 'Yetta', '80896042O', '3150 Aenean Road', 'Torrevieja', 'Comunitat Valenciana', '04457'),
(66, 'Chase', '92395586Y', '703-1513 Quisque Rd.', 'Cádiz', 'Andalucía', '52248'),
(67, 'Emerson', '89002886N', 'Ap #614-6938 Non, Rd.', 'Pamplona', 'Navarra', '11857'),
(68, 'Paula', '10968612R', 'P.O. Box 977, 2011 Nunc Av.', 'Elx', 'Comunitat Valenciana', '42448'),
(69, 'Jacqueline', '51448248T', '803-6888 Eu, Street', 'Guadalajara', 'Castilla - La Mancha', '85046'),
(70, 'Berk', '52439254H', 'Ap #586-360 Risus St.', 'Santander', 'Cantabria', '97689'),
(71, 'Jenette', '70144582C', '845-8766 Aenean Road', 'Lleida', 'Catalunya', '43481'),
(72, 'Dane', '05439556I', 'Ap #444-4121 Etiam Avenue', 'Tarrasa', 'Catalunya', '67406'),
(73, 'Melyssa', '04193123R', 'P.O. Box 302, 3899 Mauris Rd.', 'Palma de Mallorca', 'Illes Balears', '22767'),
(74, 'Giacomo', '42001392N', 'P.O. Box 884, 3383 Dolor Rd.', 'Alcalá de Henares', 'Madrid', '39185'),
(75, 'Xaviera', '87594915N', '621-6838 Nonummy Ave', 'Sevilla', 'Andalucía', '10119'),
(76, 'Sara', '09152181R', '575-7335 Ut Ave', 'Getafe', 'Madrid', '23139'),
(77, 'Lucas', '14690841E', '991-4423 Mattis Road', 'Almería', 'Andalucía', '46377'),
(78, 'Ulla', '99300404M', '2063 Tempor Rd.', 'Jerez de la Frontera', 'Andalucía', '44378'),
(79, 'Brenda', '87996158B', 'P.O. Box 673, 7626 Sapien. Ave', 'Palma de Mallorca', 'Illes Balears', '29511'),
(80, 'Aileen', '29608368Y', '3501 Rutrum, Road', 'Girona', 'Catalunya', '75339'),
(81, 'Mary', '44311316V', '400-2326 Lobortis Av.', 'Córdoba', 'Andalucía', '03587'),
(82, 'Kimberly', '45027854F', '2178 At, Rd.', 'Santa Coloma de Gramenet', 'Catalunya', '47928'),
(83, 'Jaime', '61596958N', 'Ap #233-3046 Lacinia St.', 'Marbella', 'Andalucía', '54051'),
(84, 'Wanda', '24821892T', 'Ap #154-6007 Ornare Rd.', 'Jaén', 'Andalucía', '99640'),
(85, 'Rashad', '47116381O', '719-5439 Vivamus Street', 'Donosti', 'Euskadi', '90245'),
(86, 'Destiny', '72278996N', '523-7895 Sem Avenue', 'Dos Hermanas', 'Andalucía', '05864'),
(87, 'Colt', '79482425H', 'Ap #999-6158 Nec St.', 'Alcobendas', 'Madrid', '14800'),
(88, 'Harlan', '01922446C', 'Ap #370-2692 Velit. Road', 'Guadalajara', 'Castilla - La Mancha', '34425'),
(89, 'Brendan', '42119050T', '6693 Feugiat Ave', 'Donosti', 'Euskadi', '73552'),
(90, 'Rahim', '99152193O', '311-6448 Ante Av.', 'Pamplona', 'Navarra', '07226'),
(91, 'Hermione', '92091798Z', 'Ap #670-2916 Orci. Ave', 'Huesca', 'Aragón', '70300'),
(92, 'Mariko', '30870424U', '1176 A, Rd.', 'Algeciras', 'Andalucía', '51326'),
(93, 'Cody', '18688178Z', '395-1354 Nibh Avenue', 'Guadalajara', 'Castilla - La Mancha', '79124'),
(94, 'Brent', '51876884X', '614-1881 Erat, Ave', 'Getafe', 'Madrid', '00627'),
(95, 'Buckminster', '00171919J', '2189 Aenean St.', 'Córdoba', 'Andalucía', '16405'),
(96, 'Nicholas', '49285978H', '1981 Proin St.', 'Alcobendas', 'Madrid', '85095'),
(97, 'Tana', '12823075Z', 'P.O. Box 855, 7789 A, Road', 'Valladolid', 'Castilla y León', '79604'),
(98, 'Susan', '52890308I', '2243 Sagittis Avenue', 'Torrejón de Ardoz', 'Madrid', '35215'),
(99, 'Germaine', '51983650R', 'P.O. Box 998, 2156 Sem Ave', 'Dos Hermanas', 'Andalucía', '96383'),
(100, 'Caesar', '68186660T', 'Ap #870-601 Ante. Av.', 'Badalona', 'Catalunya', '02622');

-- 
-- Dumping data for table reserva
--
INSERT INTO reserva VALUES
(1, 4, 24, 8, '2016-04-18', '2025-08-19'),
(2, 61, 20, 6, '2008-10-18', '2022-11-19'),
(3, 38, 41, 5, '2023-09-18', '2011-06-18'),
(4, 6, 87, 3, '2015-07-18', '2004-11-18'),
(5, 64, 10, 1, '2023-05-18', '2001-06-18'),
(6, 91, 60, 9, '2025-02-18', '2024-01-18'),
(7, 34, 56, 4, '2024-05-18', '2019-09-19'),
(8, 56, 98, 6, '2015-02-18', '2015-11-19'),
(9, 52, 21, 8, '2025-09-18', '2031-05-19'),
(10, 88, 18, 5, '2004-03-18', '2020-11-18'),
(11, 5, 12, 6, '2010-08-18', '2005-05-19'),
(12, 85, 73, 1, '2018-12-18', '2022-12-19'),
(13, 25, 81, 10, '2014-03-18', '2020-05-18'),
(14, 59, 63, 3, '2012-05-18', '2013-01-19'),
(15, 69, 7, 7, '2018-07-18', '2018-02-18'),
(16, 35, 90, 7, '2021-12-18', '2021-01-19'),
(17, 22, 16, 1, '2003-09-18', '2019-12-18'),
(18, 3, 23, 7, '2012-01-18', '2025-01-18'),
(19, 60, 60, 7, '2013-10-18', '2016-06-18'),
(20, 32, 83, 10, '2007-01-18', '2030-05-19'),
(21, 72, 83, 8, '2010-12-18', '2017-10-18'),
(22, 94, 34, 10, '2025-07-18', '2020-02-19'),
(23, 15, 67, 10, '2013-04-18', '2004-11-19'),
(24, 85, 57, 10, '2004-10-18', '2005-07-19'),
(25, 44, 12, 7, '2001-12-18', '2001-07-18'),
(26, 78, 44, 10, '2006-10-18', '2009-11-18'),
(27, 24, 75, 1, '2017-05-18', '2019-10-19'),
(28, 7, 34, 8, '2027-02-18', '2001-01-20'),
(29, 100, 40, 4, '2004-08-18', '2020-12-19'),
(30, 73, 45, 7, '2019-04-18', '2019-12-19'),
(31, 39, 9, 2, '2015-02-18', '2031-10-19'),
(32, 45, 37, 6, '2021-03-18', '2012-12-18'),
(33, 10, 57, 1, '2016-07-18', '2014-07-19'),
(34, 75, 27, 4, '2003-12-18', '2029-03-18'),
(35, 19, 80, 4, '2025-01-18', '2017-01-19'),
(36, 17, 24, 9, '2030-03-18', '2006-09-19'),
(37, 46, 8, 2, '2021-08-18', '2021-08-19'),
(38, 48, 12, 7, '2007-12-18', '2017-08-18'),
(39, 14, 64, 3, '2008-04-18', '2002-08-18'),
(40, 94, 10, 6, '2018-12-18', '2008-04-18'),
(41, 80, 14, 10, '2022-12-18', '2003-02-19'),
(42, 75, 27, 1, '2029-05-18', '2006-12-18'),
(43, 24, 35, 8, '2006-12-18', '2026-02-19'),
(44, 60, 75, 5, '2005-11-18', '2018-02-19'),
(45, 81, 86, 7, '2007-10-18', '2014-06-18'),
(46, 68, 13, 10, '2003-05-18', '2016-12-19'),
(47, 37, 10, 3, '2027-09-18', '2029-06-19'),
(48, 28, 8, 3, '2013-05-18', '2011-10-18'),
(49, 19, 96, 7, '2023-11-18', '2030-03-18'),
(50, 24, 80, 7, '2012-09-18', '2013-11-18'),
(51, 72, 17, 9, '2012-11-18', '2031-08-18'),
(52, 32, 43, 3, '2010-06-18', '2031-03-19'),
(53, 4, 21, 7, '2005-01-18', '2001-12-18'),
(54, 80, 24, 4, '2008-02-18', '2008-02-19'),
(55, 24, 16, 5, '2022-07-18', '2018-01-19'),
(56, 27, 1, 10, '2020-06-18', '2025-01-19'),
(57, 67, 72, 8, '2008-03-18', '2012-09-18'),
(58, 6, 69, 10, '2002-08-18', '2013-04-19'),
(59, 49, 40, 1, '2019-12-18', '2024-04-19'),
(60, 3, 83, 3, '2016-09-18', '2004-08-19'),
(61, 17, 25, 3, '2021-02-18', '2022-05-18'),
(62, 66, 31, 2, '2017-07-18', '2010-03-18'),
(63, 45, 21, 8, '2019-06-18', '2004-12-19'),
(64, 100, 18, 4, '2007-01-18', '2017-11-19'),
(65, 48, 49, 3, '2023-10-18', '2013-10-19'),
(66, 73, 61, 8, '2003-01-18', '2004-09-18'),
(67, 36, 48, 2, '2014-02-18', '2004-04-18'),
(68, 24, 13, 7, '2031-05-18', '2022-12-18'),
(69, 48, 79, 3, '2020-12-18', '2007-10-18'),
(70, 29, 9, 10, '2024-01-18', '2007-08-18'),
(71, 83, 69, 8, '2016-11-18', '2015-01-19'),
(72, 46, 92, 4, '2001-08-18', '2003-12-18'),
(73, 21, 48, 7, '2015-06-18', '2031-05-18'),
(74, 87, 79, 2, '2025-09-18', '2019-02-19'),
(75, 100, 77, 1, '2004-05-18', '2022-12-18'),
(76, 56, 32, 7, '2027-01-18', '2017-05-18'),
(77, 59, 68, 1, '2015-04-18', '2012-09-19'),
(78, 83, 39, 1, '2025-06-18', '2024-02-18'),
(79, 52, 81, 4, '2005-10-18', '2024-10-19'),
(80, 68, 57, 6, '2001-10-18', '2004-11-19'),
(81, 33, 48, 8, '2003-06-18', '2030-10-19'),
(82, 12, 71, 9, '2017-09-18', '2001-10-18'),
(83, 35, 6, 4, '2012-10-18', '2028-04-19'),
(84, 35, 99, 4, '2031-07-18', '2018-12-19'),
(85, 33, 66, 5, '2023-10-18', '2003-06-18'),
(86, 4, 59, 2, '2018-11-18', '2002-12-18'),
(87, 21, 82, 3, '2030-12-18', '2017-11-18'),
(88, 75, 1, 6, '2015-11-18', '2013-10-18'),
(89, 15, 10, 8, '2025-09-18', '2029-01-19'),
(90, 10, 9, 7, '2015-06-18', '2010-07-18'),
(91, 31, 51, 5, '2003-03-18', '2015-11-19'),
(92, 19, 59, 5, '2021-01-18', '2017-05-18'),
(93, 16, 15, 5, '2029-07-18', '2011-09-18'),
(94, 78, 91, 3, '2018-03-18', '2010-09-18'),
(95, 99, 56, 8, '2003-02-18', '2022-10-19'),
(96, 22, 53, 4, '2002-11-18', '2014-10-18'),
(97, 4, 88, 2, '2003-06-18', '2001-09-19'),
(98, 51, 82, 8, '2016-02-18', '2012-11-19'),
(99, 15, 79, 9, '2007-04-18', '2013-04-19'),
(100, 6, 55, 6, '2023-08-18', '2027-06-18');

-- 
-- Restore previous SQL mode
-- 
/*!40101 SET SQL_MODE=@OLD_SQL_MODE */;

-- 
-- Enable foreign keys
-- 
/*!40014 SET FOREIGN_KEY_CHECKS = @OLD_FOREIGN_KEY_CHECKS */;